neighborhood_name,metro,display_metro,city,current_price,predicted_price,predicted_1yr_appreciation
Alief,houston,houston,Houston,209732.86020348943,209912.2780477949,0.08554589115478017
Southeast,dfw,fort_worth,Arlington,307227.84389095823,302619.0729529188,-1.5001149894718397
East,dfw,fort_worth,Arlington,243394.30113582787,243467.64656060937,0.03013440513570789
Alafaya,orlando,orlando,Orlando,449307.86133922497,448964.38625286217,-0.07644537652624729
West,dfw,fort_worth,Arlington,309179.67270026245,308029.6338818325,-0.37196456299534875
Kendall,south_florida,miami,Miami,504589.9805245668,507173.34696998715,0.5119733932756108
Sharpstown,houston,houston,Houston,201132.81386506048,197174.45131109646,-1.9680341948677134
Eldridge - West Oaks,houston,houston,Houston,326721.3329512296,327173.9095462522,0.13852067477032215
Central Southwest,houston,houston,Houston,208618.27200405803,205362.25883658484,-1.5607516715553376
Kingwood,houston,houston,Houston,329630.9960701527,335194.14796365926,1.6876907693239573
South Belt - Ellington,houston,houston,Houston,245185.87879572003,243952.79243435364,-0.5029189965682098
Clear Lake,houston,houston,Houston,316861.4062859819,317976.0148227969,0.35176531906478153
Greater Fondren Southwest,houston,houston,Houston,233252.9208624491,232694.3822875264,-0.23945619752907088
Northside-Northline,houston,houston,Houston,192276.56120448516,188684.25903571467,-1.8682995713398962
Flagami,south_florida,miami,Miami,437084.9044568686,443315.88258550334,1.4255761443826331
Greater Uptown,houston,houston,Houston,397848.4370316495,411408.2643551358,3.408289705661848
Woodlake - Briarmeadow,houston,houston,Houston,245345.0750985915,250634.40375363347,2.155873172883723
Kendale Lakes,south_florida,miami,Miami,428002.546460316,414326.4107338187,-3.1953398033731824
Little Havana,south_florida,miami,Miami,386726.0526315726,388994.8888393334,0.5866778802001921
Golfcrest - Bellfort - Reveille,houston,houston,Houston,191909.3481372516,193010.1790575614,0.5736202696715509
Southwest,dfw,fort_worth,Arlington,343029.58355744596,345259.26736403396,0.6499975260048096
Memorial,houston,houston,Houston,699632.5652826343,736805.846970283,5.313257777335097
Greater Heights,houston,houston,Houston,599192.0506258361,619569.1538318872,3.400763275275071
Gulfton,houston,houston,Houston,188774.7560639011,199532.34661717637,5.698638301846772
Greater Greenspoint,houston,houston,Houston,190496.2524601249,191954.19976108783,0.7653417230704367
Alameda - West Flagler,south_florida,miami,Miami,546646.8869430673,534475.7113434649,-2.2265151216108574
North,dfw,fort_worth,Arlington,400859.5499910326,406072.76538835675,1.3005092176151978
Oak Forest - Garden Oaks,houston,houston,Houston,458256.3555584928,525649.0798893077,14.706337078223623
Allapattah,south_florida,miami,Miami,393718.9752655838,391190.2853851579,-0.6422575591435834
Briarforest Area,houston,houston,Houston,385031.9743736836,385323.9271392746,0.07582558982689296
Coral Way,south_florida,miami,Miami,674729.8551912567,668159.2943567582,-0.9738061512982886
Greater Inwood,houston,houston,Houston,206700.909753154,203547.07295709697,-1.5257972496702612
Mission Bend,houston,houston,Houston,252875.48885278575,249948.9778380856,-1.1572932702876035
Kendall West,south_florida,miami,Miami,344015.0320194355,327676.5792136776,-4.749342698732657
Brickell,south_florida,miami,Miami,591800.3504588829,584932.5578819779,-1.1604914683777552
Meadow Woods,orlando,orlando,Orlando,399944.40229734365,404500.11172959016,1.1390856844295856
Central,south_florida,miami,North Miami,408130.1825154824,417792.27080527245,2.3674035157699955
Addicks Park Ten,houston,houston,Houston,299878.10712622036,297521.8560143219,-0.7857362894806775
Washington Avenue Coalition - Memorial Park,houston,houston,Houston,493355.9142846195,494706.8435198982,0.2738244736029108
Princeton,south_florida,miami,Homestead,466832.8770152524,457918.45682669105,-1.9095527816199886
Buena Ventura Lakes,orlando,orlando,Kissimmee,334473.5677167166,336218.9765931109,0.5218376113572448
South Miami Heights,south_florida,miami,Miami,529955.1696480792,522097.880373397,-1.4826328196590417
Richmond West,south_florida,miami,Miami,622219.7451411161,607949.2153061456,-2.293487139617211
Fruit Cove,jacksonville,jacksonville,Saint Johns,533763.0071274125,539284.8737848438,1.0345165520459627
Neartown - Montrose,houston,houston,Houston,592923.8982954961,617900.1263870974,4.212383437976023
Spring Branch West,houston,houston,Houston,384959.31483655167,416628.96610579453,8.226752814823914
Little Haiti,south_florida,miami,Miami,578428.480968296,580583.4935613114,0.37256336157720493
Stonebridge Ranch,dfw,dallas,McKinney,584345.8881748613,600463.185717479,2.758177625405772
Valley Ranch,dfw,dallas,Irving,518594.42542452615,541690.0027149597,4.453495093304804
Northwest,dfw,dallas,Irving,336270.4227175973,341247.9595546244,1.480218449425537
Northshore,houston,houston,Houston,175560.1200688621,175635.20742971753,0.042770169458742874
Westchester,south_florida,miami,Miami,672756.8901591662,669943.2617837131,-0.41822364313316646
Acres Home,houston,houston,Houston,213213.0312984779,212111.5094752562,-0.5166296902742664
Spring Branch East,houston,houston,Houston,492985.93080605776,538844.5332954288,9.302213232412104
North Austin,austin,austin,Austin,353118.5570580682,346218.84885108384,-1.953935319759979
Cottonwood,dfw,dallas,Irving,483390.422455948,510152.53091995744,5.536334031617741
Greenway - Upper Kirby Area,houston,houston,Houston,513432.50462156744,550157.7866923257,7.152893854631811
Spring Branch Central,houston,houston,Houston,359567.51367436955,373839.9856193956,3.9693441154284774
Liberty City,south_florida,miami,Miami,407884.0669868162,414645.2726894088,1.65762927503887
Leisure City,south_florida,miami,Homestead,452959.17867477593,421845.8224508106,-6.868909537277465
Coral Terrace,south_florida,miami,Miami,664881.0630630547,660515.4023907521,-0.6566077626260456
Greater Hobby Area,houston,houston,Houston,233607.0431527807,230781.8680985948,-1.209370666250941
Meadowbrook - Allendale,houston,houston,Houston,179492.91146281103,179717.61215511625,0.12518638784896
Disston Heights,tampa,tampa,Saint Petersburg,349279.5407640702,340003.723986349,-2.655700003907974
Freeport/Hackberry,dfw,dallas,Irving,727906.5207503075,745585.3953674334,2.428728705288012
Central,dfw,fort_worth,Arlington,260770.63014462983,259096.30536010035,-0.6420680057416208
Sunnyside,houston,houston,Houston,170738.36609758614,172131.82793839325,0.8161386761840469
Westridge,dfw,dallas,McKinney,465562.16220769513,449705.1778338724,-3.405986495687053
Northside Village,houston,houston,Houston,256074.02129047335,248626.45785845324,-2.908363524924727
People Active in Community Effort,san_antonio,san_antonio,San Antonio,174301.5131922767,176839.42888148155,1.4560491430761162
Lake Houston,houston,houston,Houston,351442.0775234176,352267.4447085708,0.23485155533152885
Flamingo Lummus,south_florida,miami,Miami Beach,320693.0957213211,334174.10146670375,4.203709379854401
Braeswood Place,houston,houston,Houston,562853.9808229523,595590.9573181297,5.816246772797525
Metro West,orlando,orlando,Orlando,223974.2710346476,216768.6168798827,-3.2171794204211164
South Acres - Crestmont Park,houston,houston,Houston,191242.5835469917,190928.10452745785,-0.16443985105261336
Edgebrook Area,houston,houston,Houston,201831.7054010697,198462.27313865058,-1.6694266422233057
Sandalwood,jacksonville,jacksonville,Jacksonville,337781.6855287002,337986.4650327007,0.06062480968439033
Westbury,houston,houston,Houston,297166.3988643452,295479.9737780165,-0.5675019426064201
Spring Branch North,houston,houston,Houston,371268.96846020874,373174.11330241786,0.5131441095415187
Downtown,south_florida,miami,Miami,517025.2923040581,516251.9957954687,-0.1495664757798041
West and East Lealman,tampa,tampa,Saint Petersburg,263878.20861443505,249644.8075667851,-5.3939281770883305
Lake Worth Corridor,south_florida,miami,Lake Worth Beach,375596.7678536759,370715.74097430205,-1.299539106064768
Sterling Ridge,houston,houston,Spring,670242.8255383588,702716.5221607141,4.845064413225393
Shadow Creek Ranch,houston,houston,Pearland,416563.88126269606,428265.8517219746,2.809165889228641
Fairbanks - Northwest Crossing,houston,houston,Houston,256433.80578747412,252421.48920302157,-1.5646597655606518
Far Greater Northside,dfw,fort_worth,Fort Worth,184242.74325878688,189824.3931455842,3.0295086732167014
Beach Haven,jacksonville,jacksonville,Jacksonville,416369.64868081984,418964.6705992132,0.6232495395894405
Macgregor,houston,houston,Houston,374412.79993913,384651.70378457033,2.734656466633857
Sandalfoot Cove,south_florida,miami,Boca Raton,347191.4023326134,336732.1751244251,-3.012524831524562
Alden Bridge,houston,houston,Spring,491549.3511019298,516147.1366191779,5.004133453152986
Tampa Palms,tampa,tampa,Tampa,466850.53395170294,466964.7510711641,0.024465457604676184
Meyerland Area,houston,houston,Houston,458651.01928848977,501887.1750724406,9.42680904776436
Town East,dfw,dallas,Mesquite,236473.9485406337,233336.83388423166,-1.3266216747182094
West Oak Hill,austin,austin,Austin,588798.4841278209,601322.6165871448,2.127066016121913
Golden Glades - The Woods,jacksonville,jacksonville,Jacksonville,453567.1639871279,465362.25965397415,2.6005179835242664
Irving Heights,dfw,dallas,Irving,271571.48772035533,261528.83847088623,-3.697976298531861
Hollywood Hills,south_florida,fort_lauderdale,Hollywood,597052.2873585342,575955.7931994528,-3.5334416441843013
Summerfields,dfw,fort_worth,Fort Worth,269191.20980775217,271809.60916700016,0.9726912558244285
Ventana Lakes,houston,houston,Katy,352088.354576882,356919.12121083826,1.372032494446345
King Crossing,houston,houston,Katy,337765.77602902806,336692.9206553616,-0.31763294265024783
Katy Manor,houston,houston,Katy,299948.1800078218,294603.4424740209,-1.7818869691629962
Downtown,houston,houston,Houston,350669.404004046,344149.545414055,-1.8592607497390248
Wynwood - Edgewater,south_florida,miami,Miami,561153.1551886653,540826.3085626558,-3.622334907691173
Wedgwood,dfw,fort_worth,Fort Worth,284485.5989362004,282059.59147301386,-0.852769866825694
Chimney Lakes,jacksonville,jacksonville,Jacksonville,302868.29532629135,301408.92162381025,-0.4818509315769946
Del Rio,jacksonville,jacksonville,Jacksonville,331270.8668096093,331414.47548858065,0.04335083261453685
East Arlington,jacksonville,jacksonville,Jacksonville,379079.27441668784,384729.4713984608,1.4905053805611646
Hollywood Lakes,south_florida,fort_lauderdale,Hollywood,578946.3271631894,559988.7982451672,-3.2744881569442197
Jollyville,austin,austin,Austin,434343.20640301326,441900.3310609635,1.739897055265147
Braeburn,houston,houston,Houston,217273.71026749045,226840.16667380236,4.402951647732458
Glenvar Heights,south_florida,miami,Miami,452281.92367473006,443294.69835174276,-1.9870847921507233
Egypt Lake,tampa,tampa,Egypt Lake-Leto,336751.2797848521,342889.3862165244,1.8227418276164777
Hunters Creek,orlando,orlando,Orlando,470604.9773874719,485223.8645267822,3.1064030007642405
Aldine,houston,houston,Houston,201850.353393649,209422.5003334284,3.75136669937465
Grogan's Mill,houston,houston,Spring,431411.4099817982,449949.6838954848,4.297121838865765
Vance Jackson,san_antonio,san_antonio,San Antonio,282700.0315498279,281346.6797922929,-0.4787235962145532
Palmetto Estates,south_florida,miami,Miami,571919.6926692342,566391.7010412773,-0.9665678064269854
Country Walk,south_florida,miami,Miami,634151.1343853573,611568.3885338325,-3.5610983923276884
MacArthur,dfw,dallas,Irving,277629.5338708084,276234.80903704156,-0.5023690434951463
Old Seminole Heights,tampa,tampa,Tampa,355506.6366986842,353851.9532041993,-0.46544377057222774
Greater Third Ward,houston,houston,Houston,281272.3943087526,252320.62230705126,-10.0
New Territory,houston,houston,Sugar Land,428624.0357364544,440619.68379079597,2.7986410126839565
Fairfield,houston,houston,Cypress,397887.7378601664,406678.48511139856,2.2093536479683054
Windsor Park,austin,austin,Austin,437638.2988531631,471830.8500931873,7.812970512321761
Gandy-Sun Bay South,tampa,tampa,Tampa,389999.2407106604,384742.120767171,-1.3479820970701901
East Oak Hill,austin,austin,Austin,668578.37750023,660228.0838356125,-1.2489625667881536
Craig Ranch,dfw,dallas,McKinney,534913.0498978869,533432.3390086555,-0.2768133792051019
Greater Pinellas Point,tampa,tampa,Saint Petersburg,374845.90655906807,373020.74385137635,-0.4869101344725803
Villages of Palm Beach Lakes,south_florida,miami,West Palm Beach,265629.5256937275,249312.11302331623,-6.142921283993609
Villages of Woodland Springs,dfw,fort_worth,Fort Worth,386319.13182660704,386958.8339986208,0.16558904783956602
Three Lakes,south_florida,miami,Miami,510147.7465966747,512716.3674837334,0.5035052892411254
Casa View Heights,dfw,dallas,Mesquite,220593.99095730993,215231.6048078415,-2.4308849602826084
Azalea Park,orlando,orlando,Orlando,316148.38053347584,317617.2227077196,0.4646053134180877
Lockhart,orlando,orlando,Orlando,299423.7904060586,296575.88917931926,-0.9511272377112076
Boulevard Heights,south_florida,fort_lauderdale,Hollywood,463755.01020801725,451576.5743172729,-2.626049449100655
West University,austin,austin,Austin,306793.1846614753,312768.85311144637,1.9477839628558886
Diamond Hill - Jarvis,dfw,fort_worth,Fort Worth,174851.00051067068,181799.8608394985,3.974161033412983
Century Village,south_florida,miami,Pembroke Pines,173069.92989609754,150095.31830392889,-10.0
Windy Hill,jacksonville,jacksonville,Jacksonville,205846.4858676264,195237.63783758937,-5.153766888621683
Alamo Farmsteads-Babcock Road,san_antonio,san_antonio,San Antonio,266063.49651936,276218.70890522754,3.816837904755043
Pecan Park,houston,houston,Houston,170147.7998489552,170284.3461344265,0.08025157280465142
Sunset,south_florida,miami,Miami,767655.3405899269,781267.1592343258,1.7731679732649848
Bear Creek,dfw,dallas,Irving,354263.8038680375,361569.24920103187,2.0621483914613123
Pleasant Valley,austin,austin,Austin,246843.23306209015,227185.92407901675,-7.963478981872214
Las Colinas,dfw,dallas,Irving,524707.121593193,554371.8055139239,5.653569905942682
Iah - Airport Area,houston,houston,Houston,206194.00112197132,206525.00053677085,0.1605281497029261
Cochran's Crossing,houston,houston,Spring,624071.768656409,691694.4899897756,10.835728313580738
Lazy Brook - Timbergrove,houston,houston,Houston,547127.396240516,561458.8734740744,2.619404060559662
Baymeadows,jacksonville,jacksonville,Jacksonville,195652.800717906,181784.6634506522,-7.08813633966273
Creek Crossing,dfw,dallas,Mesquite,300200.906510738,297090.79539486626,-1.0360099015092439
Franklin Park,austin,austin,Austin,269293.30468222464,277561.46937816264,3.0703194443303072
Bluffview,dfw,dallas,Dallas,937954.1249878202,970193.6952618477,3.4372225053593297
Dellview Area,san_antonio,san_antonio,San Antonio,178216.11795231004,179448.97526542563,0.691776550449547
Willow Meadows - Willowbend Area,houston,houston,Houston,338915.71012633195,339393.21925428,0.1408931818976561
Driftwood,south_florida,fort_lauderdale,Hollywood,466305.8072804243,456306.6480908379,-2.1443351194580287
Terrace Park,tampa,tampa,Tampa,288797.0826332565,295911.7052858575,2.463536884697636
Plymouth Park,dfw,dallas,Irving,284378.80288581614,299120.40903989726,5.183792182991985
North Shore,south_florida,miami,Miami Beach,375821.2647212514,373860.6212927284,-0.521695713513496
Jacksonville Heights,jacksonville,jacksonville,Jacksonville,220040.0972861772,218842.04258055464,-0.5444710852242516
Lawndale - Wayside,houston,houston,Houston,243708.4630563941,246911.95796414162,1.3144783187140403
Palm Springs Estates,south_florida,miami,Hialeah,629641.9800873733,616464.5799939439,-2.0928401393440743
Deerwood,jacksonville,jacksonville,Jacksonville,278000.36069696496,273198.3320265597,-1.7273462014100534
Silverlake,houston,houston,Pearland,389161.5542209544,399357.99059756636,2.620103724537676
Great Northwest,san_antonio,san_antonio,San Antonio,226247.12457282803,226842.71282092857,0.26324677019655196
Panther Creek,houston,houston,Spring,430268.2065404479,449481.1748958591,4.4653469773870125
Independence Heights,houston,houston,Houston,252790.0124988935,247739.20177962258,-1.9980262152536727
Eagle Springs,houston,houston,Atascocita,357418.81730528665,363303.27556225174,1.6463761760867026
Overtown,south_florida,miami,Miami,315009.2294747457,309687.7558390447,-1.6893072131804379
Downtown,austin,austin,Austin,632269.7635215743,615852.544677744,-2.5965528941935707
Grand Mission,houston,houston,Richmond,373847.0615996483,373494.3122457044,-0.09435659395971786
Stone Oak,san_antonio,san_antonio,San Antonio,433487.1380109205,445014.3119565741,2.6591732337311487
North Central,south_florida,fort_lauderdale,Hollywood,350184.6049266178,340333.13422320434,-2.8132221019475945
Lowry Park Central,tampa,tampa,Tampa,317961.34179041366,319564.6220635669,0.5042374850116297
Gulfgate Riverview - Pine Valley,houston,houston,Houston,177306.01108785998,181036.66068710838,2.104073954604821
Naranja,south_florida,miami,Homestead,379307.4854562899,352487.07728995866,-7.070888182991562
Mandarin Station - Losco,jacksonville,jacksonville,Jacksonville,343567.2732402992,337840.2536838444,-1.666928139703567
North Beach,jacksonville,jacksonville,Jacksonville,323644.29530062614,319968.48260171735,-1.1357569876195124
Riverside,austin,austin,Austin,440361.90299750265,443939.8804400276,0.8125083977905484
Heritage,san_antonio,san_antonio,San Antonio,198955.63180759217,199344.8151773289,0.19561314560480256
Love Field Area,dfw,dallas,Dallas,278957.2092904165,276341.5303401736,-0.9376631480134296
Wells Branch,austin,austin,Austin,383838.3822807209,382529.69743612595,-0.34094684247545193
Panther Creek,dfw,dallas,Frisco,567337.3467742048,565802.6864342613,-0.2705022591354741
Midtown,houston,houston,Houston,344594.5213008117,344397.92543064116,-0.05705136269388057
Palm Aire,south_florida,fort_lauderdale,Pompano Beach,228989.1926100723,195018.33376507327,-10.0
Baylor,waco,waco,Waco,213121.41400086455,201550.91370143532,-5.42906509590927
Greenland,jacksonville,jacksonville,Jacksonville,403070.67802810995,409269.380880906,1.5378699545005778
College Park,orlando,orlando,Orlando,516662.7408144511,529494.3070839937,2.483547826443856
Park Glen,dfw,fort_worth,Fort Worth,351542.43961702724,348310.0253099805,-0.9194947587461003
Bonaventure,south_florida,miami,Weston,353402.69325989735,356988.12619167916,1.0145460122866201
Sterling Green,houston,houston,Channelview,210784.57713898647,216356.712785617,2.643521514838539
Meadow Pointe,tampa,tampa,Wesley Chapel,363535.030898948,370761.141696509,1.9877343813860935
Millenia,orlando,orlando,Orlando,255173.6868981635,262399.19492571766,2.831603883372887
Rosemont,orlando,orlando,Orlando,219451.15731706712,199212.57373426677,-9.222363568381308
Canyon Lakes West,houston,houston,Cypress,367234.121770707,380542.0291142839,3.623821032590774
Old Katy,houston,houston,Katy,322550.0094072725,333196.87314229214,3.3008412415131008
Leto,tampa,tampa,Egypt Lake-Leto,357535.0308965983,364614.3384714164,1.9800318746571919
Lantana,south_florida,miami,Lake Worth Beach,361370.00910930865,351925.2022749106,-2.6136111454509683
Aliana,houston,houston,Richmond,576170.7773392919,571294.8594131697,-0.8462626217592603
Villages of Northpointe,houston,houston,Tomball,380310.4930594534,387480.529980225,1.8853113578569503
West Perrine,south_florida,miami,Miami,502755.71152593475,496003.5018434325,-1.3430398755706519
The Trails,dfw,dallas,Frisco,664010.9820518348,663260.7536637244,-0.1129843343542537
Goldenrod,orlando,orlando,Winter Park,370526.91663700173,368772.3979645304,-0.4735198965829009
Second Ward,houston,houston,Houston,280476.5804950081,264504.8970095367,-5.694480251179358
Cypress Lakes,houston,houston,Cypress,339626.6269256216,343073.6608071067,1.0149480659653976
Garrison Park,austin,austin,Austin,400607.8507815807,400321.3425335061,-0.07151838075954993
Cypress Springs,houston,houston,Cypress,245359.38500589743,243125.7284730552,-0.910361155652775
Near East,dfw,dallas,Dallas,639335.2547854836,663869.1700989001,3.8374100489184477
Union Park,orlando,orlando,Orlando,352912.9299318227,350729.47607079474,-0.6186947759181749
441 Corridor,south_florida,fort_lauderdale,Hollywood,394529.57689372817,396795.9091492095,0.5744391265478689
Ledgends Ranch,houston,houston,Spring,323222.261000972,319657.8876358019,-1.1027623388722507
Engelwood Park,orlando,orlando,Orlando,253701.55125995513,250087.07228656593,-1.4246972300479244
Allandale,austin,austin,Austin,756816.6736183899,736363.9899330762,-2.7024620886757242
Oceanfront,south_florida,miami,Miami Beach,577772.7868469713,564379.2685358343,-2.318128962810494
Sans Pareil,jacksonville,jacksonville,Jacksonville,393157.1426820606,400161.858674449,1.7816580781422982
Shenandoah,south_florida,miami,Miami,815342.2760538632,795318.1972669469,-2.455910772078437
West Meadowbrook,dfw,fort_worth,Fort Worth,188468.69650665295,190820.00522402953,1.2475858118398884
Running Bear,dfw,dallas,Irving,303217.6038016971,303428.8977411196,0.06968392889243669
Shearer Hills - Ridgeview,san_antonio,san_antonio,San Antonio,227468.65556764152,215083.35290436656,-5.444839260322608
Quail Valley,houston,houston,Missouri City,278485.6938350645,281738.6005208762,1.168069584119557
North Side,dfw,fort_worth,Fort Worth,181657.50061184133,186102.88505569365,2.4471240817911766
Northwest Crossing,san_antonio,san_antonio,San Antonio,240308.94722498345,248603.77642448735,3.4517354827151197
Cypress Creek Lakes,houston,houston,Cypress,561089.491734484,582592.2596188139,3.8323241124796055
Mirabella,houston,houston,Cypress,425694.0188367401,439665.342314643,3.282010754128336
Greater Eastwood,houston,houston,Houston,296160.3213580463,290937.9157422047,-1.7633711335449072
Greatwood,houston,houston,Sugar Land,467272.0091996968,495578.0561313408,6.05772363299144
Handley,dfw,fort_worth,Fort Worth,218050.82890530908,215927.14600255477,-0.9739393853331995
Goulds,south_florida,miami,Miami,532197.4064513381,504953.540502006,-5.119127906126528
Hyde Park,jacksonville,jacksonville,Jacksonville,195779.54484616403,188563.65072078817,-3.6857242318373133
Norwood,south_florida,miami,Miami Gardens,473674.3786893599,466422.7830621039,-1.530924186214352
Sun City,austin,austin,Georgetown,389048.0928484269,386534.5120611797,-0.6460848500358829
Islands of Doral,south_florida,miami,Doral,573393.3301661172,559358.0679207131,-2.4477547099018273
Montopolis,austin,austin,Austin,316500.05007051106,304159.77737023414,-3.8989796992220738
North Burnet,austin,austin,Austin,209844.71525931943,193835.19086940383,-7.629224481603715
Oceanway,jacksonville,jacksonville,Jacksonville,328638.362737226,334206.685279184,1.6943616976361198
Highland Garden,south_florida,fort_lauderdale,Hollywood,392626.5613118395,388971.4644486572,-0.9309346904524113
Richmond Heights,south_florida,miami,Miami,487646.3534204934,514000.2348384828,5.404301956353326
Oak Park - Northwood,san_antonio,san_antonio,San Antonio,451036.4767091847,452385.91063275933,0.29918509771543517
Brentwood,austin,austin,Austin,589838.6410133202,594059.9693823946,0.7156751144384682
Woodhaven,dfw,fort_worth,Fort Worth,335167.11026675807,340368.9057889539,1.5520005880218153
New Tampa,tampa,tampa,Tampa,470660.6802038087,465094.56307571684,-1.1826178311053275
Murray Hill,jacksonville,jacksonville,Jacksonville,231595.4089169832,223447.6974510024,-3.5180798721711257
Water Catchment Area,south_florida,miami,West Palm Beach,421887.64222038374,407846.6666369459,-3.328131516140302
Lauderdale Manors,south_florida,fort_lauderdale,Fort Lauderdale,373920.3901344339,374653.4846816437,0.1960563174814375
Highlands,jacksonville,jacksonville,Jacksonville,196020.71564279243,192624.6343843027,-1.732511406946592
St. Johns,austin,austin,Austin,325071.4239881109,315386.40639072517,-2.979350654254973
Atascocita South,houston,houston,Atascocita,265370.20005811675,272649.1115432301,2.7429272327937424
Sunset Pointe,dfw,dallas,Little Elm,451324.24026922305,439718.64748160186,-2.571453458980676
Englewood,jacksonville,jacksonville,Jacksonville,242942.77015713835,246022.98726871554,1.2678776608930864
Silver Lakes,south_florida,miami,Miramar,681737.0674386712,674328.9419132319,-1.0866543538951434
Hallmark-Camelot,dfw,fort_worth,Fort Worth,240670.8746580641,240061.3985534635,-0.2532404909678032
Holiday Hill,jacksonville,jacksonville,Jacksonville,234131.2605044155,233554.49914383903,-0.2463410308106151
Willowbrook,houston,houston,Houston,238930.8329713588,237076.67575798242,-0.7760225795549089
Zilker,austin,austin,Austin,843391.4474699567,839687.8730114566,-0.43912876631726416
Buckner Terrace,dfw,dallas,Dallas,310010.38196582755,305809.1175594354,-1.3552011967312836
Eldorado,dfw,dallas,McKinney,579341.7513842069,580971.9654717814,0.28139074797897434
East Tampa,tampa,tampa,Tampa,258815.8411872503,275903.2618990548,6.602154116000166
North Hyde Park,tampa,tampa,Tampa,532194.7357710592,528165.3910635841,-0.7571184825113334
Southside Estates,jacksonville,jacksonville,Jacksonville,240534.32419071233,238651.84891664784,-0.7826223057346001
Riverstone,houston,houston,Sugar Land,726163.1722818605,750331.8929600655,3.328276839247904
Barton Hills,austin,austin,Austin,830580.8839195677,824936.2907881838,-0.6795958395703332
John T White,dfw,fort_worth,Fort Worth,322701.9624190812,318690.2927099104,-1.2431500816102732
West Waco,waco,waco,Woodway,319079.6334259628,319531.51896603755,0.1416215554790587
Melrose Park,south_florida,fort_lauderdale,Fort Lauderdale,435928.545827076,445078.9684642748,2.099064795088814
Temple Crest,tampa,tampa,Tampa,280198.1047304521,287072.51697386184,2.453411399774756
Vista East,orlando,orlando,Orlando,423040.9422929838,428299.0655840709,1.242934847531969
South Shore Harbour,houston,houston,League City,382005.0730434086,384001.669723937,0.5226623470263411
Silver Ranch,houston,houston,Katy,471441.7663523639,511166.0039318754,8.426117585394605
Imperial Oaks,houston,houston,Spring,339562.33809014264,344279.4614068908,1.3891774168123272
Parker Lane,austin,austin,Austin,333682.45494869177,323518.5312604937,-3.0459868469143614
Southwest Richardson,dfw,dallas,Richardson,326950.3358753232,325402.605375107,-0.4733839762153932
Shady Grove,dfw,dallas,Irving,261378.42492525745,259575.9351808442,-0.6896092303443551
Upper Eastside,south_florida,miami,Miami,809086.3561341072,805296.2158136487,-0.46844694533822356
Belmont,tampa,tampa,Sun City Center,355653.79921745387,358047.79686521384,0.67312584682843
Lakewood Forest,houston,houston,Tomball,372936.8571653255,380582.8913386767,2.0502221827760105
Northeast Macfarlane,tampa,tampa,Tampa,374992.4666804958,382999.47273966076,2.1352445103882935
Georgian Acres,austin,austin,Austin,287556.34423154243,272504.8114262644,-5.234289942550675
Summerfield,tampa,tampa,Riverview,314404.6996391139,319199.96669806656,1.5251893704059927
West Meadows,tampa,tampa,Tampa,341069.7093166827,330044.9231146737,-3.2324143425391414
Duclay,jacksonville,jacksonville,Jacksonville,293005.8457330404,291066.0339660578,-0.6620385890696454
Windsor Hills,austin,austin,Austin,344183.84323260555,330057.21734611026,-4.104383794955843
Pioneer,dfw,dallas,Irving,284659.55721144617,284886.34283169196,0.07966906942011939
Plaza Terrace,tampa,tampa,Tampa,389201.9662343134,386850.54862524907,-0.6041638565743214
Airport North,orlando,orlando,Orlando,276347.24294125644,272875.8205159577,-1.256181313173674
Woodland Acres,jacksonville,jacksonville,Jacksonville,216318.01363771045,214584.3358600154,-0.8014486396859333
Highlands,south_florida,fort_lauderdale,Pompano Beach,368317.64544920105,363189.4886950214,-1.39231905327949
Cresthaven,south_florida,fort_lauderdale,Pompano Beach,385434.34477680625,395066.85353439336,2.4991308865236226
Bridgeland,houston,houston,Cypress,504322.44837948657,516650.63359898934,2.444504554400919
Sulphur Springs,tampa,tampa,Tampa,223137.89242024775,217881.4956492231,-2.3556719632024636
Lakes of Bella Terra,houston,houston,Richmond,421656.5339390959,436048.07622094534,3.4130959972099335
Indian Creek,dfw,dallas,Carrollton,538079.9135871776,549451.1669692358,2.1133019640614754
Jupiter Farms,south_florida,miami,Jupiter,780857.2376747895,795440.9045158065,1.8676482892626725
Miramar Tropical Homes,south_florida,miami,Miramar,469535.9469766034,464977.2722850879,-0.9708893900178135
Bridgewood,san_antonio,san_antonio,San Antonio,243894.13495155083,240485.96635761074,-1.3973967002597742
Loretto,jacksonville,jacksonville,Jacksonville,287857.2060189222,283195.49788653594,-1.6194516013192422
Minnetex,houston,houston,Houston,252992.72042707657,262102.80759263004,3.6009285761956904
Arlington Hills,jacksonville,jacksonville,Jacksonville,251850.55715538064,250408.46004464806,-0.5726003257729007
Heritage,dfw,fort_worth,Fort Worth,452140.0657704058,453250.1125491943,0.24550949204138317
South Lamar,austin,austin,Austin,507257.5564214765,500535.68227725156,-1.3251402683176121
North Tampa,tampa,tampa,Tampa,228394.153356848,247349.83385854564,8.299547174520216
Emerald Hills,south_florida,fort_lauderdale,Hollywood,483804.5999279012,456816.5044229235,-5.578304858821015
Chapel Trail,south_florida,miami,Pembroke Pines,632917.5981528013,609635.4575150498,-3.6785421523593937
Bear Creek Estates,dfw,dallas,Euless,589257.032038384,609867.6312901592,3.497726481172077
Bay Colony Pointe,houston,houston,League City,290681.8291945427,289517.1186477827,-0.4006822683025387
Forest Hills,tampa,tampa,Tampa,336356.04314867314,334875.41098073515,-0.44019787903246765
Boca Raton Hills,south_florida,miami,Boca Raton,429060.6669739268,414952.80444647965,-3.288081060178951
Telfair,houston,houston,Sugar Land,727400.6221964052,739841.9688244517,1.7103843808216037
Silver Lakes,south_florida,miami,Pembroke Pines,672090.1472644078,660359.2262426482,-1.7454386244922218
Craven,jacksonville,jacksonville,Jacksonville,327558.60949727707,328211.3320375783,0.19926893123126369
Paloma Creek,dfw,dallas,Little Elm,355013.45150940656,339832.9787898471,-4.276027473048361
Oak Hill,jacksonville,jacksonville,Jacksonville,219509.75439372784,215313.6869334233,-1.9115630974549664
Lakeside,orlando,orlando,Kissimmee,338207.18846115284,336600.10918940016,-0.4751759650836844
Senter,dfw,dallas,Irving,275016.4353070928,274883.25157744513,-0.04842755288386356
Thunderbird Hills,san_antonio,san_antonio,San Antonio,215086.08090825952,213965.3983613318,-0.5210390845355138
Hillcrest,jacksonville,jacksonville,Jacksonville,199352.73974162535,193858.92559308812,-2.755825756725284
Anserra,houston,houston,Katy,381596.2696006263,386939.49138890445,1.400229041512981
Trails of Katy,houston,houston,Katy,543854.6316986916,554850.0085435673,2.0217492329765303
Sunbeam,jacksonville,jacksonville,Jacksonville,331583.024456939,337473.09780980507,1.7763494866821696
South Main,houston,houston,Houston,219445.2585557289,215437.23614988916,-1.8264338141632284
Memorial Northwest,houston,houston,Spring,408433.2840556695,423188.8729434356,3.61272929112088
Vilbig,dfw,dallas,Irving,294128.3005277657,292952.0387145969,-0.3999145308554837
Central Oak Park,tampa,tampa,Saint Petersburg,324925.4241062151,320821.0126020535,-1.26318570344311
Pecan Park,jacksonville,jacksonville,Jacksonville,354413.6687552889,353039.0869424513,-0.38784672658510605
South Middle River,south_florida,fort_lauderdale,Fort Lauderdale,403013.9023567298,400134.04916920024,-0.7145791176653822
Coles Crossing,houston,houston,Cypress,501179.5234296129,543544.2742536502,8.453009120191465
Isle of Normandy,south_florida,miami,Miami Beach,415835.0501980148,410717.3118409283,-1.2307135616994176
Newport,houston,houston,Crosby,254971.01057445465,254644.4351649089,-0.1280833490873951
Baldwin Park,orlando,orlando,Orlando,747268.2754980493,765384.4058022219,2.424314118259368
Ortega Hills,jacksonville,jacksonville,Jacksonville,222656.66753165636,216462.80577401014,-2.7817993623593646
Imperial Point,south_florida,fort_lauderdale,Fort Lauderdale,403083.5514764739,396942.4379010764,-1.523533657700233
Canyon Creek,dfw,dallas,Richardson,613489.982106584,650682.1585771198,6.062393446560675
Twin Creeks,dfw,dallas,Allen,791188.8871245458,823619.574443491,4.098981652385126
Fairmont Park,houston,houston,La Porte,254647.24255494215,262724.9917506086,3.1721329925352015
Carol City South,south_florida,miami,Miami Gardens,525240.8632121183,530293.9801015571,0.9620570757835583
Langwood,houston,houston,Houston,204735.9383612764,204207.40121719294,-0.25815552868437613
Greater Harmony Hills,san_antonio,san_antonio,San Antonio,286672.40794793743,285122.3511854331,-0.5407066461679978
South Hills,dfw,fort_worth,Fort Worth,203126.98302748668,203316.90494762894,0.09349910942976647
University Square,tampa,tampa,Tampa,265724.5149525806,279064.1238257335,5.0200896501902985
Westside/Sunkist Grove,south_florida,miami,North Miami,421438.3908593191,414338.0885513888,-1.6847782408841847
Tampa Heights,tampa,tampa,Tampa,438274.13978877506,449913.8127794739,2.6557973501034167
Cat Hollow,austin,austin,Round Rock,449855.3374962805,444022.574070463,-1.2965864667251408
Williamsburg,orlando,orlando,Orlando,370250.18426744035,368405.93757801823,-0.49810824350325555
PGA National,south_florida,miami,Palm Beach Gardens,517753.3504941328,526933.6125067584,1.7730956262985436
Longwood Village,houston,houston,Cypress,401186.29506912053,406781.6587496039,1.3947045921694157
Indian Springs,houston,houston,Spring,652864.0897444756,680558.0150330651,4.2419127845473446
Eldorado Heights,dfw,dallas,McKinney,417712.7234431319,410051.5753312987,-1.8340710449717013
Creekside Park,houston,houston,Spring,798008.6809198303,838718.5537093519,5.1014323230916565
Turtle Creek,jacksonville,jacksonville,Jacksonville,252782.0285884467,254382.37753757118,0.6330944324091982
Kendall Green,south_florida,fort_lauderdale,Pompano Beach,382875.0525292387,393140.89430274797,2.681251156400512
Fairview Shores,orlando,orlando,Orlando,319443.200128905,319399.57026129676,-0.013658098713838811
Crystal Springs,jacksonville,jacksonville,Jacksonville,320159.3467771436,319341.58859031403,-0.2554222436613079
Central Meadowbrook,dfw,fort_worth,Fort Worth,235183.405557874,237966.48481514156,1.1833654890173344
Cedar Hills,jacksonville,jacksonville,Jacksonville,187301.0679207961,185503.9765268414,-0.9594667098826355
Northwest Pompano,south_florida,fort_lauderdale,Pompano Beach,263715.3586516496,243620.11533242647,-7.620050429359942
Suncoast Lakes,tampa,tampa,Land O Lakes,410433.4841325705,412978.34451059473,0.6200420960786508
Victoria Park,south_florida,fort_lauderdale,Fort Lauderdale,764553.0421787519,780872.7762314766,2.134545695641759
Walnut Creek,dfw,fort_worth,Mansfield,411924.1558276603,429292.89974485664,4.216490747501353
Orlovista,orlando,orlando,Orlando,253856.40386748375,251427.45652758493,-0.9568194077021435
MLK 183,austin,austin,Austin,379533.02289248694,367698.5389670826,-3.1181697537704793
North Andrews Gardens,south_florida,miami,Oakland Park,399899.85705481167,395824.04454219504,-1.0192082944550744
Wooten,austin,austin,Austin,417027.5653195782,412124.2394864136,-1.1757797903376208
Spring Lake,tampa,tampa,Riverview,417633.1075767717,418391.6410292988,0.18162675294789357
Heritage Hills,austin,austin,Austin,398217.1610040379,386812.7563595764,-2.86386568969232
North Lamar,austin,austin,Austin,292459.81893010426,283248.9173034011,-3.149458842038226
Riverside,jacksonville,jacksonville,Jacksonville,356762.86384663294,357504.1204615025,0.20777291864890737
Meadowlawn,tampa,tampa,Saint Petersburg,334748.32869101356,332179.37396852946,-0.7674286926329538
Walden,south_florida,miami,Miami Gardens,342677.26540109207,331751.98098402994,-3.188213961108407
Park East,south_florida,fort_lauderdale,Hollywood,501801.1887560913,494493.8030860328,-1.456231239342552
South Manchaca,austin,austin,Austin,451888.95590137626,445479.10674556607,-1.4184566965184098
Towne Lake,houston,houston,Cypress,625118.4022873361,650436.0247947779,4.050052344452424
Montgomery Creek Ranch,houston,houston,Conroe,292413.9094914256,303264.37305514177,3.7106523361312
Glynlea - Grove Park,jacksonville,jacksonville,Jacksonville,289905.02900417015,309946.94595148595,6.913269844321156
Gleannloch Farms,houston,houston,Spring,472537.8770112633,509438.9731441861,7.809129792159124
Tuscan Lakes,houston,houston,League City,400458.5485358304,417541.1612660707,4.265763034076381
Pembroke Falls,south_florida,miami,Pembroke Pines,827024.6784681283,807309.0862964861,-2.383918241491995
Wellswood,tampa,tampa,Tampa,393067.30776567897,410674.733018229,4.479493690949857
Pembroke Lakes,south_florida,miami,Pembroke Pines,608681.9047047854,598873.188820806,-1.6114682904425663
Phillips Creek Ranch,dfw,dallas,Frisco,962794.6950185172,936100.1885182357,-2.7726063135161025
Nimitz,dfw,dallas,Irving,272994.02191273315,274322.54264934355,0.48664828896329576
Crestview,austin,austin,Austin,575651.5576795187,573476.650791372,-0.3778165557153731
Browning Heights,dfw,dallas,Haltom City,220090.07044376477,220793.2082691456,0.31947730488845244
Binz,houston,houston,Houston,501697.049383753,502805.7553330928,0.22099112416580727
Ventura,orlando,orlando,Orlando,192963.75467327083,182936.66843577952,-5.196357344139228
Julington Creek,jacksonville,jacksonville,Jacksonville,442246.7502250696,449053.72428676096,1.5391801201992215
Five Mile Creek,dfw,dallas,Dallas,259732.1026172469,253863.68008043218,-2.2594136333862074
Sweetbriar,austin,austin,Austin,340626.54660151375,327559.1859722037,-3.8362719405417014
Mandarin,jacksonville,jacksonville,Jacksonville,505896.4421591078,518588.4219314897,2.5088098501373093
Lauderdale West,south_florida,miami,Plantation,280676.721663227,268088.5503771935,-4.484935983090745
North Weeki Wachee,tampa,tampa,Weeki Wachee,343308.8961255644,355696.5141115632,3.608300899219361
Jacksonville Farms-Terrace,jacksonville,jacksonville,Jacksonville,321593.486965081,320302.8771059645,-0.4013171632597857
Oakgrove,south_florida,miami,North Miami Beach,470462.131882451,474012.64144402894,0.7546855147238616
Timber Creek,dfw,dallas,Flower Mound,377763.1709319046,376929.1348590334,-0.22078279118996624
Meadow Creek,dfw,fort_worth,Fort Worth,254057.65201699352,250631.0350921998,-1.3487556456534207
Pecan Springs-Springdale,austin,austin,Austin,422136.5359162269,413040.74360563495,-2.1547038781777053
Grayhawk,dfw,dallas,Frisco,565255.4414326665,572818.4386379985,1.3379786643297527
Normandy Manor,jacksonville,jacksonville,Jacksonville,207129.9624506049,203568.7320566043,-1.7193217011516893
Bayshore Beautiful,tampa,tampa,Tampa,976273.4326776256,950467.5710697072,-2.6433026592909172
Stonefield,orlando,orlando,Kissimmee,378860.0075831656,382676.4422912675,1.0073469439141427
Park Creek,houston,houston,Cypress,315095.1572075013,321521.40315210307,2.039461983977705
Yaupon Ranch,houston,houston,Cypress,249063.05065504363,247020.7683427685,-0.8199860665417242
Belt Line,dfw,dallas,Irving,264612.9387613637,280225.36550958554,5.900099526993136
Dorsey-Riverbend,south_florida,fort_lauderdale,Fort Lauderdale,353528.41271689394,347660.7603891782,-1.6597399577087435
Mueller,austin,austin,Austin,690115.5240232899,677861.9732378429,-1.7755796470147907
The Cape,jacksonville,jacksonville,Jacksonville,351165.2752359511,351930.6749418375,0.21795996354482833
Kingsborough Ridge,san_antonio,san_antonio,San Antonio,183085.1395456372,184863.6714056428,0.9714233849996577
Skyway,south_florida,miami,Miami Gardens,509272.15030669334,534827.2879858093,5.017972740847136
Spring Trails,houston,houston,Spring,414083.7046430071,420300.78103297815,1.5014057110339527
Normandy Estate,jacksonville,jacksonville,Jacksonville,269339.8943320545,258980.13057816273,-3.8463532406082255
Pecan Valley,san_antonio,san_antonio,San Antonio,194463.16956888465,191386.71302371816,-1.582025301750892
Whitehouse,jacksonville,jacksonville,Jacksonville,292289.7468291333,290214.47050394764,-0.7100065423775647
Girvin,jacksonville,jacksonville,Jacksonville,461608.34037278715,489113.13342323794,5.958469690612259
Oakridge,dfw,dallas,Garland,373243.8370648517,374593.88193367526,0.36170587020006867
Northridge,dfw,dallas,Mesquite,185312.28761824852,181389.43623102788,-2.116886817188229
Biscayne Gardens,south_florida,miami,Golden Glades,543817.665746665,546847.0976553302,0.557067579720088
Shady Hollow,austin,austin,Austin,665466.9585944712,658320.2163888192,-1.0739439597041227
Coomer Creek,dfw,dallas,Garland,326895.6946485001,323042.451607053,-1.178737776155294
San Jose,jacksonville,jacksonville,Jacksonville,243466.66149876872,249456.3135480049,2.460152865433063
Paloma Lake,austin,austin,Round Rock,503924.0372294432,497448.3290180466,-1.2850564237816093
South River City,austin,austin,Austin,785747.2610571083,775772.6323409821,-1.2694449233850071
Doral Park,south_florida,miami,Doral,459379.19208895235,445565.1271467579,-3.0071159469320365
Bouldin Creek,austin,austin,Austin,805086.1480491905,801873.4028449887,-0.39905607766157786
Regency,jacksonville,jacksonville,Jacksonville,230342.37336138685,228546.41135378313,-0.7796924123838989
Central Business District,orlando,orlando,Orlando,281369.41812527337,277402.82012900885,-1.4097473786218242
Childs Park,tampa,tampa,Saint Petersburg,221784.48258546824,209832.52201875142,-5.388997655465341
Villages at Wesley Chapel,tampa,tampa,Wesley Chapel,378945.4184307383,388436.9929229085,2.504733935424266
Chapel Pines,tampa,tampa,Wesley Chapel,315315.5996382271,323467.6448723498,2.5853605858624995
Old River Terrace,houston,houston,Channelview,262966.53965301055,273725.98627615976,4.09156489542225
Spring Lake,orlando,orlando,Kissimmee,632398.8660959048,629279.7686956055,-0.4932167920469312
Artisan Park,orlando,orlando,Kissimmee,519405.33214175794,555460.9453250539,6.941710250570841
Arlington Manor,jacksonville,jacksonville,Jacksonville,234312.9866215785,244045.64620130832,4.153700450008916
Sendera Ranch,dfw,dallas,Haslet,313238.9090335862,305827.435054712,-2.3660770629486327
Spring Valley,south_florida,miami,Pembroke Pines,673234.0891630244,665337.2348671647,-1.1729730301799175
Timber Ridge,san_antonio,san_antonio,San Antonio,237928.0369074667,248978.33739345774,4.644387702105337
Southern Trails,houston,houston,Pearland,468722.48703785945,474360.82289393106,1.2029155869400816
Downtown,tampa,tampa,Saint Petersburg,827967.9756008784,810082.2152994142,-2.160199528065557
Central East Austin,austin,austin,Austin,532189.243320804,517044.23272460455,-2.845794195631648
Westchester,dfw,dallas,Grand Prairie,361939.791588831,363384.26977969793,0.3990935024098948
Grand Hampton,tampa,tampa,Tampa,562159.753983691,570170.4095174528,1.4249784828947811
North Ponce de Leon,south_florida,miami,Coral Gables,511041.1388442954,549245.3708976231,7.475764502976312
Idiot's Hill,dfw,dallas,Denton,330523.51006674505,336154.9969931825,1.7038082783582518
Town West,houston,houston,Sugar Land,224218.34042969104,227849.66206200278,1.6195471009876752
Lakes By The Bay,south_florida,miami,Cutler Bay,414450.1448414528,403490.906971779,-2.644283759115648
Landon Branch,waco,waco,Waco,254378.56370943505,251696.9975353224,-1.0541635800631646
Savanna,south_florida,miami,Weston,812227.8699144007,806539.7735765231,-0.7003079491075747
Historic Old Northeast,tampa,tampa,Saint Petersburg,949974.5385069776,929975.8523315571,-2.105181282737468
Timber Lane,houston,houston,Spring,198613.4152636129,194463.4215959622,-2.0894830604179275
Welwyn,south_florida,miami,Miramar,413832.95292100013,409867.49470142415,-0.958226789719422
Secret Cove,jacksonville,jacksonville,Jacksonville,207775.40603157177,199249.16282853961,-4.103586351185653
Downtown,south_florida,fort_lauderdale,Fort Lauderdale,576896.6199011137,562520.3715205409,-2.491997332734765
Mirror Lake,south_florida,miami,Plantation,343834.8569351659,332497.34373305447,-3.2973716810361764
Lone Oak Village,houston,houston,Cypress,348111.08899706183,349980.39243276103,0.5369847427396881
Grand Meadow,houston,houston,Richmond,334014.49819346605,331743.8802193936,-0.6797962323052478
Ridgeview,dfw,dallas,Plano,521286.3299736048,523608.7078829997,0.44550907550413743
Fairway Bend,dfw,fort_worth,Fort Worth,406374.1823639776,415735.60482182226,2.3036459657419637
Pine Village,south_florida,miami,Pembroke Pines,517176.0356915099,523478.6340131722,1.2186562962522336
Lakemont,houston,houston,Richmond,355520.65245940344,362460.03524934524,1.9518930171670397
Lewisville Valley,dfw,dallas,Lewisville,355252.586928829,351098.8497452757,-1.1692348870595268
Wellington,dfw,dallas,Flower Mound,656105.4461835047,646126.8306458424,-1.520885948395465
Springfield,jacksonville,jacksonville,Jacksonville,272264.5231875861,275269.61613388103,1.1037401829339568
Beach,south_florida,fort_lauderdale,Pompano Beach,453085.9292753057,440520.93664084544,-2.7732030113046138
Sans Souci,jacksonville,jacksonville,Jacksonville,248247.96253748008,244576.56722867407,-1.478922634964912
Deerfield Heights,dfw,dallas,Forney,286640.73374294717,271881.649636992,-5.148983507414111
Lakeview West,dfw,dallas,Grand Prairie,461179.35749058606,464268.56157434057,0.6698487331618188
Oakwood Terrace,dfw,dallas,Euless,287317.26027148,281858.95361328725,-1.8997489580108522
The Legends,dfw,dallas,The Colony,462101.2861493712,454195.04385439353,-1.710932761269574
Brittany Lakes,houston,houston,League City,362887.1311475205,372037.73473917844,2.5216114891486874
Woodbridge,houston,houston,Sugar Land,387567.9104499238,408817.61603577493,5.48283410801028
Arlingwood,jacksonville,jacksonville,Jacksonville,246121.6976616399,244878.66879881144,-0.505046436229821
Hyde Park,austin,austin,Austin,684862.1349785138,673985.3826476596,-1.5881666944830324
Tropics Manor,south_florida,miami,West Little River,461050.85159544856,474124.5680208993,2.835634373130353
North Lake Waco,waco,waco,Waco,290427.2364594789,295540.3381137985,1.7605448155111336
Town Gate,south_florida,miami,Pembroke Pines,637123.4659641486,620329.5432242292,-2.635897692844419
Lasker Park,houston,houston,Galveston,243854.2449763144,239959.7211701782,-1.5970703345822272
Lake Lucina,jacksonville,jacksonville,Jacksonville,218198.3867879874,232310.7688215068,6.467683946367438
Wesconnett,jacksonville,jacksonville,Jacksonville,195849.8724719466,205738.0218004355,5.048841341423522
Deercreek,jacksonville,jacksonville,Jacksonville,565201.8679671489,568797.5204724497,0.636171376827405
Bayside West,tampa,tampa,Tampa,397269.93387969135,396938.5780721959,-0.08340822680928715
Harmony,dfw,fort_worth,Fort Worth,279999.5311617736,289278.060867615,3.3137661578728097
South Apopka,orlando,orlando,Apopka,275812.22506178025,272328.0136557942,-1.2632548848063587
Plantation Park East,south_florida,miami,Plantation,473890.7184528568,456654.5657191602,-3.6371576953371574
Ballast Point,tampa,tampa,Tampa,564282.4299609967,560010.7813505181,-0.7570054255940368
Cobblestone,jacksonville,jacksonville,Jacksonville,368352.9379924669,361599.9402590947,-1.8332954720481447
Palma Ceia,tampa,tampa,Tampa,938229.9489906696,937810.1856660671,-0.04473991957452229
Hunters Green,tampa,tampa,Tampa,516276.5736863698,521908.137081912,1.0908035891171963
Marine Creek Ranch,dfw,fort_worth,Fort Worth,372187.3793047557,367940.64263632946,-1.1410211373526788
Waterside,houston,houston,Richmond,376384.96839269064,382345.72652123444,1.5836865520954608
Hunters Glen,houston,houston,Missouri City,230975.23142434555,229312.10570130483,-0.720045051057982
Tropical Ridge,south_florida,miami,Lake Worth Beach,315743.4784138596,306210.61769005726,-3.0191789777229197
Myrtle Grove,south_florida,miami,Miami Gardens,485121.5522180149,498618.1020585187,2.7820965238086135
Cottonwood Bend,dfw,dallas,Allen,413614.1018799349,411791.65976809623,-0.4406141143533087
Parkwood Ranch,dfw,dallas,Sachse,560892.4241073091,555687.7042913712,-0.9279354814288167
Tanglewood Preserve,tampa,tampa,Gibsonton,332031.0740419645,331875.05914937693,-0.04698803960976145
Cross Mountain,san_antonio,san_antonio,San Antonio,593082.3080573466,623212.2139563466,5.080223350059309
Northrich,dfw,dallas,Richardson,341383.7762291242,337211.1923475042,-1.2222560567200305
Zephyrhills West,tampa,tampa,Zephyrhills,316110.20760671777,314310.2887994709,-0.5693959777111122
Settlers Landing,jacksonville,jacksonville,Jacksonville,261681.6294753464,265479.9394682862,1.4515004360661987
Oak Creek,tampa,tampa,Wesley Chapel,389383.1056911127,396092.0088920098,1.722956929266236
Honeysuckle Meadows,dfw,dallas,Forney,244910.2228390233,229804.9736110403,-6.1676679122992395
Southfork,tampa,tampa,Riverview,387363.7200251567,395379.11243524536,2.0692160870326557
The Lakes at Northwood,tampa,tampa,Wesley Chapel,439377.55796966265,457388.4057198484,4.0991733472717184
Northwood,tampa,tampa,Wesley Chapel,393087.0611613413,400812.2150648801,1.9652526543904747
Govalle,austin,austin,Austin,525933.4405336132,505454.7568599345,-3.8937785840164505
Fourth Ward,houston,houston,Houston,371261.86805357714,372360.6618380815,0.29596192850750325
Tapestry,orlando,orlando,Kissimmee,456820.2354227368,451939.5759039066,-1.0683982758149217
Eastern Shores,south_florida,miami,North Miami Beach,286916.58143267356,278660.3685581574,-2.877565609240855
Plantation Resort,dfw,dallas,Frisco,519518.9652180416,523042.3491530698,0.6782012151470549
Meadow Village,san_antonio,san_antonio,San Antonio,175690.97662465624,176930.29455135376,0.7053964583196449
Jacksonville Heights South,jacksonville,jacksonville,Jacksonville,299416.4700397949,294569.3315304533,-1.6188616840942007
St. Edwards,austin,austin,Austin,548742.8285488585,533007.9726183395,-2.867437187676717
Miramar Park,south_florida,miami,Miramar,520699.4459886615,534725.1104491109,2.6936200083367825
Highland,austin,austin,Austin,408577.27285485406,400195.4983496379,-2.0514539261203018
Coral Ridge Country Club,south_florida,fort_lauderdale,Fort Lauderdale,577113.897106065,552210.0973397727,-4.315231341884541
Hidden Lakes,dfw,fort_worth,Keller,717936.3599852379,752421.4756590539,4.8033666486156275
Olympia,south_florida,miami,Wellington,753780.6192713133,730873.3186850464,-3.0389877373620466
Sunset Ridge,south_florida,miami,Lake Worth Beach,399212.7971439192,401159.95529782,0.48774943284165184
McGirts Creek,jacksonville,jacksonville,Jacksonville,256113.8481874708,253608.78868389677,-0.9781038867294599
The Waterways,south_florida,miami,Aventura,643629.0194319388,607151.6711517259,-5.667449288164077
North Loop,austin,austin,Austin,495123.5564085662,481733.7665608205,-2.7043330244414157
Western Hills North,dfw,fort_worth,Fort Worth,244197.06849583497,244755.91894810044,0.2288522363138037
Upper Boggy Creek,austin,austin,Austin,565524.9646797098,567721.5221275918,0.38841034173019406
Teal Run,houston,houston,Fresno,264126.18584492145,263111.2881130015,-0.3842472978108398
Tampa International Airport Area,tampa,tampa,Tampa,287522.74915820645,275868.4468009386,-4.053349653684349
Biscayne,jacksonville,jacksonville,Jacksonville,291221.050349388,290850.7099812108,-0.12716813147018374
Creekside,tampa,tampa,Riverview,629700.489182314,641899.8026724183,1.9373199957245506
Colonial Hills,tampa,tampa,Riverview,377194.39715596795,377456.96417231485,0.06961052929912262
North East Park,tampa,tampa,Saint Petersburg,451510.20918586914,441361.85226083687,-2.2476472776398713
Riverbend,tampa,tampa,Tampa,352883.1802827779,362255.6577843838,2.6559717281213087
North San Antonio Hills,san_antonio,san_antonio,San Antonio,464751.4405907116,468127.1410364017,0.7263453430933898
Overton South,dfw,fort_worth,Fort Worth,285934.4474781523,300446.37331963965,5.07526321836273
Sierra Springs,san_antonio,san_antonio,San Antonio,251516.55282641936,253671.3699809527,0.8567297580690297
Spring Park,jacksonville,jacksonville,Jacksonville,209630.10825991505,208079.63244022828,-0.7396245856842193
Friedrich Wilderness Park,san_antonio,san_antonio,San Antonio,535207.3553802266,543885.8420310192,1.6215185691211376
Rosewood,austin,austin,Austin,505223.37883570074,498831.50751153415,-1.2651574713143356
Ridges,south_florida,miami,Weston,868611.8865592064,861659.2879964842,-0.800426366517183
Hancock,austin,austin,Austin,577277.259718095,573398.3039381544,-0.6719398200155711
Highland Terrace,dfw,dallas,Richardson,327797.0414082656,324139.50291155005,-1.115793626752152
MLK,austin,austin,Austin,484028.8527077213,470934.4605980315,-2.705291644586477
Nassau Bay,houston,houston,Houston,341929.3433415294,351149.24577024416,2.696434982330725
Harper's Preserve,houston,houston,Conroe,452052.3162485976,457648.40430969634,1.2379292971084577
Riverview Meadows,tampa,tampa,Riverview,374764.1605754017,377231.4155853813,0.6583487082093177
Alderman Park,jacksonville,jacksonville,Jacksonville,273612.3133275676,278342.5063099428,1.72879389997052
Boca West,south_florida,miami,Boca Raton,438568.42451753694,448687.68184008315,2.3073383209651417
Long Meadow Farms,houston,houston,Richmond,452254.1599250136,464558.36468247394,2.7206393766506083
Fairoaks,tampa,tampa,Tampa,287810.40053309355,280646.0778198899,-2.4892508053682683
Duck Creek,dfw,dallas,Richardson,403112.8580665482,418034.43403445627,3.7015876991561356
Mountainview,waco,waco,Waco,283382.12996966304,300341.4166969034,5.984599921334458
Laddie Place and North Wilson,san_antonio,san_antonio,San Antonio,174399.2292881373,174359.48470768263,-0.022789424366677094
Mckinney,austin,austin,Austin,299129.8562620098,284140.7236685011,-5.01091157560002
Garden Valley Ranch,dfw,dallas,Waxahachie,339103.1692045096,331862.7355787272,-2.1351713234551766
Indian Hill,dfw,dallas,Waxahachie,328220.30353790266,328579.35433265945,0.10939323097522324
Galindo,austin,austin,Austin,618464.3717076103,608922.067192743,-1.542902865773917
Ridglea Hills,dfw,fort_worth,Fort Worth,476331.3663942672,529289.8643915583,11.117995104579476
Richland Hills,waco,waco,Waco,212783.74769783943,213478.70069948546,0.32660060233213495
Como,dfw,fort_worth,Fort Worth,174116.61239815835,181587.1502570878,4.290537103861362
Twin Oaks,houston,houston,Richmond,297439.97697486595,293211.79413933033,-1.421524731994213
Meadow Glen,dfw,fort_worth,Mansfield,428757.41433316865,420495.67605406046,-1.9269027200281497
Arlington,jacksonville,jacksonville,Jacksonville,201904.45819259415,194940.7819708275,-3.4489957696348092
Woodbridge,dfw,dallas,Sachse,477824.6705183197,476591.18313123705,-0.2581464422388723
Southeast,austin,austin,Austin,319841.5796415619,312372.78889195714,-2.3351531586277288
South Central Beach,south_florida,fort_lauderdale,Hollywood,411059.1993410455,408718.1401749516,-0.5695187383828918
Avondale,jacksonville,jacksonville,Jacksonville,417393.6801210702,410120.420820864,-1.7425417888686063
Oak Hollow-Sheffield Village,dfw,dallas,Grand Prairie,294627.1020453957,288788.26563606795,-1.9817716594273493
Rosedale,austin,austin,Austin,809782.8436320666,797316.1630713108,-1.539509099111038
North Central Thousand Oaks,san_antonio,san_antonio,San Antonio,346040.0619891078,347759.75696969964,0.4969641291550679
Shannon Creek,dfw,fort_worth,Burleson,387833.0521511533,388153.58791872114,0.08264787278701118
Parkview Hills,dfw,fort_worth,Fort Worth,273992.8603384778,268553.01834981213,-1.985395525250391
Jungle Terrace,tampa,tampa,Saint Petersburg,347618.40982796444,339274.63933541183,-2.400267148302622
Virginia Park,tampa,tampa,Tampa,948514.5772750002,943395.3747746944,-0.5397073089812435
Rolling Hills,jacksonville,jacksonville,Jacksonville,231867.28209473964,231723.23216149968,-0.062126028277290614
Sandybrook,dfw,fort_worth,Fort Worth,216461.0132781998,230588.68604387078,6.5266592591959425
Brookridge,tampa,tampa,Brooksville,237777.4602077646,218136.8276125995,-8.2600901607762
Northwood Pines,houston,houston,Spring,250934.1778889862,248135.28953279313,-1.1153874612613712
Monte Vista,san_antonio,san_antonio,San Antonio,608748.0680236348,652255.7986094821,7.147083148386778
Laurel Park,houston,houston,Spring,483633.82192427706,518699.91913040786,7.250546925483868
University Hills,austin,austin,Austin,443626.6167997925,438586.22856521676,-1.136178047867326
Downtown,tampa,tampa,Tampa,429801.2461825344,419697.77080513886,-2.3507319876649735
Scott Lake,south_florida,miami,Miami Gardens,486363.6271902378,458957.41981326655,-5.634921249210009
Beacon Hill,san_antonio,san_antonio,San Antonio,196444.65384124708,206526.92875229038,5.132374291636914
Quail Green,houston,houston,Missouri City,234067.5998636623,235899.25404312412,0.7825321319690168
Arrowhead,jacksonville,jacksonville,Jacksonville,282787.56908124796,284382.77905555407,0.5641018731795069
Walden,houston,houston,Atascocita,339370.5230883433,343729.25807448156,1.2843587434974704
Parkview,south_florida,miami,Miami Gardens,483919.2748575399,470130.1666249782,-2.849464559274082
Bel-Aire,south_florida,miami,Cutler Bay,645503.6096990075,627846.3423604597,-2.7354250345371676
Mustang Creek,dfw,dallas,Waxahachie,320989.0674875454,318107.083963945,-0.8978447603086254
Biscayne Gardens Estates,south_florida,miami,Golden Glades,595008.806132834,600495.8513682805,0.9221788280930845
Ridgmar,dfw,fort_worth,Fort Worth,461049.08014021214,518109.3399801398,12.376179087609232
Lakeshore,jacksonville,jacksonville,Jacksonville,185102.7101749552,181096.5699840063,-2.1642795976149607
Sugar Pond Manor,south_florida,miami,Wellington,609352.6731959818,601359.9386011537,-1.3116762995240776
Jefferson-Woodlawn Lake,san_antonio,san_antonio,San Antonio,223815.94781758817,224796.57541666063,0.4381401810882965
Southwest,dfw,dallas,Colleyville,719351.0591783132,741502.7508691913,3.079399329192763
Argyle Forest,jacksonville,jacksonville,Jacksonville,240743.56659710337,232573.7544534834,-3.3935744406796897
Gosling Pines,houston,houston,Spring,283346.5514743947,299744.8770885508,5.787374340300739
Carol City North,south_florida,miami,Miami Gardens,498980.013189494,549018.7743496421,10.028209514906004
The Oaks of Rosenberg,houston,houston,Rosenberg,329326.8563726015,330668.34768233245,0.407343429110789
Sonterra-Stone Oak,san_antonio,san_antonio,San Antonio,531715.518956744,540719.0530424176,1.6932990978595235
Countryside,houston,houston,League City,276392.28132807446,280192.62159815145,1.3749806079302318
Trailwood Estates,dfw,fort_worth,Fort Worth,286799.76851345925,285271.4715030527,-0.5328794434974724
Monarch Lakes,south_florida,miami,Miramar,624806.0968038006,607411.5337707382,-2.7839938057654012
University Park,south_florida,miami,Miramar,349171.99861224525,337750.5950359067,-3.2709964205984314
Florida Center,orlando,orlando,Orlando,473866.2944834006,473481.3285581251,-0.08123935585989432
Glen Cove,dfw,dallas,Little Elm,341092.93555516854,331833.5023858213,-2.7146364536329157
Birnam Wood,houston,houston,Spring,196251.0117932568,200838.69858639396,2.337662746916243
Mango Hill,south_florida,miami,Hialeah,314026.29549567826,320354.46158903296,2.0151707624885145
Panther Trace,tampa,tampa,Riverview,358003.9527831902,362880.9264014118,1.3622680923791852
Mission Del Lago,san_antonio,san_antonio,San Antonio,228900.09133045547,238282.61606182612,4.098960676177891
Ridglea North,dfw,fort_worth,Fort Worth,316279.4596756801,331116.5293002763,4.69112652456485
Arlington Heights,dfw,fort_worth,Fort Worth,393312.7888745784,382055.56255692214,-2.8621561861406923
Pipers Meadow,san_antonio,san_antonio,San Antonio,214800.4675294758,213020.61404359483,-0.8286078267668266
Meadow Bend,houston,houston,League City,287267.7944747462,288931.38134988217,0.579106640957693
Holden Heights,orlando,orlando,Orlando,205213.0630286104,193235.4783902139,-5.836657989324305
Cypress Ridge,houston,houston,Cypress,268461.5533684751,270635.397370148,0.8097412737119851
Lakeland,houston,houston,Manvel,443865.5872199363,458665.6430357222,3.3343553187988944
North University,austin,austin,Austin,348028.10745083814,336982.3225262271,-3.1738197829815658
North Shoal Creek,austin,austin,Austin,449062.8005711851,443939.66750014573,-1.1408500246564564
El Dorado - Oates Prairie,houston,houston,Houston,187959.91543992332,194256.51125517502,3.3499673590054617
Candleridge,dfw,fort_worth,Fort Worth,322698.22016943054,318763.1020404736,-1.2194421546207563
Owners Association of Lago Vista-South Southwest,san_antonio,san_antonio,San Antonio,222964.90144381105,227036.0765396387,1.8259264437876725
Winward,south_florida,miami,North Miami Beach,400555.05314852746,396497.0474214615,-1.0130956269727134
Apollo Arapaho & Camelot,dfw,dallas,Garland,307160.61122807575,296944.7660358011,-3.3258968822304813
Hillcrest,south_florida,fort_lauderdale,Hollywood,176756.30839372636,169016.2059429248,-4.378968151767689
Sunray West,south_florida,miami,North Miami Beach,464501.79575532634,457027.4222793837,-1.6091161636498232
Arch Creek Estates,south_florida,miami,Golden Glades,458557.990137837,466824.01285999856,1.8026122976674952
North County- Riverdale,south_florida,miami,Miami Gardens,476752.884067189,464071.0246514833,-2.6600488092523973
Herlong,jacksonville,jacksonville,Jacksonville,258371.2125188315,256457.5789362671,-0.7406527855439561
Atlantic Boulevard Estates,jacksonville,jacksonville,Jacksonville,255474.07259537897,253765.35022775282,-0.6688437500788706
Carter Riverside,dfw,fort_worth,Fort Worth,217551.6246564845,219081.32515844598,0.7031436811271328
Forest Trails,jacksonville,jacksonville,Jacksonville,316108.617852737,316919.9139279833,0.2566510463261868
Holiday City,south_florida,miami,Boca Raton,560429.5974629606,548538.3365792929,-2.121811720419289
Beverly Park,south_florida,fort_lauderdale,Hollywood,415077.1164816521,385619.8824080812,-7.096809942995976
Canterbury Lakes,tampa,tampa,Riverview,366251.1668695028,392183.4889019549,7.080474924928202
Parkside at Mayfield Ranch,austin,austin,Georgetown,552255.5137082362,537424.5661543302,-2.685522767227887
Adams Hill,san_antonio,san_antonio,San Antonio,207439.6028927496,204972.51159939062,-1.1893058311698113
Loxahatchee Groves,south_florida,miami,Loxahatchee,832739.4517395142,855072.1282420849,2.681832409395252
Green Tee,houston,houston,Pearland,418229.8088296543,445432.30343034305,6.504197937686543
Juno Beach,south_florida,miami,North Palm Beach,784861.5759537731,773838.2208149054,-1.4044967261229513
Biscayne Terrace,jacksonville,jacksonville,Jacksonville,261409.0714537277,266226.4718837281,1.8428589349291764
Rock Island,south_florida,fort_lauderdale,Fort Lauderdale,367666.222300017,365421.31141416525,-0.6105839344741101
Forest Creek,austin,austin,Round Rock,540346.4383552063,548759.4161658278,1.5569599822347815
Highland Shores,dfw,dallas,Highland Village,644958.334849644,643411.7803806391,-0.23979137650270016
WindRose,houston,houston,Spring,414151.01686838927,430598.75901383633,3.9714358954897597
Goodby's Creek,jacksonville,jacksonville,Jacksonville,275852.50668065343,278802.4021894113,1.0693741899445055
Far Southwest,dfw,fort_worth,Fort Worth,231472.4780845151,228527.01719040042,-1.2724885992879214
Overton Ridge,dfw,fort_worth,Keller,901815.3086079308,914975.8945741914,1.459343819143602
Westgate,houston,houston,Cypress,273618.43359255366,274229.90128904046,0.2234745987170355
Riverside Park,south_florida,fort_lauderdale,Fort Lauderdale,540202.0876739031,509093.78979048575,-5.7586408111395695
North Spring,houston,houston,Spring,230992.73282441893,229010.95799555312,-0.8579381717485377
Tanglewood Lakes,south_florida,miami,Pembroke Pines,509689.8339025083,509451.93610830174,-0.04667501260228643
Shore Acres,tampa,tampa,Saint Petersburg,398923.0419101331,379627.4034271926,-4.836932554847835
Old West Austin,austin,austin,Austin,848678.3047117138,837858.0499870597,-1.274953614883516
Doral Isles,south_florida,miami,Doral,777604.8995807739,798862.512827867,2.7337293345956994
Lake Shore Harbour,houston,houston,Missouri City,422347.28773595736,432613.01095472445,2.430635525990403
Highland Glen,houston,houston,Houston,430796.3621917199,444455.4384495465,3.1706572888254487
Duclay Forest,jacksonville,jacksonville,Jacksonville,271635.0469502619,273729.2970145659,0.7709793297355523
Tobin Hill,san_antonio,san_antonio,San Antonio,356557.6392403625,350118.2054332441,-1.8060007971887653
Garden Isles,south_florida,fort_lauderdale,Pompano Beach,629498.1570668119,615765.3784609261,-2.1815438936111566
Kemper Park,houston,houston,Galveston,272463.6595697869,257585.55095756892,-5.460584591614951
Westcreek Central,dfw,fort_worth,Fort Worth,229708.404225404,229318.3713137851,-0.16979479394066285
Painted Meadows,houston,houston,La Marque,254611.04810890407,255433.8157063249,0.32314685616820504
Glencrest,dfw,fort_worth,Fort Worth,206049.90525814777,204583.1667708917,-0.7118365259224407
Collier City,south_florida,fort_lauderdale,Pompano Beach,312522.829963388,304864.1890341515,-2.4505860676270252
Northwest Dallas,dfw,dallas,Dallas,214429.89717761753,211775.6158896987,-1.2378317216279882
Grand Palms,south_florida,miami,Pembroke Pines,658127.8426846002,642325.8893157493,-2.401046171271584
Oakwood,waco,waco,Waco,239243.57251356624,241022.86273971788,0.7437149543696723
Charter Point,jacksonville,jacksonville,Jacksonville,324653.40793593065,332054.39848758467,2.279658974999757
River Trails,dfw,fort_worth,Fort Worth,329707.5428953468,334912.4122448195,1.578632173157403
Southridge,dfw,dallas,Denton,435224.6220859776,453000.82879096153,4.084375240487269
Downtown,dfw,dallas,Irving,254804.73492428855,273219.22377599793,7.2269021441775685
Meadows,dfw,dallas,Plano,274427.53659659595,261137.99412098975,-4.842641755423259
Rohton Park,dfw,dallas,Carrollton,299766.7514174323,303171.5197428546,1.1358058588295834
Timber Creek Estates,dfw,dallas,Rockwall,337529.676422908,350245.21588468505,3.7672359943381926
Rosebud,dfw,dallas,Midlothian,423725.05375595065,417484.2443298585,-1.4728440933036264
Hill Crest,dfw,dallas,Midlothian,383500.75993185496,383334.7978263317,-0.043275561058278254
Carverdale,houston,houston,Houston,211927.27465017195,209042.125037707,-1.3613866441813374
Preston,dfw,dallas,Plano,670968.9230356066,667502.7521201768,-0.5165918713117341
Northbrook,dfw,fort_worth,Fort Worth,236581.23682103225,238336.6916009224,0.7420093002633678
Jacksonville Heights West,jacksonville,jacksonville,Jacksonville,291162.91673516686,289972.05595835985,-0.4090015274473221
Westheimer Lakes,houston,houston,Richmond,353510.64642293396,360762.33596540266,2.0513355441614904
Bermuda Bay,orlando,orlando,Kissimmee,327218.28980316635,314155.73564985214,-3.9920000074481807
Avalon Harbor,south_florida,fort_lauderdale,Pompano Beach,297583.4506700576,287511.19066521485,-3.38468418931343
Miramar Patio,south_florida,miami,Miramar,553851.0697610844,538421.058736674,-2.7859494847715
Park Forest,dfw,dallas,Plano,330286.7363073616,322082.567765927,-2.4839533773466185
Southeast,dfw,dallas,Colleyville,933837.105620603,972514.0226613422,4.141719878975635
High Point,tampa,tampa,Brooksville,280434.0659152753,289841.72578805767,3.354677985385912
Fairmount,dfw,fort_worth,Fort Worth,413983.4783857016,437525.77433284745,5.686771858371574
Lake Nona South,orlando,orlando,Orlando,711776.3881777938,782341.5387981732,9.913949351569805
Edgemoor,tampa,tampa,Saint Petersburg,289137.2143892025,268292.38219682797,-7.209321787376581
Creekside Ranch,houston,houston,Richmond,360709.997574249,375132.69948979997,3.998420341144603
Downtown,waco,waco,Waco,193330.21693167457,189970.44971258158,-1.7378386433406703
Parkdale Viking Hills,waco,waco,Waco,226472.1553665734,243266.04990093128,7.4154345849602885
Pembroke Isles,south_florida,miami,Pembroke Pines,594243.4076813586,588358.4612743412,-0.9903259053355796
Flagridge,houston,houston,Lake Jackson,307648.9108417163,305694.33651891706,-0.6353262611759541
Birmingham Farms,dfw,dallas,Wylie,363157.3523781624,355821.27615983115,-2.0200819755652484
Port Tampa City,tampa,tampa,Tampa,456859.0661810576,450343.3505980067,-1.426198157238424
Cedar Hills Estate,jacksonville,jacksonville,Jacksonville,198593.6664505204,191385.39507803935,-3.629658236999711
Edgewood,south_florida,fort_lauderdale,Fort Lauderdale,485486.6038602652,460165.10748420097,-5.215694145775522
Crestview,south_florida,miami,Miami Gardens,503018.56999885634,515462.66961676086,2.4738847350969193
Zephyrhills South,tampa,tampa,Zephyrhills,227526.66706237357,222537.66565704328,-2.1927106258549536
Original Section,south_florida,miami,Greenacres,391193.9195942515,388222.29788559,-0.7596288080713716
Bunche Park,south_florida,miami,Miami Gardens,403862.91921467544,401842.45168574556,-0.5002854762845622
Cypress Landing,houston,houston,Cypress,353032.0553150768,352724.6032847225,-0.08708898405270839
Remington Point,dfw,fort_worth,Fort Worth,288336.3257449328,285500.8289585653,-0.9833990840529145
Southpoint,jacksonville,jacksonville,Jacksonville,265160.2603859634,276295.46865969035,4.19942575766017
Ybor City,tampa,tampa,Tampa,274983.74635934667,276902.584756584,0.6978006600905904
Frisco Lakes,dfw,dallas,Frisco,441034.20067783265,443247.3356564407,0.5018057500317777
Pine Tree Park/ Golden Highlands,south_florida,miami,Miami Gardens,448493.7828326314,450660.02497126703,0.4830038278243101
Lakewood,jacksonville,jacksonville,Jacksonville,277469.31581714185,277394.1583451372,-0.027086768777769527
Chisholm Valley,austin,austin,Round Rock,277890.12988743227,271710.3740881953,-2.2238126275806325
Nautica,south_florida,miami,Miramar,604525.6129626726,597688.3867393669,-1.1310068716191612
Greenwood Hills,dfw,dallas,Richardson,380613.2993839238,392492.51393425645,3.121071851551381
Fort Caroline Shores,jacksonville,jacksonville,Jacksonville,439225.768877373,449379.7188335095,2.3117837512332606
Federal Gardens,south_florida,miami,Riviera Beach,260694.19955299457,272611.9329576498,4.571537619590411
Lockhill Estates,san_antonio,san_antonio,San Antonio,336857.88388606446,340856.4990025154,1.187033258750562
Shadow Grove,houston,houston,Pearland,368689.8926130516,366802.78787779546,-0.5118406479443888
Lincoln Villas,jacksonville,jacksonville,Jacksonville,209058.29451397955,213382.45587168113,2.068399805783563
College Hill,tampa,tampa,Tampa,256239.7265832641,281507.8794638068,9.861137934180523
Magnolia Creek,houston,houston,League City,496872.96013356233,513108.0699289006,3.2674568950127916
Melrose Manors,south_florida,fort_lauderdale,Fort Lauderdale,413821.221877919,411244.77926577657,-0.6225979906130799
Downtown Jacksonville,jacksonville,jacksonville,Jacksonville,174751.407075246,187481.63054306002,7.284761639906289
Sedona Creek,houston,houston,Missouri City,309752.7640971733,324613.9150493089,4.797746033179382
Skycrest,tampa,tampa,Clearwater,321865.40657153324,317937.3421136488,-1.220405914299917
Southwood,jacksonville,jacksonville,Jacksonville,321988.7854073716,320953.32656271703,-0.32158226981244653
Falcon Pointe,austin,austin,Pflugerville,455861.93859319366,448704.44560223044,-1.570101029502814
The Meadows,south_florida,miami,Miramar,407406.2349410555,412100.84680395527,1.1523171371147576
Cloverleaf Estates,south_florida,miami,Miami Gardens,411709.102362488,414386.83994216385,0.6503955254596852
Duval,jacksonville,jacksonville,Jacksonville,252068.38699176884,252174.90702207517,0.042258385344374975
Middle River Terrace,south_florida,fort_lauderdale,Fort Lauderdale,428136.1361828263,391823.29727223545,-8.481610366821323
Fountain Parke,orlando,orlando,Lake Mary,419161.7361757722,410680.5043026023,-2.023379316668674
Thousand Oaks,san_antonio,san_antonio,San Antonio,350229.2087384057,363743.2782604114,3.8586357690399407
South Central,dfw,dallas,Colleyville,929533.0736713568,958788.8349569364,3.147360983082484
Country Lake Manors,south_florida,miami,Hialeah,642896.0254168212,629154.1378235671,-2.1374976745803576
Denia,dfw,dallas,Denton,305560.66745197726,300587.2552179363,-1.627634955609135
Park Side,south_florida,fort_lauderdale,Hollywood,229144.6643767217,218903.61125027935,-4.4692522753249415
Lyons Park,south_florida,fort_lauderdale,Pompano Beach,410476.22823279863,417407.5960856888,1.6886161429448456
Woodstone,san_antonio,san_antonio,San Antonio,206284.2153219221,203542.89497854424,-1.3289045597113753
Lake Olympia,houston,houston,Missouri City,372750.71700156486,401484.3361536374,7.708534911269373
Westover Forest,san_antonio,san_antonio,San Antonio,383062.8006623837,388398.2081377782,1.392828399460511
Westwood Forest,orlando,orlando,Kissimmee,343186.32557050954,329297.0203939673,-4.047161597552821
Seminole Manor,south_florida,miami,Lake Worth Beach,352677.720333982,337287.662787328,-4.363773683259549
Cambridge Heights,austin,austin,Pflugerville,339861.07732359524,329422.6258065559,-3.0713877562097127
Willow Creek,dfw,fort_worth,Fort Worth,247883.6671493197,249739.30430141054,0.7485919396912294
Bomber Heights,dfw,fort_worth,Fort Worth,179171.49818625013,179221.55387072952,0.027937303078951082
Tarpon River,south_florida,fort_lauderdale,Fort Lauderdale,538876.3553824079,523041.2424781137,-2.938542904347139
Yale Park,dfw,dallas,Richardson,371900.6040695773,366172.3421903481,-1.5402668929673327
Hidden Valley,houston,houston,Houston,211811.5937893704,215461.77971206245,1.7233173394284786
Mira Lagos,dfw,dallas,Grand Prairie,488692.27627441054,518291.69015600276,6.056861407191865
Forest Bend,houston,houston,Friendswood,240441.7425929573,247609.42851518575,2.9810488998004736
Oakhurst,houston,houston,Porter,369998.2747800869,382926.1978340357,3.494049549726323
Mar Bella,houston,houston,League City,423118.78149103065,437592.48277865467,3.420718228725291
Cottonwood,houston,houston,Rosenberg,252714.51450759143,252617.81430757602,-0.038264600750706874
Sunset Lakes,south_florida,miami,Miramar,989788.2843323852,932723.7333955535,-5.76532899410118
Ashley Pines,tampa,tampa,Wesley Chapel,353052.2980689709,355814.7802432672,0.7824569304337494
Foster Village Park,dfw,dallas,Watauga,270742.50236905116,272825.7555356931,0.7694592272779637
Cypresswood,houston,houston,Spring,294590.8672841011,293078.12632126245,-0.5135057229658658
West Ranch,houston,houston,Friendswood,683048.7808128862,656218.3179272491,-3.9280449126498014
Cinco Ranch Northwest,houston,houston,Katy,729573.1004893739,751192.5928578275,2.9633072208873923
Pembroke Shores,south_florida,miami,Pembroke Pines,741274.7165479222,754542.7397256619,1.789892853695077
The Ranch,dfw,dallas,Murphy,474316.5873053304,473535.2125780147,-0.16473696012926592
Seven Oaks,tampa,tampa,Wesley Chapel,462495.30135272554,476949.7937848308,3.125327411938702
Blanche Ely,south_florida,fort_lauderdale,Pompano Beach,396537.55251121265,403045.01264511014,1.6410703331088632
Oakridge Terrace,dfw,fort_worth,Fort Worth,202876.10356915405,200636.14295007032,-1.1041027403802588
Bridlewood,dfw,dallas,Flower Mound,812696.0812997972,824679.2796890372,1.4744993442166687
Grand Vista,houston,houston,Richmond,366137.16896796087,377548.54866730294,3.1166952351512367
Colonialtown North,orlando,orlando,Orlando,449260.8542854505,449501.2913591513,0.05351836720411435
Westgate,austin,austin,Austin,568119.5281802826,571161.7778926549,0.5354946558722958
Waterview,houston,houston,Richmond,325251.1333275854,324330.9838336968,-0.2829043159587854
Sunshine Estates,san_antonio,san_antonio,San Antonio,232452.76438651184,233110.50852725544,0.28295819259431615
Harbour Island,tampa,tampa,Tampa,538712.4374651053,523299.056369772,-2.8611518916957817
Wilshire,san_antonio,san_antonio,San Antonio,176674.18280695906,157146.99927446607,-10.0
Oakmont,dfw,dallas,Corinth,444438.1114432746,447610.9374389889,0.7138960215204784
Royal Lakes,jacksonville,jacksonville,Jacksonville,265746.2484567925,256172.95360232273,-3.6024195675621318
Ortega Farms,jacksonville,jacksonville,Jacksonville,243415.4239808794,240622.0438436036,-1.1475772946480218
Scenic Bluff,dfw,fort_worth,Fort Worth,198793.4249686974,198099.30381831352,-0.34916705645227936
Sonoma,austin,austin,Round Rock,433773.101925022,435611.4060120904,0.42379393256756476
Ashford Grove,houston,houston,Tomball,276026.2754558914,277367.43465089804,0.4858809882470648
Brookfield Estates,austin,austin,Pflugerville,309982.25627559324,288719.14837802877,-6.859459684253756
Loch Lomond,south_florida,fort_lauderdale,Pompano Beach,170873.5957228602,196170.68645393045,14.804563937484877
Prosper Trail,dfw,dallas,Prosper,671472.6074590286,624939.1023298553,-6.930067528035777
Chisholm Ridge,dfw,fort_worth,Fort Worth,309233.03132451605,307955.05594898365,-0.4132725957697803
Westbourne,houston,houston,Tomball,234843.87982957633,234554.4805742519,-0.12323048637010721
Uleta,south_florida,miami,North Miami Beach,483143.7002579355,461202.7050183202,-4.541298008832921
Verona,dfw,dallas,Lewisville,487384.6579790454,518744.46103319817,6.434302463312466
Enclave,tampa,tampa,Land O Lakes,350874.4977523417,350844.2554305361,-0.008619127921604838
Stagecoach Village,tampa,tampa,Land O Lakes,358885.1678176603,373954.1339455282,4.198826666340247
Northwest Park,san_antonio,san_antonio,San Antonio,249264.97929665103,259001.58402862455,3.9061262273774764
Parkwood Maintenance,san_antonio,san_antonio,San Antonio,293222.4777070388,287945.8975314835,-1.7995142176061925
University Park,south_florida,miami,Boca Raton,971944.2905864364,1037857.0009200359,6.781531716579157
Keystone Lake,south_florida,miami,Pembroke Pines,643578.0068654264,626219.2494808334,-2.6972266297817677
Southbrook,dfw,dallas,Wylie,363189.0913837089,352510.42697634787,-2.940249214720772
River Oaks,south_florida,fort_lauderdale,Fort Lauderdale,569006.515350747,547189.2055671731,-3.834281189227742
Sutton Place,dfw,dallas,Garland,248058.4917722932,236972.5637547775,-4.469078215508979
Old Towne,dfw,dallas,Plano,298791.0259343079,291154.06039254414,-2.555955460135813
Palos Verdes,dfw,dallas,Mesquite,259817.6260169072,265513.9674756452,2.192438421543932
Quail Grove,dfw,fort_worth,Fort Worth,330328.03245528723,337131.7025148203,2.059670809335271
Coral Ridge Isles,south_florida,fort_lauderdale,Fort Lauderdale,637866.2977843557,620680.0458925826,-2.694334526133446
Roseheart,san_antonio,san_antonio,San Antonio,525933.7396354531,540569.5991244981,2.782833346875544
Summit at Bulverde Creek,san_antonio,san_antonio,San Antonio,305230.90222795465,303250.2364296727,-0.6489073628602471
Greenway Village,houston,houston,Cinco Ranch,470390.4778307953,510066.9578954996,8.434796607208614
Jackson Heights,tampa,tampa,Tampa,248898.4312609397,256324.07462936436,2.9834030414758983
River Bridge,south_florida,miami,Greenacres,428537.6733127136,410402.70883528027,-4.231825019547316
Fossil Park,dfw,fort_worth,Fort Worth,313680.3017037211,310813.07180872484,-0.9140611888675246
Monica Park,dfw,dallas,Garland,201541.65451592105,194458.10192032641,-3.5146841543047183
Alhambra Heights,south_florida,miami,North Miami,454298.8472097305,458115.97282222053,0.8402234863536532
Wedgewood,houston,houston,Friendswood,270295.75513385143,274393.4983074057,1.5160220224416885
The Hills of Park North,san_antonio,san_antonio,San Antonio,188097.6455561138,186635.54599191638,-0.777308806750182
East Cesar Chavez,austin,austin,Austin,588316.9455803931,583197.6395844456,-0.8701612344171207
Mahncke Park,san_antonio,san_antonio,San Antonio,407905.9198975976,425127.0127724479,4.221829602074316
Southeast Seminole Heights,tampa,tampa,Tampa,332373.4065506373,343345.9219049103,3.301261514314731
Country Club Estates,south_florida,miami,Plantation,654898.3581625839,630066.9379602225,-3.791644900749135
Sunset,south_florida,fort_lauderdale,Fort Lauderdale,467577.3728673845,463306.3901086507,-0.9134280242310058
Mayport,jacksonville,jacksonville,Jacksonville,299505.6395803745,280969.0312033702,-6.189068226887227
Acme Gulfair,south_florida,miami,West Little River,459164.6999759881,477885.66060556256,4.077177672968654
Walden,houston,houston,Montgomery,300107.2168937705,300941.26599561895,0.2779170426093672
Genesis Oak Gardens,south_florida,miami,Miami Lakes,693417.5503951673,674259.094104456,-2.762903286741619
Lakewood North,dfw,dallas,Lewisville,282503.3618699185,278076.77915939584,-1.5669132859951234
Lake Ridge,south_florida,fort_lauderdale,Fort Lauderdale,680226.4777373032,649684.4026637806,-4.4899862138735624
Mission Bay,south_florida,miami,Boca Raton,716244.1302565885,750252.4442093053,4.7481455716130885
Signal Hill,orlando,orlando,Orlando,244053.35412355492,235096.33057180315,-3.6701087694198096
Medford Lakes,tampa,tampa,Riverview,360446.1986303146,371961.8141539127,3.1948222972962714
Brussels Bay,tampa,tampa,Riverview,351963.6683314491,358094.0534303161,1.7417664521821987
The Summit at Fern Hill,tampa,tampa,Riverview,352925.51689180563,354513.4684223146,0.4499395635923365
Fairmont Estates,houston,houston,Pasadena,229534.3660064269,237159.4875159144,3.321995587045997
Sosa/Pineapple Beach,south_florida,miami,Lake Worth Beach,353368.055016802,349460.4625586362,-1.1058137267048591
LakePointe,dfw,fort_worth,Fort Worth,286773.9551097763,278311.28286749526,-2.9509905245898427
Boswell Ranch Estates,dfw,fort_worth,Fort Worth,293616.47650069155,285212.76438848046,-2.8621391457203544
Briar,dfw,dallas,Azle,408902.1031146405,424512.1100286066,3.817541361382933
Hidden Hills,jacksonville,jacksonville,Jacksonville,307524.35798416345,303611.98786422174,-1.2722147102712387
Windermere,austin,austin,Pflugerville,286669.55666736816,276708.4498914011,-3.474769658755654
Royal Poinciana,south_florida,fort_lauderdale,Hollywood,325800.1214667875,308709.40568032267,-5.245767162246763
Northwood,south_florida,miami,West Palm Beach,291696.45306868764,270475.6260694925,-7.274969159188969
Saltgrass Crossing,houston,houston,La Marque,228455.50327875736,228322.08199116657,-0.05840143296000405
Delany Cove,houston,houston,La Marque,267596.0958650722,268343.8420779502,0.27943091264493014
Holiday Lake Estates,tampa,tampa,Holiday,209088.9850053011,216856.45184681972,3.714909631093998
Sweetwater,jacksonville,jacksonville,Jacksonville,198061.7046374843,187509.35691552237,-5.327808190521272
Terrell Heights,san_antonio,san_antonio,San Antonio,334864.5082120505,346882.8911269134,3.5890285832419098
East Congress,austin,austin,Austin,364837.29439526174,358941.0137565298,-1.6161397777344484
Oakland Heights,san_antonio,san_antonio,San Antonio,439423.5439088966,446360.43456810975,1.578634271051101
Oak Lake,houston,houston,Sugar Land,328998.03614281997,333244.85731613863,1.290834809565578
Allen Park,south_florida,miami,North Miami Beach,455860.977491204,465328.3875369107,2.0768195816649833
Leisureville,south_florida,miami,Boynton Beach,288143.4116661449,278848.4010372787,-3.2258279219778925
Coquina Key,tampa,tampa,Saint Petersburg,273179.1926173679,261399.66228019114,-4.312015942471837
The Champions Estates-Stone Oak,san_antonio,san_antonio,San Antonio,955094.2861947776,980510.4152584851,2.6611120421386643
Indian Lakes,tampa,tampa,Lutz,377672.70576279075,381462.20457409456,1.0033816988839874
Turtle Lakes,tampa,tampa,Lutz,380696.57906207285,403487.2497386257,5.986570915005998
Heritage Hills,dfw,dallas,Forney,252156.7137158724,264589.52539805754,4.930589195493043
Old West Tampa,tampa,tampa,Tampa,306614.0015121745,312801.12547691003,2.0178869634855445
Mission Estates,houston,houston,Friendswood,373385.5521972377,381495.36761780846,2.171968190211828
Southdown,houston,houston,Pearland,309356.77209495613,324726.5619089689,4.968305594194348
Nautica Isles,south_florida,miami,Greenacres,530364.5734308668,529949.4478332406,-0.07827174332946192
Camelot,dfw,dallas,Garland,316470.02427222155,315653.1844621454,-0.2581096936288473
Edgemont Park,dfw,dallas,Mesquite,179682.27138707074,158990.91970102978,-10.0
Carver City,tampa,tampa,Tampa,302850.3199299725,301617.0591374617,-0.4072179262666724
Settegast,houston,houston,Houston,175751.79214079285,194187.49537270088,10.489624604874237
Midway Park,dfw,dallas,Euless,249123.11197020728,237016.96370341457,-4.859504271221725
Palm Beach Square,south_florida,miami,Palm Beach Gardens,432339.2533205191,431962.2936694513,-0.08719070687489296
Jackson's Run,dfw,dallas,Greenville,232048.9877102217,229376.59558363087,-1.1516499826011135
The Cedars,dfw,dallas,Greenville,306694.78747292724,299828.9039786677,-2.2386697703056417
East Gateway,tampa,tampa,Clearwater,213226.68003270813,226746.47237184417,6.340572547986094
Ryanwood,dfw,fort_worth,Fort Worth,255389.34227399484,250137.4997439364,-2.056406302352268
King Gardens,south_florida,miami,Miami Gardens,380583.25072969584,389117.1684502653,2.2423261413126596
Westbranch,houston,houston,Houston,255999.6251844711,249074.28192938227,-2.705216169788724
University Park,jacksonville,jacksonville,Jacksonville,297124.8073075656,295907.53339380695,-0.409684376336367
Wheeler Ridge,dfw,dallas,Denton,326220.0484371361,320579.94512341113,-1.728926024242145
Lockwood,dfw,dallas,Weatherford,353902.0928930537,359732.5302938724,1.6474718623889562
County Brook Park Estates,dfw,dallas,Weatherford,379301.6293929952,381894.07670336164,0.6834790861603167
Clear Lake,dfw,dallas,Weatherford,446164.7332008378,485805.0641637056,8.88468496344018
Clear Creek Estates,dfw,dallas,Weatherford,471406.07242010784,508727.58467241505,7.917062260294137
Ingram Hills,san_antonio,san_antonio,San Antonio,207742.46707032408,219012.0302978886,5.4247758710546075
Avalon,dfw,dallas,Wylie,383197.19689745014,377893.6377202574,-1.384028698574239
Oak Meadows,dfw,dallas,Wylie,329453.1565798642,329640.6886936063,0.05692223917017557
Euclid Heights,tampa,tampa,Saint Petersburg,331285.1539166284,329858.85842969926,-0.43053407919633824
Lost Creek Ranch,dfw,dallas,Allen,458215.439849688,452200.99036850355,-1.3125811481074028
Boca Chase,south_florida,miami,Boca Raton,506445.24797133286,514259.0480376043,1.5428716327324972
Progresso Village,south_florida,fort_lauderdale,Fort Lauderdale,466571.8852032046,449277.91605194414,-3.706603355178262
Hidden Creek,houston,houston,Conroe,242849.33395435635,236956.45360704613,-2.426558167302936
Colony Courts,south_florida,miami,Sunrise,375390.10727216746,371747.35159046797,-0.9703920298193687
Kings River,houston,houston,Atascocita,335782.97463520616,339972.4981730413,1.2476878979306956
Fossil Park,tampa,tampa,Saint Petersburg,292513.24221059,268355.30932240904,-8.258748460621435
Rainbow Woods,tampa,tampa,Spring Hill,399656.8294469335,411879.6717932213,3.0583344123513214
Highland Acres,houston,houston,Pasadena,231841.23939249027,230234.06963522252,-0.693219964437358
Westover Park,houston,houston,League City,415391.361538251,426702.8014154102,2.723080190033656
Fairways Forest,jacksonville,jacksonville,Jacksonville,279732.5902230781,280065.6083140417,0.11904872817930326
Freeman Heights,dfw,dallas,Garland,216083.87499109408,222791.11454205136,3.1039981818327353
Wyngate Townhomes,tampa,tampa,Saint Petersburg,331589.996796072,330952.4467700834,-0.1922705848031648
Riverland,south_florida,fort_lauderdale,Fort Lauderdale,381224.3486663671,383190.0320370833,0.5156237731384943
Riviera Isles,south_florida,miami,Miramar,780352.1491881092,803561.8143499057,2.9742553007567416
Tecumseh Park Estates,dfw,dallas,Waxahachie,484414.45402517874,503349.9203595253,3.908939169136011
Baywood,houston,houston,Pasadena,358168.59941070207,365861.70492595976,2.1479006054453746
Wedgewood,houston,houston,Conroe,428465.0376082214,433775.85845075443,1.2394992301306778
North Lake Village,houston,houston,Cinco Ranch,644871.544884501,669760.8877320447,3.8595815003748433
Lake Brant,tampa,tampa,Lutz,592008.5645373153,607081.5422589283,2.5460742672520813
Woodlake,dfw,dallas,Little Elm,339704.245087805,331888.62051808793,-2.30071442518974
Shady Oaks,san_antonio,san_antonio,San Antonio,321947.3251407076,320671.1132073644,-0.396403956077422
Summer Creek Ranch,dfw,fort_worth,Fort Worth,320013.9508619877,317297.59879843117,-0.8488230141966627
Lake Country,dfw,fort_worth,Fort Worth,409095.83265638415,416376.165419462,1.779615479288665
Regency Park,houston,houston,Deer Park,280713.2954790574,288506.2598665144,2.7761294220702117
North Star West,dfw,dallas,Garland,289431.9635299792,283812.66654608643,-1.9414915047248238
Olive Tree,south_florida,miami,Greenacres,480790.81886999775,457355.89576773485,-4.87424513582476
Bridgestone,houston,houston,Spring,231771.8463263903,230507.86294687793,-0.5453567374755229
Monterey,orlando,orlando,Orlando,291993.45184875507,297826.8432745561,1.997781590260653
Atascocita Trails,houston,houston,Atascocita,248340.78187542493,248185.53903420852,-0.06251202079821501
West Congress,austin,austin,Austin,379937.5161975816,368602.82392835326,-2.9833043029459296
Western Central,dfw,dallas,Colleyville,689308.7935585437,676335.7143210728,-1.8820417436570904
Stone Creek,dfw,fort_worth,Fort Worth,418662.8642577228,431411.5214133293,3.0450890785858187
South Pointe,tampa,tampa,Riverview,323206.72624607495,320984.4747214713,-0.687563514043861
Browning,houston,houston,Pasadena,333431.0326628928,331345.50127906504,-0.6254760893645618
Westover Village,dfw,dallas,Weatherford,325661.6133390351,321606.10807603697,-1.24531264873888
Coronado Hills,austin,austin,Austin,300432.39484166336,273562.0504604202,-8.943890486711535
Gateway Parks,dfw,dallas,Forney,365102.5768890944,363367.83933839365,-0.47513703285301034
Highland Prarie,dfw,dallas,Forney,381009.5062746117,375103.9643828129,-1.5499723220927666
Bellaire Heights,dfw,dallas,Garland,198960.25390611403,177418.4867559284,-10.0
The Landing,houston,houston,League City,254186.14863005016,255824.4292030666,0.6445200030945986
Pinehurst of Atascocita,houston,houston,Atascocita,341210.6564306113,351120.44769468857,2.9043029803767277
Hidden Valley,south_florida,miami,Boca Raton,706225.2001761636,747347.4314034241,5.822821278113959
Heritage Estates,dfw,fort_worth,Mansfield,380168.8078706873,383126.6126578402,0.7780240582386224
Canterbury Park,houston,houston,Pearland,375072.4217662094,384088.38315735786,2.4037921393133743
Vista Oaks,austin,austin,Round Rock,465079.8995646828,459262.98319942097,-1.2507348459278704
Monterrey Village HOA,san_antonio,san_antonio,San Antonio,262263.2360639611,264516.11276303476,0.8590135365081109
Westshore,dfw,dallas,Grand Prairie,379435.0598496119,390331.21897695854,2.8716795784936986
San Antonio Creekside,san_antonio,san_antonio,San Antonio,226799.36587538975,227224.0590185722,0.18725499586088004
Williamsburg West,tampa,tampa,Wesley Chapel,334010.6161850331,335132.28012832446,0.33581685399783173
Palm Beach Lakes,south_florida,miami,West Palm Beach,409683.8840981356,411053.732982131,0.33436728589189607
Garden City,jacksonville,jacksonville,Jacksonville,275325.2565800038,270387.17317070096,-1.7935453763457996
Highland Farms,san_antonio,san_antonio,San Antonio,212008.14302477057,208045.56219529148,-1.86907010879111
Bay Pines,tampa,tampa,Saint Petersburg,360902.0787520067,355367.3419326828,-1.5335840786683568
Downtown Round Rock,austin,austin,Round Rock,338688.68274382426,347759.01907327503,2.6780748196157917
Durrs Homeowners,south_florida,fort_lauderdale,Fort Lauderdale,338855.77905188553,328059.68105948146,-3.186045114122423
Snug Harbor,south_florida,fort_lauderdale,Pompano Beach,313643.1310370893,301127.7549093833,-3.990323679757547
Downtown,dfw,dallas,Denton,248070.5458545873,247245.14276083812,-0.33272918028447523
Midlothian Meadows,dfw,dallas,Midlothian,325196.3459832667,322318.2471361065,-0.8850341901776251
Ridgeview,dfw,dallas,Midlothian,289584.9782051765,286345.0212284753,-1.1188277088066305
Indian Trails,houston,houston,Cypress,366140.9148331418,380431.25958381535,3.9029630865444207
Winthrop Village,tampa,tampa,Riverview,443392.3178132383,454998.25410283566,2.6175321094502833
Rolling Hills,dfw,dallas,Highland Village,635674.4381743624,637741.2082573741,0.32513028035977204
West Sunswept,south_florida,miami,Pembroke Pines,475702.93155243574,457712.03563137865,-3.781960279778934
Hunters Pond Village Green,san_antonio,san_antonio,San Antonio,221148.45660633795,221069.04285689408,-0.03590970095948929
Sage Creek,dfw,dallas,Wylie,398634.84483451,395004.7672212957,-0.9106272721144884
Historic Kenwood,tampa,tampa,Saint Petersburg,500569.760744004,519615.1188988126,3.804736052473735
Braun Station West,san_antonio,san_antonio,San Antonio,299202.6172556787,297982.46373122936,-0.4078017550918232
Dawson,austin,austin,Austin,571067.5949266871,557052.6565032697,-2.454164541627793
Dallas North Estates,dfw,dallas,Plano,414913.83161566657,410203.36477685365,-1.1352879754503369
Palma Ceia Pines,tampa,tampa,Tampa,474261.971733761,471133.5856337195,-0.6596324998618495
Colony Creek,houston,houston,Spring,279473.03836690885,281873.66644001706,0.8589837814539092
Royal Poinciana,south_florida,miami,Lake Worth Beach,308448.08365825424,308324.1478401072,-0.04018044679581982
Trails at Cypress Lake,houston,houston,Tomball,387867.85648737935,394310.11308926175,1.6609410896342274
Park at Glen Arbor,houston,houston,Tomball,373651.6640446758,382322.377254158,2.3205338136659504
Beacon Hill,dfw,dallas,Allen,562855.9161642323,564429.9155835729,0.2796451763476469
Lakeside,san_antonio,san_antonio,San Antonio,186246.8088124411,184993.82584057286,-0.6727540621273436
High Country,san_antonio,san_antonio,San Antonio,233633.3548036665,235158.97866616794,0.6529991677701558
Willow Fork,houston,houston,Cinco Ranch,602849.7690459088,625381.2442802187,3.7374942135200637
Woodlake,dfw,dallas,Carrollton,326786.1876101366,320261.3510023735,-1.9966684196418234
Oakwell Farms,san_antonio,san_antonio,San Antonio,478859.7699791191,486806.16461334465,1.6594408493684962
Parker Ridge,south_florida,miami,West Palm Beach,414322.8405426861,412129.6301596724,-0.5293481721019789
Fondren Gardens,houston,houston,Houston,187213.13730380917,192382.64967614037,2.7612978697868424
Riverside Heights,tampa,tampa,Tampa,533124.3256258724,533788.4562165533,0.12457330471674065
Camelot 1,san_antonio,san_antonio,San Antonio,201075.49158873336,196517.54366205295,-2.2667844254251235
Jefferson,san_antonio,san_antonio,San Antonio,203605.349401361,216557.81036077254,6.361552384303399
Longs Creek,san_antonio,san_antonio,San Antonio,287012.8129707123,287110.7246722984,0.03411405246081773
Old Cutler Common,south_florida,miami,Cutler Bay,513958.3174493367,530813.699482285,3.279523156001803
Chapel Creek,dfw,fort_worth,Fort Worth,300043.49484881357,296325.00511774706,-1.2393168973518955
Bonnie Brae,dfw,fort_worth,Fort Worth,205845.9402705347,205704.71850195568,-0.0686055641386016
Lakecrest,houston,houston,Katy,319978.630874269,323092.83030623145,0.9732523148354022
Le Chalet,south_florida,miami,Boynton Beach,490886.281365434,502778.883031725,2.422679573201948
Gateway,tampa,tampa,Saint Petersburg,240749.0924741995,208756.14535386313,-10.0
Pineapple Park - Ibis,south_florida,miami,West Palm Beach,944284.9733475376,967953.2100529473,2.5064718144888642
Eldorado Estates,dfw,dallas,Little Elm,435873.39092123584,442084.9099825538,1.4250741593079734
Southeast Denton,dfw,dallas,Denton,272093.7264863307,265392.8652717244,-2.462703312251082
College Park,san_antonio,san_antonio,San Antonio,290150.43972139945,291612.1271840962,0.5037688256134474
Village Park,dfw,dallas,McKinney,517997.7757517265,517245.32866881345,-0.14526067835351422
Boca Raton Square,south_florida,miami,Boca Raton,745029.9289632429,754579.3725947473,1.281753022297117
Walnut Creek,dfw,dallas,Azle,247369.4615323801,246039.78554105185,-0.5375263312986622
Tanglewood Estates,dfw,dallas,Azle,245832.32340251413,260954.64497461586,6.151478114349172
Griffin Park,dfw,dallas,Frisco,679619.8716185718,683334.1779986109,0.5465270418290078
Riverview Estates,south_florida,miami,Miami Gardens,476298.42944307183,467867.4324219104,-1.7701080877003221
Overlook,dfw,dallas,Midlothian,286909.97466141573,278736.4046758629,-2.8488274049023525
Millbrook,dfw,dallas,Midlothian,320309.05198278785,317845.26209089556,-0.7691914657549802
Encino Park,san_antonio,san_antonio,San Antonio,358689.3955026314,365508.41575502825,1.9010933520466602
Hollow Hills,dfw,fort_worth,Fort Worth,308467.27128540655,303574.7530413762,-1.5860736938615454
Maverick Creek,san_antonio,san_antonio,San Antonio,242889.20593062704,211412.5048984639,-10.0
Hillside Village,dfw,dallas,Allen,282176.14325905597,266763.88304564497,-5.461928863086611
Villa Rosa,tampa,tampa,Lutz,599394.7985379937,600288.0132347214,0.14901942741351218
Ryan Place,dfw,fort_worth,Fort Worth,404946.2494858484,412248.1583945018,1.8031797844589106
Stone Crest,houston,houston,Katy,325235.2010309869,324763.6863723751,-0.14497651457071767
Tehama Ridge,dfw,fort_worth,Fort Worth,359476.4610805114,360866.1114227721,0.3865761719373003
Lakes of Tara,south_florida,miami,Boynton Beach,418191.1491891222,423275.14240619005,1.215710381945141
Rainbow Park,south_florida,miami,Miami Gardens,395690.0898631723,393061.315058039,-0.6643519442304872
Bayshore,south_florida,miami,Miami Beach,954796.6174425024,917085.5381683469,-3.9496452527416395
Memorial Chase,houston,houston,Spring,262241.82616216,261346.71802318352,-0.3413292807162663
Medical Center Area,houston,houston,Houston,509315.3219842186,523991.4905502102,2.8815486070231198
Creek Hollow,dfw,dallas,McKinney,362375.75755697925,338340.0626084808,-6.632809851999862
La Collina,tampa,tampa,Brandon,565040.121644225,564886.2387753896,-0.027233972056279032
Rattlesnake,tampa,tampa,Tampa,481200.73328956816,465794.2327529742,-3.201678524318232
Old Collier,south_florida,fort_lauderdale,Pompano Beach,392403.9529005753,387201.1471074738,-1.325880066865622
Turtle Cay,south_florida,miami,Riviera Beach,382248.3486884083,392148.68239080696,2.59002654592733
Biltmore,south_florida,miami,Coral Gables,974229.823342342,958430.2659719904,-1.6217484819082264
Butler Beach,jacksonville,jacksonville,Saint Augustine,503905.293439215,513483.75306194177,1.9008452079065536
Longbranch,dfw,dallas,Midlothian,353669.05084001925,350267.4671957669,-0.9617985051768132
Sailboat Bend,south_florida,fort_lauderdale,Fort Lauderdale,490313.47153104935,461069.81124565465,-5.964278361367199
Country Lake Estates,houston,houston,Spring,382240.4854355699,396248.4939861109,3.6647108520120866
Country Ridge,dfw,dallas,Wylie,550932.851185767,554829.0769774618,0.7072052035577518
Palm Club Village,south_florida,miami,West Palm Beach,191353.9212144136,170106.71578924905,-10.0
Arbor Greene,tampa,tampa,Tampa,559688.124069624,561059.8744289319,0.2450919182157268
Plantation Gardens,south_florida,miami,Plantation,646815.6958825482,609725.9653722288,-5.734203846075867
The Shores,dfw,dallas,Rockwall,478129.35122475337,486243.4273149025,1.6970462217733517
Mission Sierra,houston,houston,Richmond,323634.5471294195,323893.1931182759,0.07991915299232659
Dignowity Hill,san_antonio,san_antonio,San Antonio,250641.8286805825,242171.47891625657,-3.3794637586691554
Eagle Ridge,austin,austin,Round Rock,352257.83726672636,342350.5692770083,-2.812504632002374
South Seminole Heights,tampa,tampa,Tampa,397075.9549215505,400803.2616583694,0.9386886036842146
Villages at Avalon,tampa,tampa,Spring Hill,344857.3255993438,360458.5380874292,4.523961455935813
South Howard,tampa,tampa,Tampa,486213.4606170875,475117.7750105648,-2.2820605567851633
Richland Park,dfw,dallas,Richardson,438689.1302838731,457489.3823482371,4.285552288974756
Candlelight Village,tampa,tampa,Brooksville,258789.99791408304,258915.14713466718,0.04835937307966745
Lakewood,tampa,tampa,Saint Petersburg,411713.0648724715,408817.2022347426,-0.7033691385591357
Downtown,san_antonio,san_antonio,San Antonio,552659.5833134274,570482.3410056314,3.224907018774382
Kendall Lakes,houston,houston,Alvin,319379.12313790707,326348.85362797906,2.1822749156532937
Seven Coves,houston,houston,Willis,311971.2680997366,316401.3556315857,1.4200306197533585
North Kenwood,tampa,tampa,Saint Petersburg,355339.00340704183,353229.05811011366,-0.5937837604928559
Seminary Hill,dfw,fort_worth,Fort Worth,170227.13809341888,178806.0956714378,5.039712042454051
Country Club Estates,south_florida,miami,Miami Gardens,610763.0503435746,581499.5658819963,-4.791299088102435
Andrews Gardens,south_florida,miami,Oakland Park,220221.40937522455,217486.04141276612,-1.2420990176290136
Village in the Woods,san_antonio,san_antonio,San Antonio,329030.9607924491,351444.329631712,6.811933073192189
Shiloh Forest,dfw,dallas,Midlothian,703848.2735292366,739359.051990805,5.04523201904158
Richmond Heights,orlando,orlando,Orlando,228523.17872135216,222491.2081103947,-2.639544331873871
Grand Peninsula,dfw,dallas,Grand Prairie,467098.5846785253,491431.68284941145,5.209413808785808
Southchase,orlando,orlando,Orlando,415115.605485997,417726.8838529108,0.6290484704511722
Lakes of Acadia,south_florida,miami,Opa-locka,442447.0332775363,443972.56929156324,0.34479517304617807
Greenslopes at Lake Creek,austin,austin,Round Rock,262832.4412426755,260395.96192907705,-0.9270085922722148
Cory Lake Isles,tampa,tampa,Tampa,705373.1270380727,778897.9890508188,10.42354169650379
Arapaho,dfw,dallas,Richardson,424818.8917510316,451741.21272781945,6.337364345031498
North Park Estates,dfw,dallas,North Richland Hills,258105.48415641775,252305.25211264854,-2.2472331662097265
Parkgate,houston,houston,Pasadena,269781.60659469845,273823.61065887014,1.4982504238119256
Pecan Valley Heights-Pecan Valley,san_antonio,san_antonio,San Antonio,222136.9381769119,221483.57167567662,-0.29412780539675015
East End,houston,houston,Galveston,345396.292632631,344670.7027940188,-0.2100745879701701
Blanco Gardens,austin,austin,San Marcos,218626.1046203447,216374.04811346892,-1.0300949700341577
Sugar Creek,houston,houston,Sugar Land,521283.9450814878,531842.5407211098,2.0254979535138915
Avalon Villages,houston,houston,Sugar Land,817580.2332805526,854395.2331924007,4.502921965728964
Eagle Ranch,dfw,fort_worth,Fort Worth,388974.3273861271,404024.0748628468,3.869085031357389
Candle Ridge West,dfw,fort_worth,Fort Worth,276120.27820518287,268555.67632362235,-2.7396038895554504
Memorial Park,south_florida,miami,Lake Worth Beach,323282.49294486555,334211.16456955834,3.3805330827353632
Creekview Estates,san_antonio,san_antonio,San Antonio,384510.091854532,393215.9361651981,2.2641393542304433
Poinsettia Heights,south_florida,fort_lauderdale,Fort Lauderdale,648746.6413959465,613135.5706875856,-5.48921080065007
Crowley Park,dfw,dallas,Richardson,486421.8644682334,484376.5810180102,-0.4204752293483273
Lake Forest,austin,austin,Round Rock,707356.7409963679,725362.9876881245,2.5455679783857614
Fulford Highlands,south_florida,miami,Golden Glades,453076.3567740219,452831.12102024467,-0.05412680448022558
Lake Como,orlando,orlando,Orlando,449487.67544275854,449027.68926432164,-0.10233565981176207
Legend Hills-Crownridge of Texas,san_antonio,san_antonio,San Antonio,459992.4158709435,467665.4241358944,1.6680727769006607
Sims Creek,south_florida,miami,Jupiter,331059.7169331254,303947.8515860628,-8.189418392011502
Lone Star Ranch,houston,houston,Conroe,172177.53881929957,177433.58158502678,3.052687825468006
Andover Lakes,south_florida,miami,Miami Gardens,183308.90697747463,183822.2621232713,0.2800492099708772
Historic McKinney,dfw,dallas,McKinney,472388.76419186714,500364.49520271696,5.92218383066518
Loch Ness Estates,south_florida,miami,Miami Lakes,838138.7384756427,824559.7769207488,-1.620132912552235
Country Briar,houston,houston,Pasadena,248070.9266908717,251334.17791019482,1.3154508925544264
Vintage Meadows,dfw,dallas,Forney,279844.90090507997,279596.60559757525,-0.088726043140922
Lakefield of the Landings,south_florida,miami,Wellington,585067.3670398444,604046.956046858,3.244000618773366
Lakefield West,south_florida,miami,Wellington,891047.8177993568,868289.5848922586,-2.5540978219670314
Mistletoe Hill,dfw,fort_worth,Burleson,342796.91886178375,358674.61455166474,4.631808168696784
Boudreaux Estates,houston,houston,Tomball,498990.20009876805,635585.7400570728,15.0
Mansfield National,dfw,fort_worth,Mansfield,464649.4843208611,493133.67437134753,6.130253236398046
Round Rock West,austin,austin,Round Rock,445686.45317750215,455360.5927921669,2.170615585394938
Kensington Park,dfw,dallas,Midlothian,368619.849984643,368971.8150007376,0.09548184019641959
Downtown,south_florida,miami,West Palm Beach,557901.8635387899,549838.7414305654,-1.4452581421900792
High Chaparral,dfw,fort_worth,Keller,340179.8036203732,340923.53038261115,0.218627547644753
City Center,south_florida,miami,Miami Beach,450217.9286056908,445290.72468533873,-1.0944042001195773
Parkwood Place,houston,houston,Baytown,373065.90401240345,402540.0303368241,7.900514629565474
Bryn Mawr,orlando,orlando,Orlando,365938.36729557446,365300.58721948316,-0.17428620037978929
Whispering Palms,south_florida,miami,Lake Worth Beach,322308.7502561749,311569.03743307723,-3.332119532765275
The Heights of Jupiter,south_florida,miami,Jupiter,601424.3086288375,580501.127830026,-3.4789383299975665
Holly,austin,austin,Austin,562913.4638801514,556869.6806774598,-1.073661155843015
Wellington Manor,tampa,tampa,Lutz,942284.6116933132,969501.9191285507,2.888438068231545
Roosevelt Park,san_antonio,san_antonio,San Antonio,170565.66433142454,188015.15504873064,10.230365405431277
Oak Creek Estate,dfw,dallas,Greenville,287342.55352544406,300242.26887054724,4.489316039979061
Cedar Creek,dfw,dallas,Greenville,254013.1329428272,251288.24967942626,-1.072733221244211
Pinewood Forest,houston,houston,Conroe,254068.015592115,251409.48462488942,-1.0463855361839927
San Marco,jacksonville,jacksonville,Jacksonville,358408.1381083157,368719.5766750665,2.877010165331272
Sunset Heights South,dfw,fort_worth,Fort Worth,227446.56300911136,225662.4249964225,-0.7844207400124124
Hart Ranch Unit One,san_antonio,san_antonio,San Antonio,378932.5475114652,381553.7502465737,0.6917333315183725
Woodmark,houston,houston,Conroe,257701.4714937521,255449.74328432966,-0.8737739044990389
Lake Forest Falls,houston,houston,Conroe,307394.83208962204,305645.61104314076,-0.5690469922966336
Brightwater,houston,houston,Missouri City,442863.2392900051,459280.1860806309,3.707001470012577
Cooper Valley,dfw,dallas,Joshua,325256.04918824235,320312.95614221675,-1.5197543776241298
Joshua Meadows,dfw,dallas,Joshua,483881.32285579626,512258.41182511987,5.864472883939023
Nautica Sound,south_florida,miami,Boynton Beach,553048.1805575392,547711.5390269357,-0.9649505627563121
Riviera Bay,tampa,tampa,Saint Petersburg,362269.9295363608,352615.0085408208,-2.6651179709827195
Bluffs,south_florida,miami,Jupiter,575516.3008249298,543801.2907890656,-5.5107057767789955
Foster Glen,houston,houston,Conroe,222695.4807258523,216436.15086803757,-2.81071256471533
Terranova,houston,houston,Spring,327004.9968097233,329237.59489573695,0.6827412754529651
Lesile Estates,south_florida,miami,Miami Gardens,339023.51995238726,329030.9992121017,-2.947441741413378
Acrehome Park,south_florida,miami,Riviera Beach,286096.43559370993,281428.23021822894,-1.6316894566664166
Eastwood,dfw,dallas,Forney,258314.96570136352,251727.17532647197,-2.5502937303708717
Stonebriar,dfw,dallas,Forney,240194.0826979086,249332.69803100775,3.8046796284289655
Valley Ridge Estates,dfw,dallas,Lewisville,411471.18280378607,411770.2487109168,0.07268210256982414
Park Ridge Estates,dfw,dallas,Lewisville,449516.5279218249,446247.70794468187,-0.7271857148957827
Blackhorse Ranch,houston,houston,Cypress,488922.23742037715,529673.1792979782,8.33485138508094
Twinbrooks,tampa,tampa,Saint Petersburg,241892.13711704803,211916.70556201038,-10.0
Tree Tops,south_florida,miami,Wellington,470916.46563744405,489344.47019503586,3.913221537634537
Mystic,south_florida,miami,Wellington,567823.410484709,554269.3253027343,-2.387024721366202
Berkshire,south_florida,miami,Wellington,580223.3837546642,580276.2372126352,0.009109156826633236
Waterstone Estates,dfw,dallas,McKinney,994204.3191243992,940045.3127080953,-5.447472453549793
South Creek,austin,austin,Round Rock,329569.8179158307,331135.90354986937,0.47519085453347915
Camelot Community,dfw,dallas,Garland,342431.6713369864,335807.2076279144,-1.934535927476437
Picket Place,dfw,dallas,Garland,222383.43980802756,210205.39545866073,-5.476147126728286
Covington West,houston,houston,Sugar Land,274825.310682701,265680.38708460826,-3.327540529427801
Gannoway Lake Estates,houston,houston,Sugar Land,467375.5309089312,495179.8467229754,5.949031127062119
Cumbrian Lakes,orlando,orlando,Kissimmee,434848.98780661746,444895.6797195531,2.310386408764857
Creekside Estates,orlando,orlando,Kissimmee,357937.26719244855,357851.7505328259,-0.023891521632667497
Eagle Pointe,orlando,orlando,Kissimmee,371497.6648329464,365190.944334193,-1.6976474136356532
Country Creek Estates,orlando,orlando,Kissimmee,366850.52556519693,360345.5189856937,-1.7732035600824476
City Center District,dfw,dallas,Dallas,250904.3139439729,242940.55950705305,-3.174020530670571
Oakland Forest,south_florida,miami,Oakland Park,206976.11721866543,195700.51347300108,-5.4477801096983285
Boca Pointe,south_florida,miami,Boca Raton,504882.6825694333,497938.2215035244,-1.3754603407206123
Stafford Estates,dfw,dallas,Flower Mound,724499.1966975298,769845.070671799,6.258926742909924
Highlands of McKamy,dfw,dallas,Royse City,321655.1815604969,315638.2866427965,-1.8706040700198643
Rolling Meadows,dfw,dallas,Royse City,292917.76490169537,283390.4055493839,-3.252571367772418
Lake Talia,tampa,tampa,Land O Lakes,571224.9996377018,569931.6327953249,-0.22641985963450448
Pine Glen,tampa,tampa,Land O Lakes,494472.9035169678,497629.77055465826,0.6384307441797263
Cristina Phase,tampa,tampa,Riverview,400907.58066350705,411414.2130737523,2.620711834098183
Sunview,dfw,dallas,White Settlement,293965.8857690877,289736.11053560505,-1.4388660175368682
Caddo Park,dfw,dallas,Plano,421241.88173126354,418451.72161700204,-0.6623653143875929
San Jacinto,houston,houston,Galveston,289944.5860449459,285464.64207386435,-1.545103508291449
Lexington Woods,houston,houston,Spring,237559.03520501172,235981.2839629784,-0.6641512248404842
Country View Village-Alamo Farmsteads-Babcock Road,san_antonio,san_antonio,San Antonio,318914.5710755289,335557.5678200081,5.218637921858261
Sunset Terrace,dfw,dallas,Cleburne,197816.05265428775,201559.77008523274,1.8925245857006765
Westridge,dfw,dallas,Cleburne,213519.5367001065,211522.16726649634,-0.9354504344094294
Lindale Park,houston,houston,Galveston,221660.19974404012,220724.7704850024,-0.42201047374219325
Mallard Lakes,dfw,dallas,McKinney,851989.5040521561,889100.8656343446,4.355847273432687
Pine Ridge,dfw,dallas,McKinney,435000.9440888093,443673.82715746475,1.9937618955798857
Camino Bandera,san_antonio,san_antonio,San Antonio,370352.2569507764,379309.8049086876,2.41865623600122
Stone Canyon,austin,austin,Round Rock,540330.7628825326,540254.7215663749,-0.014073105101773349
Normandy Village,jacksonville,jacksonville,Jacksonville,194477.68575328472,190260.82159971655,-2.168302310485996
Lawson Farms,dfw,dallas,Midlothian,429019.3476560982,423234.0572078626,-1.3484917358256459
Ballantrae,tampa,tampa,Land O Lakes,439784.1503489503,450453.08901859476,2.4259488799628444
Browning Park,dfw,dallas,Haltom City,247657.44415451796,246338.48569269947,-0.5325737194459484
Steubing Ranch,san_antonio,san_antonio,San Antonio,318992.1691846097,319192.4968972708,0.06280019762652153
Harbordale,south_florida,fort_lauderdale,Fort Lauderdale,340083.9993278875,322527.9942969823,-5.162255520871712
Claytons Park,houston,houston,Atascocita,264629.32512413786,265120.63214075763,0.18565856841047365
Lakes of La Cima,dfw,dallas,Prosper,814806.794403057,821927.080972795,0.8738619533670581
Brycewood,san_antonio,san_antonio,San Antonio,258539.4459167329,256898.05470762588,-0.6348707073641858
Central Beach Alliance,south_florida,fort_lauderdale,Fort Lauderdale,526757.0173909662,510053.72964629374,-3.1709663456225092
Highland Oaks,dfw,fort_worth,Keller,546453.2524709943,578472.8377759391,5.8595287264109555
Chandler Creek,austin,austin,Round Rock,334927.7082279779,331094.8971049051,-1.1443696740861762
Cedar Ridge,waco,waco,Waco,204481.59746480724,186157.577326268,-8.96120744640258
Alafia River Ridge,tampa,tampa,Riverview,420101.7236233056,424074.9695401756,0.9457818650686289
Carver Park,houston,houston,Galveston,203205.55059545024,208229.16742956918,2.4721848489858185
Rainsong,houston,houston,Texas City,254526.2806220192,254465.45972277402,-0.02389572467587539
Park Place South,houston,houston,Texas City,270090.15909972397,272549.17923179944,0.9104441791851958
Northern Point,houston,houston,Tomball,255868.65945229057,254756.66370223035,-0.4345963090753446
Lakeshore Ranch,tampa,tampa,Land O Lakes,516867.9380807636,520046.98723867716,0.6150602356412358
Tierra Del Sol,tampa,tampa,Land O Lakes,349597.4265675801,347803.1112929413,-0.5132518543559439
Harbour Park,houston,houston,League City,356116.02859363594,361433.99937423656,1.4933253079346664
Burke Meadows,houston,houston,Pasadena,224005.74521800695,231815.9790364734,3.4866221001900537
Essex Village,south_florida,miami,Hialeah,504899.13891792134,516696.14953829435,2.3365083659393573
Quail Woods,tampa,tampa,Wesley Chapel,497840.5524705333,489969.0891723888,-1.5811213568445535
Quail Hollow,tampa,tampa,Wesley Chapel,317158.30178614915,321145.78563527396,1.2572534998038474
Riverwalk,houston,houston,Porter,594508.9944373897,617480.6421158048,3.863969745344941
Northeast,dfw,dallas,Colleyville,898229.5068781414,921252.0572855227,2.56310333061733
South Brooksville,tampa,tampa,Brooksville,233417.19867821768,221049.3504490288,-5.298601945025844
Lake Padgett Estates,tampa,tampa,Land O Lakes,446803.7952288348,455966.51249635173,2.0507250308436102
Heatherwilde,austin,austin,Pflugerville,320981.54169140063,316647.6011587108,-1.350214878354784
Russell Creek,dfw,dallas,Plano,538686.5589862674,537073.7589926162,-0.2993948831183544
Creekside,dfw,dallas,Allen,802493.8211739123,824910.4840388903,2.7933751355476235
Virginia Ridge,dfw,dallas,McKinney,394259.29287376255,381695.7828132902,-3.1866110165461725
Oak Grove Estates,san_antonio,san_antonio,San Antonio,189401.66966543975,192664.30531453303,1.7226013133128235
Stable Gate,houston,houston,Cypress,584391.5532567272,609660.1099471621,4.323908610522691
Pasadena Lakes South,south_florida,miami,Pembroke Pines,379996.65070727235,383586.05380487395,0.9445880880583546
Colony Meadows,houston,houston,Sugar Land,486748.66526099265,512341.86982258054,5.257991729235645
Oaks Of Alcorn,houston,houston,Sugar Land,581493.3677088033,610969.088517478,5.06896938907743
Channel District,tampa,tampa,Tampa,521577.57280306146,511306.7877548866,-1.96917689404811
Mesa Ridge,austin,austin,Round Rock,283244.71174524975,280230.5760629017,-1.0641454393891592
Northlake Park at Lake Nona,orlando,orlando,Orlando,513883.5809965729,538241.4151802514,4.739951826528756
Westhaven Heights,south_florida,miami,Hialeah,606034.7008054103,614687.8933510138,1.4278378010538906
Rancho North,dfw,dallas,Saginaw,246135.0250175466,237639.7355351117,-3.451475255026912
Monterey,jacksonville,jacksonville,Jacksonville,232573.1791284399,231629.9266557402,-0.40557233479566035
Woodlands of Plano,dfw,dallas,Plano,509584.90540242,518099.4647026514,1.6708813801122102
Fairfield of Plano,dfw,dallas,Plano,519470.98840736406,525479.0842804969,1.156579675710664
Park View Manor,houston,houston,Pasadena,218541.0016423267,220767.10989490882,1.018622700478628
Spring Ridge,dfw,dallas,Plano,634177.6821986955,619860.0340951622,-2.257671391697985
Seven Hills,tampa,tampa,Spring Hill,309674.1600656859,308194.5613769632,-0.47779210522726934
Randal Park,orlando,orlando,Orlando,522657.8492492979,518509.5977351261,-0.7936839598085123
Ridgestone No. 9,san_antonio,san_antonio,San Antonio,231825.58214949316,233008.82337277773,0.5104014890477238
Capitol Hill,south_florida,miami,Sunrise,474780.6928580392,464017.5705050344,-2.266967152394931
Devonshire,dfw,dallas,Forney,362038.23317146,354719.6259898027,-2.0215011871940094
Brentwood Estates,dfw,fort_worth,Keller,708941.5855314633,733345.4313331934,3.4422928912310384
Boswell Meadows,dfw,fort_worth,Fort Worth,282004.18194967817,274665.09520112514,-2.602474437723993
Glen Forest,dfw,fort_worth,Keller,837118.8341281684,877965.3944631611,4.879421973289259
Olde Oaks,houston,houston,Conroe,228729.6848069389,225021.30523628133,-1.621293525493925
Redland Ridge,san_antonio,san_antonio,San Antonio,361769.9387906186,374831.8680486253,3.610562365041206
Willow Ridge,dfw,dallas,Prosper,821622.0817979424,817521.0474288964,-0.49913877193657663
Euclid-St Pauls,tampa,tampa,Saint Petersburg,568705.1268023942,552480.7191510779,-2.8528681889223924
Northern Hills,san_antonio,san_antonio,San Antonio,251290.8067607239,242986.80274543728,-3.304539518309399
Saddle Brook Estates,dfw,dallas,Waxahachie,342338.46287643415,330838.6366247493,-3.3591978403652774
Oaks,dfw,dallas,Garland,265123.15401377017,248483.15079208236,-6.276329686702333
Pine Ridge North,south_florida,miami,Greenacres,201038.26665070295,184117.75948724363,-8.41656041178375
Norland,south_florida,miami,Miami Gardens,471671.92974666675,460322.70747132204,-2.406168686239255
Oaks of Atascocita,houston,houston,Atascocita,273939.32347355346,277131.2201686818,1.16518382781087
Wiggins Village,houston,houston,Conroe,189417.3848152591,192410.62760290454,1.5802365715083515
Historic Uptown,tampa,tampa,Saint Petersburg,507524.11115383264,511204.4674530541,0.7251589073973919
Oak Point,dfw,dallas,Plano,477194.8455467495,470851.38349951175,-1.3293232536847
Castlewood Estates,dfw,dallas,Garland,326145.16413529846,323375.8202344214,-0.8491138932626372
Hidden Forest,dfw,dallas,Garland,510368.343311174,543092.1931324693,6.411810264129844
New World,dfw,dallas,Garland,240853.7159042241,249737.8381220231,3.6885967004684996
Twin Lake,tampa,tampa,Land O Lakes,361854.00820807606,372293.611590714,2.8850318487103497
Isle of Palms,jacksonville,jacksonville,Jacksonville,751181.543210962,775486.4288451811,3.235554155168236
Woodridge Estates,dfw,dallas,Little Elm,406849.24696477223,404056.2953338093,-0.6864831757215436
Walnut Creek,south_florida,miami,Pembroke Pines,539150.93906203,524823.9018936097,-2.6573332494505846
Treeline,houston,houston,Tomball,549492.4866804593,585679.2764622844,6.585493097536811
Parkside,dfw,dallas,Wylie,505396.7024017778,502244.0923921488,-0.6237891926573637
Del Prado Imperial,tampa,tampa,Largo,476357.74354335497,509565.7174675632,6.97122580126293
Oak Forest of Countryside,tampa,tampa,Clearwater,563759.6110788907,563002.5475832142,-0.13428835283671248
Lake Sharon Estates,dfw,dallas,Corinth,569670.003587051,578288.6168638727,1.512913304641779
Bennett Estates,houston,houston,Pasadena,182169.9889209073,180998.13157262802,-0.6432768400661515
Tanglwood,dfw,fort_worth,Mansfield,425336.0351635302,425688.0948199616,0.08277212070593012
Oak View Estates,dfw,fort_worth,Mansfield,399439.4517818705,403218.1982021625,0.9460123188721833
Nelmwood Estates,dfw,fort_worth,Mansfield,410690.9276332418,415258.19052803685,1.1120924733145636
Crescent Park,orlando,orlando,Orlando,491310.5684942233,505078.75865147205,2.8023395058334954
Doral Breeze,south_florida,miami,Doral,531823.6251043259,512863.7985725977,-3.5650590979310075
Palm Lane,south_florida,miami,Miramar,446433.08210311335,447615.5600241358,0.26487237806210173
Eastpoint,houston,houston,Baytown,243385.63271406115,250048.87548504322,2.7377305293982976
Chestnut,austin,austin,Austin,531612.6045054186,518032.7649083991,-2.554461553757435
Creek Valley,dfw,dallas,Garland,394809.4083667304,395293.83820919966,0.12269967032277648
Forest Creek,dfw,dallas,Plano,753832.597394481,777461.961483232,3.134563850173458
Carriage,south_florida,fort_lauderdale,Hollywood,180573.91277118117,166076.83206805016,-8.02833614260846
Crystal Key,south_florida,miami,Boynton Beach,404368.37810357194,394941.23738659633,-2.331324907547794
Deerfield,dfw,dallas,Plano,787107.1849209903,825208.1524199584,4.840632664634194
East Madison,tampa,tampa,New Port Richey,171061.41138561987,167384.79549711652,-2.149295892464747
Tara,san_antonio,san_antonio,San Antonio,243663.03168762304,243386.65855195,-0.1134243195444351
Sable Creek,dfw,dallas,Sanger,324351.38518708694,318015.7034512147,-1.953338886534365
Downtown,dfw,dallas,Sanger,218271.9043387829,226861.8104735863,3.9354153988920566
Lake Ridge Estates,dfw,dallas,Sanger,295051.66955098073,288368.5795229215,-2.265057519664202
Fountain Park,dfw,dallas,Allen,391605.1532344528,369066.00653712766,-5.7555796983680265
Meadowdale,dfw,dallas,Mesquite,254338.08620089656,250554.98638796777,-1.487429535009002
Lake St. Charles,tampa,tampa,Riverview,384053.9499554905,387166.9217523741,0.8105558599890441
Madison Lakes,south_florida,miami,Boynton Beach,451809.2556665196,440484.2238621372,-2.506595795093981
Huntington,south_florida,miami,Miramar,700581.916732483,707196.9485399364,0.9442196050828753
Williamsburg,houston,houston,Katy,276008.98676569894,277403.33760026575,0.5051831286024241
Silver Falls,south_florida,miami,Miramar,588827.2297688429,589260.0630609369,0.07350768955842295
Harbour Pointe,houston,houston,League City,458569.4902891577,474492.4930193323,3.4723205680635423
Evergrene,south_florida,miami,Palm Beach Gardens,801418.5010025105,794628.114006622,-0.847296011683573
Burleson Meadows,dfw,fort_worth,Burleson,284448.85207593924,288667.8042480551,1.4832023899289706
Lake Forest,dfw,dallas,Flower Mound,469355.8253556664,470918.16713914386,0.3328693709710654
Quail Creek,san_antonio,san_antonio,San Antonio,266013.96358812595,270701.014776203,1.7619568254447433
The Crossing at Quail Creek,san_antonio,san_antonio,San Antonio,239086.2271379429,237769.32658062273,-0.550805695955192
Pecan,dfw,dallas,Denton,265118.30512693967,278007.72207049315,4.861760464778916
Holiday Hill,tampa,tampa,Port Richey,195512.09146124785,201751.0744148744,3.191098262514963
Sheldon,houston,houston,Houston,175135.2263994926,180866.9788047528,3.272758155567058
Spring Creek Neighborhood Alliance,san_antonio,san_antonio,San Antonio,239783.81581949175,242955.42525445207,1.322695372129659
Villages of Preston Glen,dfw,dallas,Plano,520701.8839258754,518998.9716805392,-0.32704169082258205
Lakewood,houston,houston,Cypress,408319.9738873322,427769.67386416043,4.7633476735563764
Harlem McBride,south_florida,miami,Oakland Park,405893.16058492195,400166.73135618103,-1.4108218084997324
Sunray East,south_florida,miami,North Miami Beach,504558.10687104246,557178.5132387129,10.429008205613759
Timberleaf,orlando,orlando,Orlando,278599.8386015508,278434.65623021015,-0.059290189172318625
Santa Fe Trails,dfw,fort_worth,Fort Worth,316563.88301933085,316157.6864098114,-0.1283142617677191
Russel Creek,dfw,dallas,Plano,644722.9351738743,646011.6865147359,0.19989227473567447
High Point,south_florida,miami,Delray Beach,176654.39173729997,164254.4272471833,-7.019335533167189
Williamsburg Square,dfw,dallas,Denton,279325.34710375144,277865.89738537173,-0.5224909710172542
Towne North,dfw,dallas,Denton,220066.4648024087,209850.96451390392,-4.642006812658616
Lake Bellevue,tampa,tampa,Clearwater,258389.020180957,254465.10816377387,-1.5186063302670991
Sausalito Place,south_florida,miami,Boynton Beach,334724.900162671,328926.56192730553,-1.7322697631839041
South Eola,orlando,orlando,Orlando,411162.1529278129,420438.8281478049,2.256208445727419
City of Orlando-GOAA,orlando,orlando,Orlando,751569.4165740808,766660.3341257217,2.007920654945038
Holford,dfw,dallas,Garland,273881.13762224326,256888.1301580709,-6.204519088718821
Lakes at Creekside,houston,houston,Tomball,620896.5448544371,649306.216627124,4.575588640028145
Stonepine,houston,houston,Tomball,253936.5412778949,254184.91124407784,0.09780788733006407
Willow Falls,houston,houston,Tomball,284323.3026831227,284482.6767457395,0.05605381659286906
Quail Run,dfw,dallas,Sanger,261728.96390670803,256886.31604560674,-1.8502529444266718
Cambridge Farms,houston,houston,Fresno,292913.3450116202,289879.8835900692,-1.0356173500496086
Mark Twain,dfw,dallas,Richardson,293636.94593777927,299391.34104282834,1.9596972331500855
Pasadena Lakes,south_florida,miami,Pembroke Pines,618896.5500446449,608874.5730808798,-1.6193299127361684
Greenville Hills,dfw,dallas,Greenville,174639.49219625723,168364.81123500547,-3.592933581254555
Wilshire Village,san_antonio,san_antonio,San Antonio,192318.8622992233,162052.20965053118,-10.0
Southwest,south_florida,miami,West Palm Beach,395171.33398390823,391226.03424354695,-0.9983770079137215
Eagels Landing,dfw,dallas,Little Elm,884064.5229256046,908895.7298430325,2.808755048246352
Westhill,dfw,dallas,Cleburne,290283.1128473482,291978.793033832,0.5841470314449492
Golden Acres,houston,houston,Pasadena,234597.2673844609,232717.05851695818,-0.8014623906174532
Pecan Grove,dfw,dallas,Garland,267082.4532941746,260216.09165179485,-2.570877104688287
Hidden Meadow,san_antonio,san_antonio,San Antonio,186793.42123085135,189719.8164649751,1.5666479123518582
Sylvan Heights West,dfw,fort_worth,Fort Worth,204737.0034853518,193085.3962733143,-5.691011890222922
Windsor Forest,houston,houston,Spring,278326.57055279094,277764.4420818191,-0.20196723218174054
Heatherwood,dfw,dallas,McKinney,476270.20737264893,467783.30741280137,-1.7819506298043841
Waterford Estates,dfw,dallas,Garland,361005.82420776226,361978.67715080775,0.269484002143303
Wellington Run,dfw,dallas,Garland,352536.30116102373,342177.3285986861,-2.9384130168218054
Saybrooke,dfw,dallas,Grapevine,623081.1462869752,669683.3870947245,7.479321286714943
Meadows of Chandler Creek,austin,austin,Round Rock,312090.714009874,297860.91358968057,-4.559507790976185
Lake Crest Park,dfw,dallas,Azle,257100.7722513849,252867.14052361465,-1.6466818402360626
Fossil Creek Trails,dfw,dallas,North Richland Hills,414808.7494390184,433144.91397823155,4.420390014436955
Springcreek Parkway,dfw,dallas,Plano,441604.0909183074,447333.7973959882,1.2974758602815364
Mayfield Ranch Enclave,austin,austin,Round Rock,473214.0992211381,469353.8648661293,-0.8157479587701131
Orangewood Highlands,tampa,tampa,Largo,443158.0693346444,471329.6184102586,6.3569978806683665
Sandy Woods,tampa,tampa,Largo,485238.09761160257,515204.5982722949,6.175628172682831
Confederate Point,jacksonville,jacksonville,Jacksonville,258867.08386216697,262934.24126976856,1.5711373369381882
Sawgrass Preserves,south_florida,miami,Sunrise,639064.9774018239,631714.8140254891,-1.1501433557222078
Poynter Crossing,dfw,fort_worth,Fort Worth,266595.12758167955,257881.2443036518,-3.2685830971753207
Eden,san_antonio,san_antonio,San Antonio,284972.86474823556,284019.607400428,-0.3345081113774645
Mariners Village,orlando,orlando,Orlando,338983.9314846388,331637.8115026735,-2.167099764815305
Shady Woods,houston,houston,Conroe,227564.45104749905,227702.90704568732,0.06084254265151608
Cedar Woods,houston,houston,Conroe,271663.8474370886,290242.52722241776,6.8388488054640995
Brookhaven Estates,dfw,dallas,Benbrook,301788.77679868194,300224.69775910117,-0.5182694519565055
Lake Osborne,south_florida,miami,Lake Worth Beach,277315.3891351518,274548.3191436967,-0.9978061441467891
Sonoma Ranch,san_antonio,san_antonio,San Antonio,494192.9966267832,509304.97514829284,3.0579102950991945
Southridge,south_florida,miami,Delray Beach,611876.5674091979,619968.162643232,1.3224227997969387
Tiger Hole-Secret Woods,jacksonville,jacksonville,Jacksonville,329833.3946761798,328891.47038449266,-0.2855757806488626
Farmers Market District,dfw,dallas,Dallas,629366.064660748,632444.5206056454,0.4891359921918856
Woodmere,jacksonville,jacksonville,Jacksonville,303158.3924288005,312158.3500425736,2.968731144689251
Quail Creek,dfw,dallas,Plano,527131.0118520049,522244.48064403667,-0.9270050704852422
Plantation,south_florida,miami,Miramar,458310.6452732707,448829.1419812346,-2.068794035186051
Wilcox Manor,tampa,tampa,Largo,315439.06060143036,317723.9677835771,0.7243577183466847
Lake Underhill,orlando,orlando,Orlando,297282.22649536195,296941.92290507513,-0.11447155596842362
Sun-Tan Village,south_florida,miami,Hialeah,532976.6987622113,542137.9097954772,1.718876463932097
Flagler Heights,south_florida,fort_lauderdale,Fort Lauderdale,459301.2315014289,432070.0292297613,-5.928832845200609
Brazos Country,houston,houston,Sealy,594687.1204040645,608098.0317684411,2.255120533847177
Hidden Creek Estates,dfw,fort_worth,Burleson,353364.1123886243,346442.10172601364,-1.9588889816286505
Hidden Vistas,dfw,fort_worth,Burleson,478068.1154701039,478237.3552032454,0.035400757269720314
Rhea Mills,dfw,dallas,Prosper,616792.7044007643,776280.0231942807,15.0
West Meadows,houston,houston,Baytown,236806.31693484992,256079.28868354068,8.138706770222322
Deer Ridge Estates,dfw,dallas,Azle,642985.1631356154,642015.2271405231,-0.1508488921209667
Boiling Ranch Estates,dfw,dallas,Azle,741422.444543249,766894.6574800839,3.4355869753210637
Old Central,houston,houston,Galveston,214095.02473780513,214965.0707158174,0.40638309044209575
Fox Run,houston,houston,Spring,233475.58123722684,232848.7517098393,-0.2684775530125526
Winchester,dfw,dallas,Benbrook,298807.18776093243,300838.04248058,0.6796539048693795
High Country,dfw,dallas,Carrollton,398172.38485163247,386427.86795709387,-2.9496060855437913
Interbay,tampa,tampa,Tampa,400651.888185854,394477.62352204765,-1.5410546776063734
Mockingbird Hill,san_antonio,san_antonio,San Antonio,209569.85870080185,218240.52520290058,4.137363338340387
The Isles,south_florida,miami,Palm Beach Gardens,786136.8109495199,781548.2811731222,-0.5836808189729039
Hunters Glen,dfw,dallas,Plano,547259.8454366942,540648.3565911413,-1.2081077938903344
Seabourne Parke,houston,houston,Rosenberg,253939.19721536103,254236.0708709013,0.11690737735479002
Brookfield North,dfw,dallas,Grand Prairie,333626.8958398898,324291.2715876755,-2.798222915665219
Berkshire Park,dfw,dallas,Grand Prairie,332423.8036751297,324619.7183375859,-2.347631322205361
Southern Comfort Homes,tampa,tampa,Largo,290605.74094103655,298621.1158337009,2.7581612347743265
Starkey Heights,tampa,tampa,Seminole,301913.65426464466,300678.07469952846,-0.4092493160422443
Ridgewood,south_florida,miami,Boynton Beach,351370.4913342428,348150.64445206994,-0.9163680393155059
Boynton Hills,south_florida,miami,Boynton Beach,340937.2747105325,334886.2869540854,-1.774809680632488
River Country Estates,tampa,tampa,Spring Hill,378384.0568906048,377888.5385254992,-0.13095645973498718
Monterrey,south_florida,miami,Opa-locka,541308.9425063309,541477.9383433348,0.031219849467376472
Northeast,tampa,tampa,Tampa,200963.35926652307,197871.18803985917,-1.538674133409052
Castlemere,dfw,dallas,Plano,921332.1016521936,949637.9638903078,3.0722756959574395
Foxwood Glen,dfw,dallas,Plano,960514.6129448896,971843.2874639996,1.1794380185822324
Roosevelt Gardens,south_florida,fort_lauderdale,Fort Lauderdale,377489.60578691494,365173.21718107833,-3.2627093347807175
Hidden Lakes Estates,dfw,dallas,Grapevine,673682.614101811,704630.9120423093,4.593898861670971
South Meadows Crossing,dfw,fort_worth,Fort Worth,232591.46718884303,227988.51264473412,-1.9789868475148038
Lakeside Estates,dfw,dallas,Grapevine,722829.3185278216,752136.8054337056,4.054551490187785
Berkshire,south_florida,miami,Hialeah Gardens,555077.2760448268,549766.9985727691,-0.9566735482122101
Seminole Lake Village,tampa,tampa,Seminole,318504.438199933,317059.67431513104,-0.4536087135762385
North Tamarind,south_florida,miami,West Palm Beach,296277.2648020207,291212.65246886393,-1.7094164604702429
East Terrell Hills,san_antonio,san_antonio,San Antonio,182429.7190392009,184817.4086517778,1.3088271062149917
Lake Lucerne,south_florida,miami,Miami Gardens,466917.3859554863,462893.4969636593,-0.8617989205076612
Ember Oaks,dfw,dallas,North Richland Hills,426726.8955515371,433949.5464643045,1.6925698820629154
Douglass,dfw,dallas,Plano,243108.9974692935,235783.9003505443,-3.0130917386858176
Skyview Terrace,tampa,tampa,Pinellas Park,282215.06641984364,284442.6294866458,0.7893140132668458
Park Manor North,south_florida,miami,Riviera Beach,331013.5773483565,330690.40956590505,-0.09762976644046657
Holly Oaks,jacksonville,jacksonville,Jacksonville,313264.73690858536,313066.1444226359,-0.06339445923893026
Champion Forest,houston,houston,Spring,445820.47962978383,460856.68608765944,3.3727042935223404
Westview,houston,houston,Texas City,219180.98083425136,220447.4095543027,0.577800462079797
Strawberry Hills,houston,houston,Pasadena,189526.97070856765,182697.83846630703,-3.6032508812487993
Cypressdale,houston,houston,Spring,226114.7785626717,222328.47446858324,-1.6745053632303941
West Meadows,dfw,dallas,Cleburne,263749.06125197076,257025.59284137876,-2.5491914089388117
Meadowcrest,houston,houston,La Porte,228273.2226302924,233061.1057855239,2.0974353014614677
Bel-Air,south_florida,miami,Hialeah Gardens,544521.4837175583,532852.2417038858,-2.1430269259541803
Cape Conroe,houston,houston,Montgomery,256541.66822479197,255597.725353733,-0.3679491435410215
Promenade Harbor,dfw,dallas,Rockwall,394666.59602325154,393652.52073437005,-0.2569447982422475
Aventine,south_florida,miami,Miramar,294216.3282264554,274447.51564173325,-6.719141899393945
Woodcrest,houston,houston,Conroe,207959.4189933242,215009.53415299836,3.390139861806639
The Meadows,south_florida,miami,Boynton Beach,386738.80140773,383498.03762319346,-0.8379722367500037
Hills and Dales,san_antonio,san_antonio,San Antonio,410396.66241879674,420798.90614280326,2.5346803901127637
Rayford Ridge,houston,houston,Spring,307995.4495420716,309706.9526296568,0.5556910305427814
Mansionette Homes,south_florida,miami,Ives Estates,551472.2871654079,554731.4214838743,0.5909878690765242
Oaks of Devonshire,houston,houston,Spring,328222.8103840317,332805.1242357077,1.3960985363310208
Plantation Isles,south_florida,miami,Plantation,794683.0766328209,795639.5501973398,0.12035912084244604
North Saturn Avenue,tampa,tampa,Clearwater,314421.3732624684,307837.2420234682,-2.094046969734457
West Park,tampa,tampa,Westchase,480599.86448939936,499674.9490292613,3.9690157965666018
Hidden Lakes,houston,houston,League City,480456.9557264859,484242.22943425586,0.7878486642047624
Osceola Park Estates,orlando,orlando,Kissimmee,286460.0588884754,296464.13708525413,3.492311715495913
Estancia,orlando,orlando,Kissimmee,325975.88168777333,314044.10894413025,-3.6603237889457088
Crystal Lakes Manors,tampa,tampa,Lutz,729081.280818364,752689.4098989121,3.238065453285113
Bermuda Springs,south_florida,miami,Weston,661881.0367335764,632003.9531853816,-4.513965786909395
Valentine Oaks,dfw,dallas,Hurst,294774.0867244261,291453.96141189913,-1.1263287588880944
South Lake Village,houston,houston,Cinco Ranch,650314.9151750616,677379.380282938,4.161747558963927
Forrestridge,dfw,dallas,Denton,506146.7414438993,519649.8354776491,2.667821982856033
Windsor Estates,houston,houston,Friendswood,525173.2981459233,531945.3383255439,1.2894867662786145
Grove Park,tampa,tampa,New Port Richey,180210.29254567783,181932.94810576114,0.9559140800166384
Spring Lake Estates,tampa,tampa,New Port Richey,206738.58061026153,211304.3153598035,2.2084580130445888
Fieldstone,houston,houston,Richmond,393547.5041856188,401973.4713849393,2.1410292556057846
Dove Creek,austin,austin,Round Rock,355401.62330214685,353701.368119652,-0.478403887606724
Sanger Trails,dfw,dallas,Sanger,319283.0155565171,316212.6302497071,-0.9616500587913459
Tanglebriar,houston,houston,Pasadena,196227.01667488352,178172.8088074313,-9.200673879359393
Mainland Park,houston,houston,Texas City,196175.30178279453,196378.97956722896,0.10382437676071202
Flamingo Bay,south_florida,miami,Sunrise,511088.727400013,510781.63180762203,-0.060086551693914525
Glen Meadows,dfw,dallas,Plano,670713.6013258914,636238.0624256746,-5.1401281906411755
Arcadia Park,dfw,fort_worth,Fort Worth,333105.17525180354,337384.26897607377,1.2846073979593826
West Fork,houston,houston,Conroe,514992.3620962163,517539.6755786524,0.4946313129902697
Woodland Hills,houston,houston,Dayton,274728.2659849976,281750.78676611086,2.5561697322752837
Round Rock,dfw,dallas,Allen,458944.9845999106,453105.9597365342,-1.2722712001018206
Silver Lake,orlando,orlando,Leesburg,349924.7645538782,348114.4914524449,-0.5173320910114001
Palm Estates,south_florida,miami,Hialeah,549343.1939558202,555155.4356724985,1.0580347186654702
Inverness Estates,houston,houston,Tomball,443560.81024200865,466586.2126196556,5.1910362335852405
Pine Trace Village,houston,houston,Tomball,292680.8015923915,291435.7161045518,-0.4254072973237595
Parkside,dfw,fort_worth,Fort Worth,192772.89521838535,191920.62636755357,-0.4421103132088546
Thousand Oaks,south_florida,miami,Riviera Beach,331400.9956779938,306804.00072929927,-7.422124637366583
Crawford Farms,dfw,fort_worth,Fort Worth,428478.7383552937,433449.40480448626,1.160073068799716
Chandler Heights,dfw,dallas,Garland,202548.0153497963,199712.36526679795,-1.399989073258134
Heritage Park,dfw,dallas,Allen,424624.84459741553,414475.6834102638,-2.390147754254488
Sun Gate,san_antonio,san_antonio,San Antonio,180011.5150028042,181046.13772196093,0.5747536312555412
Austin Avenue,waco,waco,Waco,347460.8655075974,363576.20788090036,4.638030918895121
Boca Ciega Ridge,tampa,tampa,Seminole,438126.60055593215,454818.26117729186,3.809780232512684
Brierwood,jacksonville,jacksonville,Jacksonville,301264.44818742084,306080.66096443596,1.5986661572555947
Avondale,dfw,dallas,Desoto,351425.68901228433,361875.99066872953,2.9736874631495422
Stone Valley,san_antonio,san_antonio,San Antonio,416280.0976574289,422019.3226225216,1.3786930956799501
Stone Oak Meadows,san_antonio,san_antonio,San Antonio,316886.34349752497,315674.0081677517,-0.3825773355811159
Pinecrest Forest,houston,houston,Tomball,275164.4829636488,279650.818517425,1.6304195604956977
Rainbow Estates,dfw,dallas,Garland,203264.13457497803,190789.75696223983,-6.137028373855486
Springbrook,houston,houston,Spring,274428.01914961,279686.8052153008,1.916271553461116
Roseland Oaks,houston,houston,Baytown,292227.918253428,292915.27731512324,0.2352133450504655
Briarwood,dfw,dallas,Plano,330036.46159799496,322055.02735842863,-2.418349233572929
Village Grove,houston,houston,Pasadena,336233.16782177956,338185.66234165226,0.5806965840168473
Briarhill,dfw,dallas,Highland Village,564997.0864923272,570938.4082315759,1.0515667923412175
Breckinridge Park Estates,dfw,dallas,Richardson,490374.0082806022,507976.41979023983,3.5895890101020886
Marietta,jacksonville,jacksonville,Jacksonville,244114.12187697235,250167.44434964235,2.479710074176179
Galt Mile,south_florida,fort_lauderdale,Fort Lauderdale,501285.62718414614,504320.4314418054,0.6054042033294549
Cypress Lakes,south_florida,fort_lauderdale,Pompano Beach,470746.11852731527,464431.0414191141,-1.3415038084556672
Fox Run,dfw,fort_worth,Fort Worth,259056.56695341083,255319.05980869065,-1.4427378501438788
Rivercrest,tampa,tampa,Riverview,311782.3392995806,312140.8867054274,0.11499926732612352
West Shore Estates,dfw,dallas,Garland,355467.01096069306,354309.2625273847,-0.3256978559499595
Brazos Town Center,houston,houston,Rosenberg,370600.90954000846,381258.1618967166,2.8756681601067835
Timber View Estates,dfw,dallas,Bedford,434185.84290424926,461144.0279568835,6.208904664489323
Club Hill Estates,dfw,dallas,Garland,381217.5002979815,387716.5581709563,1.7048162447670427
Keningston Gardens,dfw,dallas,Garland,487649.6364499304,498769.9780604188,2.2803957553304173
Oak Hollow Park,san_antonio,san_antonio,San Antonio,374246.624433636,389999.5969869431,4.209249068617985
Scarborough,south_florida,miami,Davie,497068.40992529126,488567.95997206256,-1.7101167130106514
Holden-Parramore,orlando,orlando,Orlando,235645.46647644983,231231.15255124198,-1.8732861663812304
Overton Park,dfw,fort_worth,Fort Worth,859148.9164042799,925788.3689553295,7.756449583845122
Villages of Renaissance,south_florida,miami,Miramar,467729.88320595655,454702.4916742884,-2.785238232454726
Sedona,houston,houston,League City,477609.2359489638,500844.94909535686,4.865004986812271
Walker Ranch,san_antonio,san_antonio,San Antonio,497475.87626368034,508714.08108704566,2.259045183812825
Timacuan,orlando,orlando,Lake Mary,629567.1151163493,641247.6372838584,1.8553259671687923
Kodiak Crossing,houston,houston,Crosby,278820.3400008829,283617.7791376644,1.7206202161457467
Wild Peach Village,houston,houston,Brazoria,265140.2320814591,262903.83294497663,-0.8434778528048349
Winfield Lakes,houston,houston,Fresno,278402.66139617405,282219.0716968262,1.3708239287343948
Richardson Heights,dfw,dallas,Richardson,377757.7550648179,380275.77704904234,0.6665705602238089
Atascocita Forest,houston,houston,Atascocita,265233.7118547656,266621.5746947338,0.523260346606366
Hogan Acres,dfw,fort_worth,Burleson,381172.8951126384,383034.24610550405,0.48832197061535276
Glen Meadows,houston,houston,La Porte,266025.5688505694,267074.13989145623,0.39416175122467334
Las Lomas-Stone Oak,san_antonio,san_antonio,San Antonio,433095.8651740386,440433.5494714308,1.6942402104078071
184 Association,san_antonio,san_antonio,San Antonio,211751.29226716727,209315.67552081868,-1.1502252100901305
Mesa Park,austin,austin,Round Rock,278674.54095475446,276704.4719247062,-0.7069425945042204
Round Rock Ranch,austin,austin,Round Rock,369659.42780528544,367350.37128106237,-0.6246442943257866
Dover Estates,orlando,orlando,Orlando,387347.9893184307,386839.2773057846,-0.13133203906421628
Dover Shores East,orlando,orlando,Orlando,361580.19999642664,358757.516574381,-0.7806520993333046
The Isles at Wellington,south_florida,miami,Wellington,877568.7957384432,832794.2435178056,-5.102113069433075
Woodbine,south_florida,miami,Riviera Beach,428537.4048578708,427323.5876498561,-0.28324650176505306
Wildwood West,san_antonio,san_antonio,San Antonio,266707.5683034128,268776.9158005352,0.7758863050966082
Meadows of Candleridge,dfw,fort_worth,Fort Worth,279577.8720265647,281592.4776674571,0.7205883735680356
Parkway Center,tampa,tampa,Riverview,330031.5913075802,329456.68291121937,-0.17419798937520958
Mirabella,south_florida,miami,Miramar,481873.0552195517,456054.1838978482,-5.358023454940826
Trace Ridge,dfw,fort_worth,Fort Worth,362740.2220612645,384154.8809501455,5.9035799137996285
Sienna Village of Anderson Springs,houston,houston,Missouri City,387888.6929115541,390415.89395257214,0.6515273807154408
Century Oaks,dfw,dallas,North Richland Hills,420920.384555093,442101.571277946,5.03211236615238
Murl's Lake,dfw,dallas,Weatherford,380380.60630842886,403103.102106936,5.9736210052945635
Alta Vista,san_antonio,san_antonio,San Antonio,248240.50684866597,258420.66310977776,4.100924700140851
Hillcrest,dfw,dallas,Sanger,262214.5498641518,257817.58539055625,-1.6768575488559017
El Dorado,san_antonio,san_antonio,San Antonio,236826.6567280642,239431.08097040982,1.0997175226503924
Biscayne Landing,south_florida,miami,North Miami,382723.884007927,380992.42087292066,-0.4524052998402503
Country Place,houston,houston,Pearland,321329.26560782635,324185.74572184874,0.8889573467947495
Balmoral,houston,houston,Humble,315898.2731906492,320786.8968197445,1.547530975626736
Washington Park,south_florida,fort_lauderdale,Fort Lauderdale,395551.61311693216,386337.7692190432,-2.329365774869229
Lawnacres,south_florida,fort_lauderdale,Hollywood,357368.15427265473,352379.3653061424,-1.3959802816414641
Van Dyke Estates,tampa,tampa,Lutz,757577.4912122824,781951.6107855951,3.217376421032389
Foster Village,dfw,dallas,North Richland Hills,340740.7650318251,341293.51345389144,0.16221963404193956
Knoll Ridge,south_florida,fort_lauderdale,Fort Lauderdale,619912.8015622209,596614.6697992843,-3.7582917636518838
Woodbridge at Monte Viejo,san_antonio,san_antonio,San Antonio,241409.8021637675,237152.1694517274,-1.7636536188169503
Miramar Isles,south_florida,miami,Miramar,503384.6451764349,514815.7210358651,2.270843175088034
Westbridge,south_florida,miami,Sunrise,542105.8124914927,526111.2157020868,-2.9504566121317723
Progressive North West,south_florida,miami,West Palm Beach,340535.22414859605,322473.06745190045,-5.304049453872059
Wynnwood Haven Estates,dfw,dallas,The Colony,792537.4689234896,827970.8761120525,4.470881009158142
Flamingo Estates,south_florida,miami,Hialeah,539849.9767224716,540700.1250025491,0.15747861752980036
Golden Heights,south_florida,fort_lauderdale,Fort Lauderdale,389170.01139402366,395787.29788638174,1.7003587888631693
Bartlett Park,tampa,tampa,Saint Petersburg,251457.7029655713,221559.15198347028,-10.0
April Sound,houston,houston,Montgomery,296932.48045582604,291966.25580008444,-1.6725097396276276
Plantation,dfw,fort_worth,Burleson,432951.48660100065,435925.98981992237,0.6870292194337604
Harmony Springs,houston,houston,Spring,488212.91349975136,495755.4626594462,1.544930285769398
Summer Lakes,houston,houston,Rosenberg,357698.7285935963,363154.88534760696,1.5253497756235321
Benbrook Estates,dfw,dallas,Benbrook,194022.07927915672,197882.70274472772,1.98978563672456
The Crossing at Riverstone,houston,houston,Missouri City,645777.2125503301,677115.8834886621,4.852861068690858
Huntington Pointe,orlando,orlando,Lake Mary,477536.8667594095,498743.9985361107,4.440941266087772
Briar Meadow,dfw,dallas,Plano,591917.1392651843,603630.417467933,1.9788712685849574
Timbercrest,waco,waco,Waco,235866.4685513269,249301.9566879644,5.696226436575415
Northridge,dfw,dallas,Midlothian,282648.2644212917,284085.1062611791,0.5083497833709465
Spring Glen,jacksonville,jacksonville,Jacksonville,221576.3989991067,216885.67563224904,-2.1169778857524273
North Greenwood,tampa,tampa,Clearwater,220120.78243100108,215885.34178548947,-1.9241439171420582
Monroe Heights,south_florida,miami,Riviera Beach,280327.48821712844,303888.24077621725,8.404724313314492
Briarcliff,austin,austin,Spicewood,479810.5744529964,465571.09574629547,-2.9677292383425575
Big Springs,san_antonio,san_antonio,San Antonio,573626.5301420529,593791.81762057,3.5154035629285327
Northampton,san_antonio,san_antonio,Converse,242059.21638585316,227720.88128079916,-5.923482410270242
Meadow Ridge/ Harvest Run,dfw,dallas,Carrollton,394921.36786667135,392160.9549078089,-0.6989778683726156
Botanica,south_florida,miami,Jupiter,683728.0387208646,671105.0084151295,-1.846206326326846
Central Corals,south_florida,miami,Oakland Park,580809.6526807183,573422.4451379073,-1.271880986949082
Roosevelt Estates,south_florida,miami,West Palm Beach,358426.48985944566,348523.2514503673,-2.7629761441354046
Skyline,dfw,dallas,Mesquite,240018.80063047432,253314.46289313654,5.539425339905696
Westpoint,dfw,dallas,Euless,331443.830604294,336588.3690935287,1.552159978315204
Mango Groves,south_florida,miami,Lake Worth Beach,346435.86891916586,334347.03834725247,-3.489485834601638
Harris Park,tampa,tampa,Saint Petersburg,308323.515760076,289849.8933021044,-5.9916358998536445
Heron's Bay Estates,dfw,dallas,Garland,512715.24317162787,533444.3301406216,4.0430018894630075
Commonwealth Estates,houston,houston,Sugar Land,828702.8796253214,855537.4068936487,3.2381361194810756
Commonwealth Park,houston,houston,Sugar Land,584735.9996119995,622742.5284436921,6.49977577178621
Cross Creek,san_antonio,san_antonio,San Antonio,320677.71364732,324144.19678132323,1.0809866063270188
Eden Place,south_florida,miami,Lake Worth Beach,481050.3669034483,466866.5496216651,-2.9485098146968145
Valley Forge,san_antonio,san_antonio,San Antonio,217042.5733125365,226320.14250703718,4.274538885576697
The Lakes,south_florida,miami,Weston,944499.338288145,926091.6549299365,-1.9489355483902677
North Brooksville,tampa,tampa,Brooksville,184199.6228072994,196976.6114721524,6.936490135063776
Costa Del Sol,south_florida,miami,Doral,536347.8744733551,534501.548538161,-0.3442403751496315
Cobblestone,south_florida,miami,Pembroke Pines,461965.5573357982,451801.25494309305,-2.200229482761382
Harbour Isles,south_florida,fort_lauderdale,Fort Lauderdale,623999.6375356296,607724.7878637532,-2.6081505008802406
Riverland Village,south_florida,fort_lauderdale,Fort Lauderdale,486469.00678407046,463415.72343162657,-4.738900737961417
Pearlbrook,houston,houston,Texas City,266868.49607729213,268010.19714800036,0.4278141060073108
Lake Maggiore,tampa,tampa,Saint Petersburg,254612.81074986563,241477.77555870594,-5.158827300352807
Royal Ridge,san_antonio,san_antonio,San Antonio,236860.3576940524,239841.0574033135,1.2584206738010613
Miramar,jacksonville,jacksonville,Jacksonville,639693.2773819182,713230.9403945145,11.49576924015287
Lake Hills,dfw,dallas,Weatherford,563567.7047635196,584576.2379455832,3.7277744988739308
Westpark,dfw,dallas,Benbrook,317827.70369583945,330493.51786418597,3.9851196170324044
Hilltop,dfw,dallas,Watauga,285838.9244566296,286020.07445651304,0.06337485359203388
Westwind Meadows,dfw,dallas,Wylie,307546.85255234,300623.2706106053,-2.2512283524528724
Harvest Ridge,dfw,fort_worth,Fort Worth,349909.6759768816,367723.1303140787,5.090872176502502
Highland Glen,houston,houston,Spring,240888.458425882,237556.7967081806,-1.3830723727789216
Riverpark,houston,houston,Sugar Land,389631.5100404371,403331.41940631747,3.5161194648909544
Flamingo Lake,south_florida,miami,Hialeah,452116.8112600769,468124.31480075396,3.5405680881591635
Charter Club,south_florida,miami,Greenacres,226833.2875948169,210336.22042419174,-7.272771710690547
Silverthorn,tampa,tampa,Spring Hill,322105.21316437685,320679.90506155463,-0.44249768230073894
East Sunswept,south_florida,miami,Pembroke Pines,431669.1149220339,412447.1991343355,-4.452928208952402
Lavaca,san_antonio,san_antonio,San Antonio,327744.94515436975,340569.7263454542,3.913037067602654
Orange Lake Village,tampa,tampa,Largo,227882.78982003697,234091.3738733791,2.724463772909385
Highlands or Russell Park,dfw,dallas,Plano,617957.7683420616,620341.0540825012,0.3856712970586738
Eastwood,south_florida,miami,Wellington,566363.7032118193,556368.5070025031,-1.7648016906157475
Greengate Place,houston,houston,Spring,198922.045243654,191391.44233270787,-3.7857055520025953
Woodridge,tampa,tampa,Largo,381244.2907096942,387320.51412822364,1.5937873868795305
Creekside,dfw,dallas,Garland,330536.36597734253,325024.33671446994,-1.6676014593959756
Novel Circle,dfw,dallas,Garland,248524.48180347367,238626.33183408665,-3.982766565916914
Jupiter River Estates,south_florida,miami,Jupiter,448473.0180674191,446892.70728272176,-0.352375889079639
Royal Palm Isles,south_florida,miami,Oakland Park,174968.0038260658,150385.37679159243,-10.0
Fairfax Meadows,dfw,dallas,Plano,585836.7225054769,583865.126600312,-0.33654358448765953
Forest Village,houston,houston,Spring,279167.15286154725,283214.56655485486,1.4498173054460028
Preston Meadow North,dfw,dallas,Plano,623339.6457776079,618096.1181603346,-0.8411991203819611
Parkwood Hills,dfw,fort_worth,Fort Worth,383166.59159491846,400735.022531555,4.5850633437295505
Hibiscus Island,south_florida,miami,Weston,710847.3621603913,758966.2186944262,6.769224885043282
Hidden Creek,dfw,dallas,McKinney,576183.1906972966,571422.1649822638,-0.8263041671297343
McPherson Ranch,dfw,fort_worth,Fort Worth,349338.1118370854,344563.30138016865,-1.3668163578852488
Tampa-Bayshore Gardens,tampa,tampa,Tampa,667884.0350399945,674099.2807264142,0.9305875511828148
Brookglen,houston,houston,La Porte,240309.49209563763,253346.47767165903,5.425081407451429
Candel Meadow,dfw,dallas,Desoto,374961.1431159665,371899.9385908012,-0.8164058013388764
Reservation,dfw,dallas,Richardson,578969.9741121498,718031.6568464899,15.0
Live Oak,tampa,tampa,Saint Petersburg,307799.9839090616,298595.0158986967,-2.9905680609406504
Vista Del Norte,san_antonio,san_antonio,San Antonio,490725.9790596707,505542.33384237246,3.0192725502515407
Chimneystone,houston,houston,Sugar Land,256477.5872712227,251751.20700792945,-1.8428044000176693
Corinthian Point,houston,houston,Willis,354186.7788681535,370518.2814317602,4.610985936797511
Oak Hills,san_antonio,san_antonio,San Antonio,347758.21553929924,366442.2591962205,5.3727109301921905
Rosemont North,orlando,orlando,Orlando,319594.9507950156,322332.3420582272,0.8565189332316272
Magnolia Estates,tampa,tampa,New Port Richey,616230.4541800022,623953.7846396643,1.2533185283644113
Hunters Run,south_florida,miami,Boynton Beach,223416.60570126583,192578.87703514443,-10.0
Carriagehouse,dfw,dallas,Garland,271800.18391989724,261340.7118533368,-3.8482211143915093
Annalea Kingspark,houston,houston,Friendswood,249475.6987711589,249575.56191210958,0.04002920582749071
Plantation Creek,houston,houston,Missouri City,362643.0223065084,374534.4836059492,3.2791093631990744
Churchill Estates,san_antonio,san_antonio,San Antonio,417808.5066557577,428719.38399899326,2.6114540918682794
Osceola Forest,jacksonville,jacksonville,Jacksonville,215820.37640695384,215992.99352537055,0.07998184475927987
Swann Estates,tampa,tampa,Tampa,844633.6314533646,869934.7353968002,2.995512255402366
Lakewood,houston,houston,Baytown,257331.9569606446,274905.97429028753,6.829317872995709
Washington Heights,dfw,dallas,Greenville,203983.7812660423,207037.2367809145,1.496910928859485
Magnolia Plantation,houston,houston,Sugar Land,447972.06656034454,455076.1946269831,1.5858417515150074
Plantation Colony,houston,houston,Sugar Land,403449.07331188006,407468.64895501925,0.9963031046627097
North Ybor,tampa,tampa,Tampa,270764.89615434565,275110.02043316915,1.6047590882485074
Lake Eola Heights,orlando,orlando,Orlando,448196.0568528326,450082.07023735717,0.4208009766457718
Crown Valley,dfw,dallas,Weatherford,456095.3891631872,462300.89434157667,1.3605717851642674
Custer Hill,dfw,dallas,Allen,455383.4447780989,442478.07395715057,-2.8339569584566062
Greenfield Manor,jacksonville,jacksonville,Jacksonville,266039.71104095894,258898.07733525572,-2.6844239447409826
Oak Grove,tampa,tampa,Lutz,368169.83369489736,377548.50640081806,2.547376739641526
Berkshire Village,houston,houston,Pasadena,203140.64393228688,202767.11767090787,-0.183875690333796
Forest at Stone Oak,san_antonio,san_antonio,San Antonio,985700.6933171632,980310.2187863619,-0.5468672759740905
Lakes of Avalon,south_florida,miami,Hialeah,564124.201761664,552738.8002339114,-2.018243764794696
Barrington Place,houston,houston,Sugar Land,287248.86954855354,287898.2953662381,0.22608472531335388
Golfview Harbor,south_florida,miami,Boynton Beach,490888.3365038368,543640.3930277039,10.74624361612934
Berkeley Place,dfw,fort_worth,Fort Worth,738321.2903178906,918475.0729394559,15.0
Crestline Area,dfw,fort_worth,Fort Worth,939038.2386182812,968955.7392775193,3.185972565213027
Riverbend,south_florida,miami,Sunrise,583850.8020767234,576956.7520922711,-1.1807896743364192
Hampton Lakes,south_florida,miami,Sunrise,518020.2797573148,519862.98867064225,0.3557213849215924
Fox Hollow,dfw,dallas,Weatherford,289286.99506459635,288980.7505432693,-0.10586183497762933
Willow Creek,dfw,dallas,Weatherford,311505.8510369171,314039.5308818143,0.8133650897609982
Vista Ridge,dfw,dallas,Lewisville,474712.62042035745,477099.3726781031,0.5027783452717538
The Terraces at Encino Creek Owners Association,san_antonio,san_antonio,San Antonio,519792.5064207267,527186.981851401,1.4225821533273786
Encino Rio HOA,san_antonio,san_antonio,San Antonio,343220.75065243995,344453.35813962994,0.35912965193592916
Windsor Ridge Estates,dfw,dallas,Denton,291222.4894384287,279485.7999446348,-4.030145307948598
Lakewood,dfw,fort_worth,Burleson,334082.31877325376,330546.51757721277,-1.0583622650322868
Crighton Woods,houston,houston,Conroe,694503.7958329328,734898.3878464029,5.81632415198308
Old River Acres,houston,houston,Channelview,217120.45788340413,220077.8528762961,1.3620987270025526
Magnolia Park,tampa,tampa,Riverview,304962.26589100104,300484.5391702794,-1.468288775871719
Wells Point,austin,austin,Pflugerville,359460.2168285173,346790.9145011341,-3.5245353266526345
Westcliff,dfw,fort_worth,Fort Worth,350897.1690394332,404601.6078682515,15.0
Lake Nona Central,orlando,orlando,Orlando,591199.0172703998,606356.7757167094,2.563901157396007
Dinsmore,jacksonville,jacksonville,Jacksonville,272033.0151929212,271387.1460734871,-0.23742306387923326
Rock Creek,houston,houston,Cypress,762761.6231124834,823801.1583299502,8.002439211400302
Huntington Place,san_antonio,san_antonio,San Antonio,353724.2787010613,336863.13378914545,-4.766747980611625
West Grand,tampa,tampa,New Port Richey,298772.0256698221,296359.40797772707,-0.8075112409490693
Robson Ranch,dfw,dallas,Denton,567181.6308357171,591695.8281638277,4.322107063303511
Redland Springs,san_antonio,san_antonio,San Antonio,378675.78250139253,379016.1137850526,0.08987405569270333
Frisco Hills,dfw,dallas,Little Elm,602432.8718241757,596613.0246196445,-0.9660573777969004
Ridgewood,dfw,dallas,Plano,295595.5611882559,278533.5635933403,-5.772075036014952
Audubon Park,orlando,orlando,Orlando,489605.9661569979,536197.2141155447,9.51607030532115
Robinwood,houston,houston,Conroe,209628.7673043183,217602.80735926423,3.8038863451264886
Arbor Place,houston,houston,Conroe,244926.68636901988,247092.68687455764,0.8843464702226612
Eagle Bend,jacksonville,jacksonville,Jacksonville,483303.2133050682,511032.8349817957,5.737520652324763
Lake Pasadena,tampa,tampa,Saint Petersburg,415064.96671922546,423318.88596186816,1.988584897415865
West Bend,dfw,fort_worth,Burleson,331015.042181375,327551.57356483274,-1.0463175914055685
Eastgate,dfw,fort_worth,Fort Worth,230599.81894150612,254111.5437836401,10.195899090492333
Miami Gardens,south_florida,miami,Miramar,467153.0223188333,454766.1685331009,-2.651562377622442
Monticello,dfw,fort_worth,Fort Worth,681255.1794884925,706553.500414663,3.71348676499828
Bayhaven,tampa,tampa,Seminole,514980.2790865368,520027.478938785,0.980076336360069
Rush Creek,dfw,dallas,Wylie,384748.4170091728,367084.9885590344,-4.590903475950429
Kreymer Estates,dfw,dallas,Wylie,513311.45237190713,516228.5419539822,0.5682884277363772
Stratford Estates,dfw,dallas,Plano,451062.77177503175,442370.23796296434,-1.9271228653742294
Stablewood Farms,houston,houston,Cypress,313669.864274868,314867.81712433876,0.38191518724317575
Lake Conroe Forest,houston,houston,Montgomery,184355.7823139789,185838.1748554063,0.8040933258620089
Cross Creek,dfw,dallas,Plano,377265.7973551092,369599.27992389374,-2.032126284694495
Ridgewood Park,dfw,dallas,Garland,301024.40945127147,297707.4456210288,-1.1018919815469737
Harbor Village,south_florida,fort_lauderdale,Pompano Beach,547429.2004025577,521182.8701254211,-4.794470272655556
Lofts of Palm Aire Village,south_florida,fort_lauderdale,Fort Lauderdale,381372.21921371465,380223.9539224413,-0.3010878174715428
Windy Pointe,south_florida,miami,Cutler Bay,481129.3880287166,460583.10796399263,-4.270427160749045
River Oaks,dfw,dallas,Waxahachie,292752.41303371516,290455.4342288158,-0.7846148153302652
Promontory Pointe-Heights,san_antonio,san_antonio,San Antonio,453858.2599743699,462269.1864583892,1.853205554636
Gingerbread Village,dfw,dallas,Waxahachie,276126.18463760515,270112.25098810816,-2.1779657215015034
Flamingo Estates,south_florida,miami,Miramar,648640.0644195463,622172.4704804452,-4.080474733361769
Valencia Lakes,south_florida,miami,Boynton Beach,502053.90278665937,494221.5385439354,-1.5600644072778416
Hialeah Homesites,south_florida,miami,Hialeah,523659.806088604,541388.0349359284,3.385447697378706
Virginia City,tampa,tampa,New Port Richey,179031.32123984152,178944.59561929724,-0.048441591082322225
Montgomery Farm,dfw,dallas,Allen,760055.5107870018,769359.1127751431,1.2240687497295908
Parkwood,houston,houston,Pasadena,202087.98798697093,201527.67082906346,-0.27726395986662733
The Knolls,south_florida,miami,Miramar,539753.6788299746,518530.9032420124,-3.931937181783892
Maxwell Creek North,dfw,dallas,Murphy,612044.431786995,618450.9314456726,1.0467376755593478
Fairfax Hill,dfw,dallas,Plano,607886.9330985631,613074.988907326,0.8534573662108491
Heights Park,dfw,dallas,Richardson,434445.51136440464,449521.8276786187,3.4702433147176324
Eldridge Lake,houston,houston,Sugar Land,429517.8099006314,467774.4540458756,8.906881918143245
Silverstone at Pearson Ranch,dfw,dallas,Weatherford,385994.9825589334,391251.9343317348,1.3619223073706086
Berkeley Manor,tampa,tampa,Spring Hill,313220.9549947031,308248.8496591819,-1.5874114602598361
Bedingher Place,dfw,dallas,Weatherford,380575.1893657048,382046.27404593496,0.3865424550354957
Gateway,south_florida,miami,Delray Beach,399539.38616700674,391076.1950818185,-2.118236994450065
Alexandra Meadows,dfw,fort_worth,Fort Worth,287393.8603572041,282047.29421756667,-1.8603619899855013
The Highlands,houston,houston,Sugar Land,299709.460456587,298031.9742464372,-0.5597041239853733
Stafford Run,houston,houston,Stafford,275344.94543329166,281241.459338428,2.141500689565003
Cimarron Estates,dfw,dallas,Wylie,338106.5740112479,310795.2008860189,-8.077740932751103
Foster Park,dfw,fort_worth,Fort Worth,557826.7964642757,628984.8812242418,12.756304503654878
Gardens,south_florida,fort_lauderdale,Pompano Beach,195363.80526167096,186786.47590375436,-4.390439337741247
Sugarmill,houston,houston,Sugar Land,397124.38947230094,407452.4851750708,2.600720574350483
Ludlow Heights,tampa,tampa,Brooksville,256720.0485402957,255201.18874930174,-0.5916405047561235
Dogwood Estates,tampa,tampa,Brooksville,402642.80808728497,429110.14254592545,6.5734030080832575
Oakwood Glen,houston,houston,Spring,243286.02113604287,241101.0408733886,-0.8981117174144727
Oakbrook Estates,houston,houston,Pearland,360463.8133359587,374408.3736758721,3.868504916169445
Westwood,dfw,dallas,Lewisville,275571.51383068785,267145.8037078159,-3.0575403116770468
Boyette Park,tampa,tampa,Riverview,353443.6929061993,358704.12039145833,1.488335367369276
Creek View,tampa,tampa,Riverview,402832.4944951749,393478.6698702354,-2.3220134305852453
Riverview Highlands,tampa,tampa,Riverview,306148.388595313,308741.24416458624,0.846927720629175
Echo Hills,dfw,dallas,Watauga,260442.1747853587,262593.7096216426,0.8261084588381602
Historic Ybor,tampa,tampa,Tampa,223557.51005540937,192584.37334236398,-10.0
Oakland Estates,san_antonio,san_antonio,San Antonio,396712.16618904605,415657.95342769544,4.775701088436271
Seminole Woodlands,tampa,tampa,Seminole,546676.4759760982,551615.6301759612,0.9034876049941681
Briar Glen,houston,houston,Dickinson,221523.1147949641,220940.3717145909,-0.2630619747797225
River Plantation,houston,houston,Conroe,315863.83301212353,315315.9745033583,-0.1734476858400575
Villages of Hidden Lake,austin,austin,Pflugerville,374659.4531296389,370740.2953756989,-1.0460586864156693
Encantada,south_florida,miami,Pembroke Pines,786666.4658394641,791082.6311364421,0.5613770878443901
East Oaks,dfw,dallas,Denton,292312.34797396814,278377.094567893,-4.767247604372883
Ashley Oaks,tampa,tampa,Riverview,397799.0500595684,412789.8379035249,3.768432288038823
Quantum Park At Boynton Beach Plat 3,south_florida,miami,Boynton Beach,400400.81650488096,405983.6009104976,1.3942989563180825
Spanish Lakes,south_florida,miami,Hialeah,610443.2003138582,578604.6850093253,-5.215639274573496
Highland Oaks,tampa,tampa,Saint Petersburg,219329.64746849684,213896.82798158846,-2.4770109967412037
Graystone Hills,houston,houston,Conroe,458963.8037013403,473923.2626776553,3.25939842220097
Pheasant Creek,houston,houston,Sugar Land,249895.67969398363,250086.1084356872,0.07620329488559432
Saratoga,dfw,fort_worth,Fort Worth,451641.8286194766,451972.72320704604,0.07326482327398696
Cross Bayou Estates,tampa,tampa,Seminole,329676.91259029176,336359.1944108163,2.026918345000699
Wadeview Park,orlando,orlando,Orlando,413633.73454380914,427907.0691297876,3.450718206463584
Artesia,dfw,dallas,Prosper,524776.1841069922,520936.7703961333,-0.7316288023612214
Springwood Estates,tampa,tampa,Spring Hill,391900.2203440207,392274.2074737094,0.09542917055786101
Quail Meadows,tampa,tampa,Spring Hill,319742.86889625154,319724.66598267836,-0.005692985002612447
Benbrook Lakeside,dfw,dallas,Benbrook,262005.210231671,259479.362427499,-0.9640448760307405
Prosper Pointe,south_florida,miami,Miramar,576012.6939000306,549916.8523069171,-4.530428212688406
Ocean Parkway,south_florida,miami,Boynton Beach,314483.1425624189,335416.19496437185,6.656335290785311
Coventry Hills,dfw,fort_worth,Fort Worth,326648.8249383603,327074.41583864647,0.1302900447801915
Pirates Beach,houston,houston,Galveston,558197.828822771,544785.8952775208,-2.4027204787836127
Old Pompano,south_florida,fort_lauderdale,Pompano Beach,487486.6351210736,464852.0762405395,-4.64311372862817
Aloha Gardens,tampa,tampa,Holiday,232934.00489412932,230966.87708177793,-0.8445000605409542
Pleasant Village,south_florida,miami,Golden Glades,511196.1095165287,517139.1303338271,1.1625716054292907
Singer Island,south_florida,miami,Riviera Beach,841707.5937554594,822464.5323003755,-2.286193162310303
Woodland Estates,dfw,fort_worth,Mansfield,399269.9808581646,401925.0028587324,0.6649691005723204
Ingleside Park,south_florida,miami,Hialeah,526510.6211655156,539335.0834045424,2.435746160379023
Lawsona-Fern Creek,orlando,orlando,Orlando,485378.57448342774,484779.38151641586,-0.1234485818929246
Montclair,dfw,dallas,Highland Village,462527.84921809257,509606.37369942834,10.17852753319015
Lakewood Estates,dfw,dallas,Highland Village,453172.61629042,503518.53409653803,11.10965579037842
Browning Heights North,dfw,dallas,Watauga,239809.99431114833,241034.76971865573,0.5107274244451566
Nicholstone,houston,houston,Dickinson,201463.84100560503,203886.6381684797,1.2025965308619595
Bell Manor,dfw,dallas,Bedford,303484.59817287786,308737.14969429723,1.7307473107506082
Cypresswood Glenn,houston,houston,Spring,386207.4767151403,388948.5713929199,0.7097466628802298
Mill Run,orlando,orlando,Kissimmee,329657.5233418204,332678.38026841125,0.916362197946422
Willow Crest,dfw,dallas,Plano,500840.3878457183,494476.38047049486,-1.2706657709050115
Meadowcreek Estates,dfw,dallas,Rockwall,311669.2247644977,303114.65360259963,-2.744759662543537
Hunters Chase II,san_antonio,san_antonio,San Antonio,245658.891297661,239298.93943363513,-2.588936158764806
San Mateo,jacksonville,jacksonville,Jacksonville,230954.37593696304,238722.3962230432,3.3634436475022143
Feather Ridge,san_antonio,san_antonio,San Antonio,216129.34016013108,232790.53330529173,7.7088992789300645
Lorrence Creek,san_antonio,san_antonio,San Antonio,345095.7809031724,387428.64237417484,12.266988996565068
Harriet Creek Ranch,dfw,dallas,Justin,294534.7394749939,287460.3207195008,-2.401896213704085
Croissant Park,south_florida,fort_lauderdale,Fort Lauderdale,568095.6649710137,543343.9694497457,-4.356959055924299
Highland Village,south_florida,miami,North Miami Beach,641555.1854959214,590111.2357879872,-8.018632047712007
Woodlawn Hills,san_antonio,san_antonio,San Antonio,191738.98735523308,213313.32836809597,11.251932280675032
Jefferson-Monticello Park,san_antonio,san_antonio,San Antonio,299194.9577690396,296539.7115521315,-0.88746355777753
Hillcrest,san_antonio,san_antonio,San Antonio,211734.68678966665,206397.16961481664,-2.5208515693756905
East Park,orlando,orlando,Orlando,421533.9590056824,413512.7287851591,-1.9028669100453488
Atlantis,south_florida,miami,Lake Worth Beach,628138.4719254998,608947.8624619108,-3.055155880639186
West Hialeah Heights,south_florida,miami,Hialeah,570674.0687632263,564615.3603785798,-1.061675782426382
Lost Creek,houston,houston,Richmond,329932.8447875181,329296.5711655277,-0.19284943346582356
Southern Acres,dfw,dallas,Greenville,219707.58618841055,214160.7502622112,-2.5246446981774513
Central Oakland Park,south_florida,miami,Oakland Park,432504.05778333376,417836.2679492457,-3.3913646751115585
Middle Glen,dfw,dallas,Garland,222852.33602508935,215198.92194650535,-3.4342983408180907
Silver Shores,south_florida,miami,Miramar,706476.7958624163,749365.1147491762,6.070732844722088
Falcon Ridge,dfw,fort_worth,Fort Worth,257547.5934273516,255713.8776497863,-0.7119910355840846
Encino Park,san_antonio,san_antonio,San Antonio,404846.8575252255,418605.902071914,3.3985800534048085
Jordan Park,dfw,dallas,Haltom City,257361.763825246,255240.94204126892,-0.82406249959382
Diamond Oaks,dfw,dallas,Haltom City,321587.73840060696,327831.339854049,1.9414923854044013
The Falls,south_florida,miami,Weston,755987.5025973809,776868.4820247091,2.762079975606274
Tanglewood,houston,houston,Conroe,233583.07548447096,229410.168841373,-1.786476453588514
FW Vista West,dfw,fort_worth,Fort Worth,322335.80742277025,321027.50214620505,-0.40588269948217215
Southeast,tampa,tampa,New Port Richey,197579.6959526335,191641.51918814823,-3.0054590052152226
Lake Emerald,south_florida,miami,Oakland Park,186014.34316670615,168211.51123708545,-9.57067698465908
Stonefield,san_antonio,san_antonio,San Antonio,313809.28544854413,325050.3098934461,3.5821197670536034
Estancia,south_florida,miami,Pembroke Pines,683079.5131466826,649818.020550377,-4.869344191437226
Oxbow,san_antonio,san_antonio,San Antonio,203478.7981635268,208965.27085021167,2.696336294593028
Deerfield,san_antonio,san_antonio,San Antonio,566347.7489655375,593463.0475847749,4.787747222226066
Joiner Acres,dfw,dallas,Bedford,260128.54001225636,275939.93810449704,6.078301939301124
Ridgecrest,tampa,tampa,Largo,281707.5050218489,281845.26894814585,0.04890317930517178
Woodland Hills,dfw,dallas,Bedford,286231.23480160994,296951.74586402654,3.7454022339131163
Lexington Colony,houston,houston,Missouri City,322956.5644794461,324681.8711943498,0.5342225254608451
Holiday Park,tampa,tampa,Saint Petersburg,465308.99700324953,485020.45019956335,4.236207192051384
The Park at Blackhawk,austin,austin,Pflugerville,400665.2827580101,406480.99183689116,1.4515131031189419
Cypress Village,houston,houston,Pearland,326887.51351848047,328624.1140833863,0.5312532577992373
Two Worlds,dfw,dallas,Grand Prairie,182449.68050029417,155811.43485074176,-10.0
Hamlet,dfw,fort_worth,Fort Worth,239605.61719804924,235780.9730682345,-1.5962247356886523
Autumn Creek,houston,houston,Friendswood,479210.0044347716,511384.24065612414,6.714015968698746
Frisco Ranch,dfw,dallas,Little Elm,402864.0549860557,387936.1568605195,-3.705443049778396
Asbel Creek,tampa,tampa,Land O Lakes,343045.18985386816,346389.3881605816,0.9748564928539017
Watters Crossing,dfw,dallas,Allen,577895.2662682604,584151.3064354382,1.0825560499181741
Harmonson Farms,dfw,fort_worth,Keller,910017.0043113292,948260.4465200907,4.2024975387908095
Wedgewood Groves,orlando,orlando,Orlando,388829.9770942477,385918.72586600954,-0.7487208805231889
Oak Meadow,san_antonio,san_antonio,San Antonio,389354.4910003096,389139.26750956895,-0.05527700224741137
Country Brook,dfw,dallas,Garland,316719.9571223092,315712.31238920573,-0.31815005983798206
Russwood,dfw,dallas,Grapevine,485449.3513226384,512704.88059867156,5.6144949420106744
Rolling Ridge,dfw,dallas,Lewisville,238616.7488052119,224612.32641566134,-5.869002263953676
Pickwick Park,jacksonville,jacksonville,Jacksonville,416654.84795596293,428598.90418432205,2.866654807199436
Avondale,south_florida,fort_lauderdale,Pompano Beach,170270.4247096983,163024.0009290926,-4.25583232846247
Chestnut Meadows,dfw,dallas,Forney,317484.189216116,315376.7750426042,-0.6637855506175275
Lewisville Park,dfw,dallas,Lewisville,351529.1338594923,362523.81327180116,3.1276723188193754
Covington Woods,houston,houston,Sugar Land,271030.4273805621,265695.8547813849,-1.9682559817118812
Holiday Harbors,jacksonville,jacksonville,Jacksonville,563093.5049469314,568250.9230978836,0.9159079452422848
El Chaparral Fertile Valley,san_antonio,san_antonio,San Antonio,201970.26860040837,197028.81321984038,-2.446625146765784
Cypress Point,houston,houston,Cypress,309202.3490048342,311276.64013397857,0.6708523191432624
Shannon Lake Estates,south_florida,miami,Sunrise,768837.2446238236,784695.1631752492,2.062584592813872
Holiday West,dfw,dallas,North Richland Hills,318771.84886402736,320564.6934825487,0.5624225052840474
Ashton Oaks,tampa,tampa,Wesley Chapel,330418.99454512243,331260.83117709635,0.2547785223827234
Arcola Gardens,south_florida,miami,West Little River,420294.41651165177,424066.1644823299,0.8974061568513797
Parkwood,houston,houston,Lake Jackson,196574.8664554118,196369.756223775,-0.10434204297593397
South Pasadena Plaza,houston,houston,Deer Park,220566.2927486702,227363.17818826236,3.081561264366461
Cardinal Oaks,dfw,fort_worth,Mansfield,262860.6980828462,260120.02211128402,-1.0426343654837196
Robinson Ridge,dfw,dallas,Little Elm,319703.0927048021,312322.0844988942,-2.308707164344869
Valencia,san_antonio,san_antonio,San Antonio,239976.01904222523,228308.61055736465,-4.861906006869642
Northtown West,austin,austin,Pflugerville,312935.37511937163,293833.58531536435,-6.104068546651445
Forest Glenn,dfw,dallas,North Richland Hills,679152.5692761821,699753.9618004016,3.0333968324931373
Harmony Heights,tampa,tampa,Pinellas Park,296073.5054740499,290261.44919845345,-1.9630450439294196
Silvercreek,houston,houston,Manvel,486441.4473605586,496168.7670669899,1.9996897384488799
Winnetka Heights,dfw,dallas,Dallas,407684.59803066734,415722.142151435,1.9715103684547504
Newton Ranch,dfw,fort_worth,Keller,772490.9150971485,808069.3824392271,4.6056810050127535
Sky Harbor,dfw,dallas,Grapevine,402385.2832997687,480664.412874491,15.0
Bellaire,dfw,dallas,Grapevine,346383.281755823,376150.7102350029,8.593783258905653
Saddlebrook Estates,dfw,fort_worth,Keller,615105.6889668145,627337.3006212173,1.9885382095795754
Jamestown,jacksonville,jacksonville,Jacksonville,332048.38772013155,329305.6002201353,-0.8260204239594205
Hunterwood,houston,houston,Houston,210449.93395142775,208721.9585311414,-0.8210862259929125
Spring Lake,dfw,fort_worth,Mansfield,450333.2808493048,455460.2969850384,1.1384937231519492
Paschal,dfw,fort_worth,Fort Worth,294329.75684669986,297802.20103473123,1.1797801979770508
Liberia,south_florida,fort_lauderdale,Hollywood,419879.5993163581,410858.0542080799,-2.148602866861589
Spring Park,dfw,dallas,Garland,523385.68198116473,561220.8356302824,7.22892409014721
Boulevard Gardens,south_florida,fort_lauderdale,Fort Lauderdale,345366.97151247883,323806.2520617082,-6.242843476418419
Picadilly Ridge,austin,austin,Pflugerville,294571.0773250093,277545.02269643085,-5.779947842534811
Jupe Manor,san_antonio,san_antonio,San Antonio,173106.80681474594,174196.45154594062,0.6294638271277169
West Colonial,orlando,orlando,Orlando,244611.0199524228,234510.58107958562,-4.129183907904771
Imperial Oaks Park,houston,houston,Conroe,375053.3478802624,384463.14933352143,2.508923465539399
Union Park,dfw,dallas,Little Elm,494075.5875392314,492781.8867781388,-0.2618426802943121
Andover,south_florida,miami,Miami Gardens,486035.77640792215,458396.09306781954,-5.68675901687226
Woodbranch,houston,houston,New Caney,270402.03244796145,274056.75247451785,1.3515874838180992
Oak Heights,austin,austin,San Marcos,308558.3447933988,306946.70169988665,-0.522313889968287
Harper's Landing,houston,houston,Conroe,361290.8014110524,374248.1902305679,3.586415366488511
Ortega Forest,jacksonville,jacksonville,Jacksonville,589469.2403677271,638296.7869148337,8.283306948577438
Mesquite Park,dfw,dallas,Mesquite,190397.07873122316,190770.04036346092,0.1958862156515891
Highlands Meadows,dfw,dallas,Rowlett,280768.6555634073,279957.7681403793,-0.2888098108390446
Glen Laural,houston,houston,Sugar Land,403345.352862298,418768.4524658183,3.8237950416614175
Cinnamon Ridge,dfw,dallas,Euless,349823.0605945398,361259.47419480764,3.2691994578148025
Grant Park,tampa,tampa,Tampa,255529.8160732425,251028.48276338234,-1.7615687198592616
The Gardens,dfw,fort_worth,Burleson,257881.9867640068,252084.40280363208,-2.2481539068024246
Bedford Meadows,dfw,dallas,Bedford,387027.58543718467,412172.39723437384,6.496904288821094
Saga Bay,south_florida,miami,Cutler Bay,394796.2510223268,394576.53354569606,-0.055653384767914725
Antigua,dfw,fort_worth,Mansfield,435799.3190956043,446573.8576285794,2.472362406470728
McCormick Farm,dfw,dallas,Euless,355219.46230080957,368253.5806889444,3.6693142610235596
College Park,jacksonville,jacksonville,Jacksonville,222669.39034079644,218950.07610241714,-1.6703302742630568
Westpark,dfw,fort_worth,Keller,474236.3635173956,513842.2449181724,8.351506642599329
Denver Court-Fort Crockett,houston,houston,Galveston,310464.12904574606,313049.01079073804,0.8325862807200869
Oakcrest,dfw,dallas,Garland,305041.0053312697,297835.04885853926,-2.362291084408434
Briaroaks,dfw,dallas,Garland,245471.5201737769,232692.69237518252,-5.205829087442748
Spring Terrace,houston,houston,Spring,286993.23644715064,285771.84953631565,-0.4255803815989602
Preston Hollow,tampa,tampa,Spring Hill,422706.70706854126,420980.5107647245,-0.4083673797815668
Colony Bend,houston,houston,Sugar Land,364652.3801791713,368743.8370939735,1.12201568869285
Sunshine Harbor,dfw,dallas,Grapevine,294345.43546873046,307375.5407747422,4.42680732767673
College Heights,dfw,dallas,Grapevine,629827.7597139949,684637.2299274616,8.702295090701572
Ponce De Leon,tampa,tampa,Saint Petersburg,293630.57945650973,287231.54658520705,-2.1792801291837036
South Pasadena Villas,houston,houston,Pasadena,186544.85328990512,183867.39365495605,-1.4352900054487676
Oak Creek,houston,houston,League City,420681.7054857891,431348.8563817885,2.535682145645323
Duck Creek Crossing,dfw,dallas,Garland,313105.75632848864,309423.8529866074,-1.175929623605654
Lake Aire Palm View,south_florida,fort_lauderdale,Fort Lauderdale,347928.7319029819,338723.5252579664,-2.6457161484387774
Brookside,dfw,dallas,Allen,441431.7295513836,445953.53153068095,1.0243491069146213
Glenhollow Estates,dfw,dallas,Plano,754616.5441349117,780761.2207067928,3.464630715438814
Emerald Sound,dfw,dallas,Little Elm,751077.5059467828,781422.7366837929,4.04022627448521
Lake Crest,dfw,fort_worth,Fort Worth,309367.60508798325,326381.0519936371,5.499427420920588
Wilshire,houston,houston,Pasadena,238894.68269073425,241834.72944096476,1.2306873962685079
Kings Bend,houston,houston,Baytown,226548.52665043235,228805.41818510398,0.9962066706150069
Sunnybrook,dfw,dallas,Watauga,259468.07933511285,258913.4399145798,-0.2137601750297462
South Coral Homes,south_florida,miami,Cutler Bay,555612.9625063423,550783.2636567215,-0.86925597052926
Hunters Landing,dfw,dallas,Murphy,680390.9966470497,680724.701353589,0.049046020330041434
The Meadows,south_florida,miami,Weston,853218.5170050756,842701.874248717,-1.232584917785609
Clear Creek,houston,houston,League City,360581.17155049794,373952.737104608,3.70833715377105
Sail Boat Lake Pointe,south_florida,miami,Oakland Park,226709.69052032512,215678.27717878416,-4.865876406175044
Oakridge,south_florida,fort_lauderdale,Fort Lauderdale,756948.9622981198,772328.0042256532,2.031714513597089
Grand Oaks,tampa,tampa,Land O Lakes,363447.94473687775,369821.55390817643,1.7536511799269985
Forests at Inwood,san_antonio,san_antonio,San Antonio,493375.3361282777,492327.3652474999,-0.21240844526231756
Oakwood,san_antonio,san_antonio,San Antonio,551585.8454741397,561209.3766383406,1.7447023420132637
Emerald Estates,south_florida,miami,Weston,846225.3817642693,825382.9602286927,-2.462987046325986
Tropical Acres South,tampa,tampa,Riverview,342893.1826888483,357662.67371461494,4.3073154473207875
Vista Meadows,dfw,fort_worth,Fort Worth,340588.4138592628,347538.28541634517,2.040548437432816
Chisholm Park,dfw,dallas,Hurst,495328.89426454133,531165.3775221813,7.234886491095885
Bellaire,dfw,dallas,Lewisville,346473.7617367919,341194.54080562154,-1.523700064532112
Bonaire,houston,houston,Cypress,227963.98091009623,231016.19764337977,1.3389030675364728
Parkway Lakes,houston,houston,Richmond,393334.05685765325,404520.8621827882,2.844097817134464
South Hills South,dfw,fort_worth,Fort Worth,237139.29808610407,243741.50601135922,2.78410536698895
Stone Oak Communities of Mutual Amenities-Stone Oak,san_antonio,san_antonio,San Antonio,468802.19949791016,473459.749302932,0.9934999899766058
West Lakes Estates,south_florida,miami,Hialeah,906656.8644845774,916929.3748519719,1.1330097162209447
Dunbar,austin,austin,San Marcos,231543.01851884404,226603.41553940513,-2.1333413596475577
Gulf Village,houston,houston,Galveston,272086.4983303659,272982.7745140871,0.32940854809816705
West Fork Ranch,dfw,fort_worth,Fort Worth,362600.72784479737,359645.41594289563,-0.8150319828278678
Cedar Ridge,dfw,fort_worth,Burleson,267802.9110944862,260145.4898740397,-2.8593495078717837
Forman,dfw,dallas,Plano,298463.5062034543,287070.57038573525,-3.8171955970901115
Cedar Ridge,south_florida,miami,Boynton Beach,420849.88399504666,445107.9388051007,5.764063561043902
West Park,dfw,dallas,Plano,784477.85739573,823640.7008357345,4.992217826264127
Lakeland Heights,dfw,dallas,Haltom City,245322.8288539992,240901.50736960946,-1.802246250397283
Saddle Creek,dfw,dallas,Prosper,716283.9595958212,687844.8204716739,-3.9703721887329104
Tanner's Mill,dfw,dallas,Prosper,817621.2788009755,824232.6116118184,0.8086057667846265
Ariana Estates,dfw,dallas,Prosper,698968.779285121,699206.273438417,0.033977791331236996
Coronado Forest,dfw,dallas,Grand Prairie,501320.1356401902,510929.09337242536,1.9167308570130375
Southgate Manor,dfw,dallas,Garland,272925.02922912285,265021.4660596519,-2.8958733436044897
Pleasant Heights,south_florida,miami,Riviera Beach,268416.3814823073,279333.84382792294,4.0673606749800015
Dunbar Terrace,south_florida,miami,Riviera Beach,292963.46360298264,306499.10512301157,4.620249007696101
Dorchester Place,dfw,dallas,Grand Prairie,332276.17189984064,333580.64749891125,0.3925877656565204
Lake Ridge Estates,dfw,dallas,Azle,280207.70985314966,281809.962775199,0.5718090065719532
Turtle Cove,dfw,dallas,Rockwall,423062.4720969154,413111.349283362,-2.352163916650547
Northwood Harbor,south_florida,miami,West Palm Beach,370908.9040319342,367900.23333945917,-0.8111616248004682
Wynfield Farms,dfw,dallas,Little Elm,318808.31524014333,316023.0285715253,-0.8736555903568606
Lakeside Village,dfw,dallas,Rockwall,384818.2652702611,384811.2336396718,-0.001827260092329326
Whisper Hollow-North Central Thousand Oaks,san_antonio,san_antonio,San Antonio,403699.6629614397,391277.3230706389,-3.0771241669298526
Thirteenth St Heights,tampa,tampa,Saint Petersburg,238464.52407902156,265725.67155077955,11.431950969245335
Oakcrest,houston,houston,Cypress,431800.7740645452,438000.3755536821,1.4357550661106868
Cypress Point Estates,dfw,dallas,Corinth,378674.968545381,378553.1738007343,-0.03216339995076926
Forest Hills,tampa,tampa,Brooksville,409376.9504495296,466758.3808211581,14.01677117107325
Stewarts Forest,houston,houston,Conroe,364712.3814245209,369326.66883566516,1.2651852928933771
North Shearer Hills,san_antonio,san_antonio,San Antonio,256230.9787866266,261996.19963513076,2.2500092985653715
Sutton Forest,houston,houston,Sugar Land,733921.4295524465,769598.0954025302,4.861101531241529
The Settlement,austin,austin,Round Rock,300275.9910680734,295115.86260754964,-1.7184618864030043
Brentwood-Oak Hills,dfw,fort_worth,Fort Worth,256939.28437774672,253126.7594894402,-1.483823268808289
Southbank,jacksonville,jacksonville,Jacksonville,331144.36542077886,335411.6416531516,1.2886452792124032
Empire Point,jacksonville,jacksonville,Jacksonville,256335.32404428397,273290.0812084786,6.614288228674077
Southland Terrace,dfw,fort_worth,Fort Worth,196929.24774158327,192345.42343654446,-2.327650340214497
Dorado Ranch,dfw,dallas,Haslet,315752.6963065947,313935.10692388983,-0.5756370108523154
Gold Canyon,san_antonio,san_antonio,San Antonio,389285.9311995683,401888.25914226304,3.2372934474824624
Redland Estates,san_antonio,san_antonio,San Antonio,392784.7877272091,403514.21354015096,2.7316296730904703
Canyon View,san_antonio,san_antonio,San Antonio,360144.6542633441,372637.4290413056,3.468821383317424
Hillcrest,dfw,fort_worth,Mansfield,251957.9949980798,253572.29769739523,0.640703105820366
Hilltop Heights,dfw,dallas,Benbrook,251236.709119338,247712.9363780732,-1.40257080807048
Village Creek,dfw,dallas,Plano,274462.52456418733,260986.81298353706,-4.909854852515125
Southwind Cove,south_florida,miami,Sunrise,423065.0693288899,405646.3597032571,-4.117264905198667
Stone Hills Farms,dfw,dallas,Flower Mound,582649.9220893556,617950.2920948257,6.058590015576508
Settlers Park,houston,houston,Sugar Land,295034.53844222496,286501.56992449495,-2.8921930845059274
Jupiter Village,south_florida,miami,Jupiter,371264.1623124879,362704.2670042703,-2.3056077524156158
Woodland Estates,south_florida,miami,Jupiter,687207.6308692958,644546.5527910803,-6.207887712808219
Cinquez Park,south_florida,miami,Jupiter,637574.2082152246,612309.158578917,-3.9626837646134603
Brentwood Estates,tampa,tampa,Clearwater,291854.34727299394,284454.67372444563,-2.5353994613028057
Historic Southside,dfw,fort_worth,Fort Worth,182600.72063860655,192740.82932470873,5.553159182854995
Kings Highway,tampa,tampa,Clearwater,299843.40812423517,282902.78730261425,-5.64982266163472
Rainbow Miramar,south_florida,miami,Miramar,505093.6022486582,510046.70402367495,0.9806304718503115
Heritage Lakes,dfw,dallas,Frisco,628463.8922738531,644236.4346507095,2.50969746563953
Carrington Estates,dfw,dallas,Richardson,465111.7109292196,455131.8964105259,-2.1456811953316826
Provence at Firewheel,dfw,dallas,Garland,638383.231625351,644646.4094450583,0.981099989697567
The Fairways at Firewheel,dfw,dallas,Garland,657550.3497131846,651199.3239530266,-0.9658615135598849
Village Green,dfw,dallas,Garland,243493.64452221929,219173.01719502543,-9.98819799790485
College Park,south_florida,miami,Lake Worth Beach,710537.93375438,748022.5765925519,5.275530138145963
Monterey Lake,south_florida,miami,Delray Beach,461536.525265724,453846.6241640637,-1.666152228630856
Brookhollow Estates,dfw,dallas,Grapevine,365672.3404221367,415199.63000591315,13.54417168293383
Banyan Estates,dfw,dallas,Grapevine,376647.0389250422,391188.6786298723,3.8608134943346926
Timberbrook,dfw,dallas,Plano,483654.0632046196,479238.04524457967,-0.9130530054436184
Forest Hills,tampa,tampa,Holiday,218228.75888913605,228331.74897994864,4.629541102758632
Garden Manor Lake,tampa,tampa,Saint Petersburg,371116.804794024,361046.90596029995,-2.71340416376806
Hickory Ridge,dfw,dallas,Plano,680297.853340813,678232.925976316,-0.30353283555967664
Westfalls Village,dfw,dallas,Frisco,627871.743032496,630127.343958247,0.35924549094324987
Fishhawk Ranch,tampa,tampa,Riverview,488971.8111908769,490983.377397368,0.41138694715182716
Saddlebrook Ranch,houston,houston,Tomball,305184.85821572127,315013.21466478903,3.220460053794855
Plantation Palms,tampa,tampa,Land O Lakes,447428.1510203997,457932.25704872527,2.3476631956147633
Castle Hills Forest,san_antonio,san_antonio,San Antonio,330947.33136169653,345011.2321005223,4.249588803438688
Poinciana Park,south_florida,miami,West Palm Beach,406707.9399319277,419316.8185135613,3.1002292661765973
Silverwood,dfw,dallas,Plano,379550.0431354122,377786.71903594094,-0.4645827688240223
Timbercreek,dfw,dallas,Lewisville,373684.1552167027,369548.9737986569,-1.1065980080551725
Stop Six Sunrise Edition,dfw,fort_worth,Fort Worth,191531.52012339808,190540.19207219043,-0.5175795871974295
Virginia Groves,tampa,tampa,Clearwater,365296.02476520865,359822.924113494,-1.4982644980143036
Dover Manor,orlando,orlando,Orlando,414718.1038307859,435263.76725435065,4.954127450377192
Vista Villas,houston,houston,Pasadena,350514.5500869968,359262.19880468806,2.495659228845166
Greendale Estates,tampa,tampa,Pinellas Park,295505.1596989601,287292.1063138064,-2.7793265584670626
Boca Woods,south_florida,miami,Boca Raton,746559.7945773747,841497.9182791389,12.716747458320917
Whispering Oaks,san_antonio,san_antonio,San Antonio,374924.2465363455,377691.5286565686,0.7380909999254572
Brookhill,tampa,tampa,Clearwater,336702.73971255927,337925.70317537367,0.36321755619168195
Bluffview at Camino Real,san_antonio,san_antonio,San Antonio,617344.2126977918,634727.3074414787,2.8157864585338714
Prospect Gardens,south_florida,miami,Oakland Park,405083.5230690353,396110.3599052107,-2.215139015243387
Orchard Hills,dfw,dallas,Garland,244154.9429915409,235161.2371024749,-3.683605901592421
White Lake Hills,dfw,fort_worth,Fort Worth,314146.6941884866,323861.0880683277,3.0923113499365646
Colony Lakes,houston,houston,Missouri City,426290.3962860872,457768.8106471067,7.384265429215535
Bohl's Place,austin,austin,Pflugerville,364041.10663168895,358429.0960525546,-1.5415870562145535
Poinciana Park,south_florida,fort_lauderdale,Fort Lauderdale,556302.135215648,537139.2417677704,-3.4446916944600976
Oakwood Gardens,tampa,tampa,Saint Petersburg,301464.0326024301,289692.0412725896,-3.9049405755695474
Creekwood Estates,dfw,dallas,Grapevine,559236.3344398028,574551.8259694595,2.7386438588612982
Westview,south_florida,miami,Pembroke Pines,561210.9990872056,547683.9797274657,-2.4103268435118506
New West,dfw,dallas,Garland,231085.0669907047,222306.43431793008,-3.7988749282218874
Holiday North,dfw,dallas,North Richland Hills,328296.490707588,333209.62504973984,1.4965540239441586
Windsor Hills,houston,houston,Conroe,387440.5022910845,388845.965378012,0.3627558498960334
Lauderdale Isles,south_florida,fort_lauderdale,Fort Lauderdale,756301.1728435928,753867.7641979314,-0.321751272249405
Villages of Town Center,houston,houston,Rosenberg,267701.42019545945,268675.46966323757,0.3638566680247464
Pomona,houston,houston,Manvel,529941.2297368658,540328.7496437416,1.9601267695350966
Concord Station,tampa,tampa,Land O Lakes,401279.3152404057,409112.3389801122,1.9520128355018251
Riverbend,dfw,fort_worth,Fort Worth,353325.26179623214,348708.8558988462,-1.3065598179754023
Biltmore,jacksonville,jacksonville,Jacksonville,250907.48212315477,254440.77790921452,1.408206625072057
Miami Gardens Manor,south_florida,miami,Opa-locka,531934.4337868814,531949.4073985533,0.0028149355862046657
Lake Padgett Estates East,tampa,tampa,Land O Lakes,357564.65249201056,362961.6330837342,1.5093719566824988
Country Creek,south_florida,miami,Davie,490379.9321851732,477717.9787161172,-2.582070072205706
Richland Terrace,dfw,dallas,North Richland Hills,256770.98259763172,258410.35851453364,0.6384584037951327
Sequoia Park,dfw,dallas,Denton,275434.8125634563,265935.80515348946,-3.4487315969830084
Balmoral Lakes,south_florida,miami,Doral,764349.5174335343,782329.9640298833,2.3523854187443165
Tanglewood,san_antonio,san_antonio,San Antonio,274023.45372141455,269425.9830363616,-1.6777653965806105
Pecan Crossing,houston,houston,La Porte,287857.31628492096,286938.41607685323,-0.3192207236303851
Spenwick Place,houston,houston,La Porte,199654.4032472131,201086.65571368672,0.7173658297434039
Valley Creek,dfw,dallas,Garland,330884.03872944845,325382.5910850069,-1.6626512616221698
Magnolia Heights,tampa,tampa,Saint Petersburg,369445.0058708899,367414.2167597299,-0.5496864428774213
Whispering Pines Estates,south_florida,miami,Cutler Bay,655721.5447927153,644765.473024695,-1.670842121175658
North Greenbriar,dfw,fort_worth,Fort Worth,172080.24236520633,176377.24336339225,2.497091437764472
Dixie Belle,orlando,orlando,Orlando,223042.21276790745,213298.56834918383,-4.368520334248401
Spring Creek Forest,houston,houston,Spring,336898.56195295043,346082.3804154491,2.725989214457148
Hernando Oaks,tampa,tampa,Brooksville,366870.9677593648,379740.3684718697,3.507882019420535
Fairfax,jacksonville,jacksonville,Jacksonville,344086.2022930807,333278.1509734643,-3.141088264390927
Amber Glen,dfw,dallas,Watauga,302529.77849794156,307793.2000125326,1.739802785935283
New River Lakes,tampa,tampa,Wesley Chapel,350161.50263477536,350153.70792549,-0.0022260326240094866
Pine Hollow,houston,houston,Pearland,429647.65859541745,439601.83620698,2.316823427853474
Caddo Village,houston,houston,Willis,207415.82861290057,211715.07276074617,2.072765698065053
Pasadena Bear Creek Estates,tampa,tampa,Saint Petersburg,345638.43081832636,334800.58264440205,-3.13560275929527
Woodthorn,san_antonio,san_antonio,San Antonio,302004.013860195,302524.93004515645,0.17248651046160973
Sunset Ridge,houston,houston,Humble,266749.7422015681,268334.0875751819,0.5939444816470021
Venetia,jacksonville,jacksonville,Jacksonville,332888.41947562475,351677.63074116514,5.644297057595963
Hill'n Dale,dfw,dallas,Carrollton,290581.0706764392,285691.32618390745,-1.6827470836792615
Inspiration Hills,san_antonio,san_antonio,San Antonio,264955.8112408347,263961.2689894291,-0.3753615543467345
Cambridge Estates,austin,austin,Pflugerville,422200.2028222497,414321.81538599083,-1.8660311822672704
Southgate,dfw,fort_worth,Fort Worth,247857.69290287237,245524.7523078404,-0.9412419552965756
Skyline Estates,dfw,dallas,Forney,340278.7876250351,343864.5904144399,1.053783814863045
Eldorado Park,dfw,dallas,Plano,416700.40145914286,410250.95649405813,-1.5477414810499257
Cottonwood Point,dfw,dallas,Little Elm,364197.5995651761,359514.05659578927,-1.2859895218910393
Vinewood,dfw,fort_worth,Burleson,309388.62978446326,305037.06913086877,-1.4065030950316526
Blue Rock Springs,san_antonio,san_antonio,San Antonio,242184.3090982934,231933.98977286078,-4.232445678911594
Carrolton Highlands,dfw,dallas,Carrollton,288440.41351759736,300639.3073939297,4.2292595990846085
Three Lakes,houston,houston,Tomball,238855.36972887276,240808.35359715275,0.8176428566361483
Lakeside Estates,tampa,tampa,Largo,601534.7299228715,632430.5085878507,5.136158749959577
Lake Park Estates,tampa,tampa,Largo,555004.0337037906,616997.4767025369,11.169908547337263
Pitman Creek,dfw,dallas,Plano,493581.89396755537,506666.12328847527,2.650873032587367
Timber Ridge,dfw,fort_worth,Burleson,292601.4083136269,297041.32866203156,1.5173954130957954
The Highlands,dfw,dallas,Lewisville,381860.3490468531,388481.99481779634,1.734049054182057
Settlers Ridge,austin,austin,Pflugerville,374092.7473742784,364539.8797988775,-2.5536094036710235
Misty Oaks,san_antonio,san_antonio,San Antonio,235483.48862247184,233658.47185342215,-0.7750083794518452
Royal Oak Hills,south_florida,miami,Boca Raton,820668.3060639844,791845.7522154321,-3.512083217492391
Watersbend,dfw,fort_worth,Fort Worth,329170.98958377517,327676.37985935254,-0.45405268742318566
Stone Hollow,dfw,dallas,McKinney,684433.6306953775,675010.4104469221,-1.3767909444896098
Village North,san_antonio,san_antonio,San Antonio,220419.96658320795,215287.33223110734,-2.3285705154859686
Oak Creek Estates,dfw,dallas,Grapevine,447912.9612157434,450067.67031442036,0.4810553132529539
South Point Estates,houston,houston,Texas City,221607.89226822063,220781.62557212933,-0.3728507534791415
Rivershire,houston,houston,Conroe,289204.46140066726,292611.9952885271,1.1782438871643144
Lakeview Estates,dfw,dallas,Flower Mound,685769.5868902325,688571.431862532,0.40856944166991827
Pristine Place,tampa,tampa,Spring Hill,428540.28357485245,434279.5469600925,1.3392587827131492
LaVina,orlando,orlando,Orlando,438743.6524355739,445570.1858590012,1.5559275639730612
Northgate Crossing,houston,houston,Spring,303683.5338928408,302791.21057088015,-0.293833291032336
Gold Key Club,south_florida,miami,Sunrise,316889.0273902653,313030.18471237255,-1.217726820544153
Chandlers Landing,dfw,dallas,Rockwall,443602.1789495728,473293.9163118708,6.693325409854054
Coventry Point,dfw,dallas,McKinney,374112.8320409032,362477.73431081866,-3.1100504269290727
Morningside Meadows,tampa,tampa,Clearwater,442156.15672081383,447333.7942286235,1.1709974924264006
Roosevelt Groves,tampa,tampa,Largo,292388.1780726426,294996.2246693735,0.8919808639058338
Eldorado Ridge,dfw,dallas,McKinney,343951.51472831785,329612.4582790822,-4.168917953613857
Golden Eagle Estates,south_florida,miami,Hialeah Gardens,535553.8291066979,533901.9160697019,-0.30844948672132894
Northhampton-Alamo Farmsteads-Babcock Road,san_antonio,san_antonio,San Antonio,180123.85555298135,192110.3816916174,6.654602246791433
Forest Hill,dfw,dallas,Corinth,473552.9115428916,504707.489682013,6.578901191340182
Shady Lakes,south_florida,miami,Palm Beach Gardens,910460.7413739404,907864.0239811685,-0.28520915562523325
Villagewalk,south_florida,miami,Wellington,585017.327620004,597336.5869662034,2.1057939251675277
Bristol Square,dfw,dallas,Watauga,254521.86711209465,254090.6362299895,-0.169427832271573
Skylake,south_florida,miami,Boynton Beach,533970.9503859724,519013.8812464648,-2.8011016570650744
Old Boynton Estates,south_florida,miami,Boynton Beach,384558.15065343445,391453.13983391045,1.7929639948497131
Azalea Homes,tampa,tampa,Saint Petersburg,371706.2238730434,369224.7438238256,-0.6675917404238332
Joggers Run,south_florida,miami,Greenacres,337035.9943490033,334296.79196376563,-0.8127328923809867
Meadows of Blackhawk,austin,austin,Pflugerville,429383.9050228943,417012.0449740817,-2.8813050289234723
Woods of Shavano,san_antonio,san_antonio,San Antonio,355384.17570166546,358466.1690642001,0.8672286424823425
Ridgecrest,dfw,dallas,Grapevine,439816.9859074223,498121.6920074135,13.256583526372445
Highlands North,dfw,dallas,Plano,495081.3326027267,491808.56966096885,-0.6610556137417636
Dellwood Acres,dfw,dallas,Grapevine,411526.02880511206,424804.825659156,3.226721015095852
Roman Forest,houston,houston,New Caney,338790.3283544633,358559.1485216023,5.8351193976398585
College Creek,dfw,dallas,Grapevine,469346.198664144,527051.8247545525,12.294895804983739
Pasco Sunset Lakes,tampa,tampa,Land O Lakes,853976.6162104715,859200.7850328579,0.6117461208210492
Devonwood Residential,tampa,tampa,Land O Lakes,390604.31145153305,395126.8180158393,1.1578230018762685
Memorial Springs,houston,houston,Tomball,312520.301839771,318090.90323793684,1.782476647236155
Virginia Hills,dfw,dallas,McKinney,377214.3490105015,368063.50701625715,-2.4258997618326594
The Vintage,dfw,dallas,Denton,308785.38367973437,304548.01283882075,-1.3722705363892893
Hickory Creek,dfw,dallas,Denton,352931.6168853967,343437.2332244401,-2.690148234591188
Caruth Lake,dfw,dallas,Rockwall,422557.6891788116,417946.9757983023,-1.0911441203376742
Celebration Village,orlando,orlando,Kissimmee,442313.3462062546,451135.3851575601,1.994522441380664
Hulen Heights,dfw,fort_worth,Fort Worth,335507.2265400353,335373.86804274295,-0.039748323357325324
Meadow Lake,austin,austin,Round Rock,306662.84788404516,287060.5641532943,-6.392128640950608
Live Oaks Square,tampa,tampa,Tampa,250336.16379597608,245671.4183588917,-1.8633925543758607
Firethorne,houston,houston,Katy,711853.8785167903,745442.8201408173,4.71851634692396
Creek Bend,dfw,dallas,Garland,441977.70558421704,471043.17748271534,6.576230323671835
South Orange,orlando,orlando,Orlando,248475.80303064603,214472.1999379808,-10.0
Braun Oaks,san_antonio,san_antonio,San Antonio,348501.9467450613,369704.99347238935,6.084054027634641
Black Diamond,south_florida,miami,Wellington,715038.272230424,760824.5213793651,6.403328454869942
Armstrong Park,dfw,dallas,Plano,289015.3524421374,277464.9679548104,-3.996460530462447
Summercrest,dfw,fort_worth,Burleson,236192.75576430457,228874.5271731262,-3.0984136526529156
Sunset Falls,south_florida,miami,Miramar,914882.8939830596,916888.1536768279,0.219182116854124
Valley Brook Estates,dfw,fort_worth,Fort Worth,320640.4616692921,316697.1142716338,-1.2298346182290287
Yorkshire Meadows,dfw,dallas,Grapevine,564587.2147373244,578459.5406450003,2.457074043756027
Wimbledon Falls,houston,houston,Tomball,389411.2546894385,409019.61306856474,5.03538563485131
Countryside Estates,dfw,dallas,Grapevine,523670.539709957,574662.2375337307,9.737362321740726
Villas of Babcock (Summerwind),san_antonio,san_antonio,San Antonio,220839.08836975324,221501.93898738615,0.30015094815239063
Harbordale,tampa,tampa,Saint Petersburg,226995.54649561524,190811.66741542827,-10.0
Greenfield Acres,dfw,fort_worth,Fort Worth,348625.2016379893,365895.5438520544,4.953842158547825
Auburn Hills,dfw,dallas,McKinney,648350.4718764708,644062.7250662083,-0.6613316402551327
First Colony,houston,houston,Missouri City,376607.3013818704,380803.91154904605,1.1143199167348032
Olmos Park Terrace,san_antonio,san_antonio,San Antonio,278524.7364342441,279484.4847073691,0.34458277760604517
Village Creek,houston,houston,Tomball,452083.7545682595,463478.86231849575,2.520574480965053
Marbella Park,south_florida,miami,Hialeah,604645.3660105531,585987.4317008794,-3.0857648728507883
West Riverfront,tampa,tampa,Tampa,417890.51206119405,476165.28825572075,13.94498666818097
Clearwater,dfw,dallas,Highland Village,406290.9280446395,422768.19090137846,4.055533047720072
Lake Vista,dfw,dallas,Highland Village,396616.1053976815,423338.59600935725,6.7376211525453575
Shadow Lakes,dfw,dallas,Allen,429061.22303085896,418259.7098808938,-2.5174759615105744
Vince Heights,houston,houston,Pasadena,196551.72902860845,196629.11831168673,0.03937349391977211
Mercy Drive,orlando,orlando,Orlando,232921.51353055297,225069.5438273496,-3.3710796328710075
Grove West,houston,houston,Stafford,386492.9498162582,406310.3365092249,5.127489829345665
Orchard Valley,dfw,dallas,Lewisville,407096.29578963737,411789.59693538095,1.152872476188973
Beauclerc,jacksonville,jacksonville,Jacksonville,559853.8527997978,585020.8853126994,4.495286115660839
Summer Creek Meadows,dfw,fort_worth,Fort Worth,350137.55322373455,344227.1830121979,-1.6880137983257044
North Shore,south_florida,miami,West Palm Beach,436307.949196067,451950.60065620695,3.585231827419788
Oak Hills,dfw,dallas,Carrollton,444222.7002054237,447159.6607623481,0.6611459872641022
Forest Hills East,tampa,tampa,Holiday,268332.03048229375,273552.72724665544,1.9456107252563686
Ridgewood Groves,tampa,tampa,Seminole,341597.6816666071,346459.89707097615,1.4233748252174863
Oak Valley,dfw,dallas,Bedford,359036.1250308505,376081.4379492359,4.747520299502102
Bent Tree Estates,tampa,tampa,Seminole,267950.7622603202,268355.92121708044,0.15120649530626395
Clearview,dfw,dallas,Plano,340009.75556385383,332421.470819641,-2.2317844179584814
Florida Memorial University,south_florida,miami,Miami Gardens,555114.783645497,541227.8623984952,-2.501630591749869
Silver Lakes,south_florida,miami,Davie,461647.7458239919,453542.08920837805,-1.7558098547943979
Westcliff West,dfw,fort_worth,Fort Worth,758095.1228114245,938093.440862617,15.0
The Commons at Rowe Lane,austin,austin,Pflugerville,426871.2133248611,414996.47032614285,-2.7818092736277373
Creekmont,houston,houston,La Porte,238693.54352528503,236311.95563399675,-0.9977596612436199
Jester Farms,austin,austin,Round Rock,322111.00417734124,316890.17755111883,-1.6208159791237777
Rainberry Lake,south_florida,miami,Delray Beach,494422.5797874097,512872.8011091408,3.73167045276619
Tribute,dfw,dallas,The Colony,767265.0168051072,795129.1250229063,3.6316145800345883
Sundown Ranch,dfw,dallas,Denton,376243.0347348096,376733.30708554335,0.1303073560097433
Behrens Ranch,austin,austin,Round Rock,722497.7354863748,724847.1784482249,0.32518343607935
Fox Hollow,dfw,dallas,North Richland Hills,303749.3023070406,300397.4847399329,-1.1034815690603947
Arcadia Gardens,tampa,tampa,Saint Petersburg,322346.9602829675,316428.0212263626,-1.836201294223161
Fairfax,houston,houston,Spring,189037.97080549467,191597.870721864,1.3541723419170955
Degan,dfw,dallas,Lewisville,286296.13027559314,296756.1631574336,3.6535711718392734
Oakstead,tampa,tampa,Land O Lakes,387182.15850697615,390517.5114455362,0.8614428287247576
Northpointe,houston,houston,Cypress,423533.1979477145,440593.02380620496,4.027978430299231
Cumberland Crossing,dfw,dallas,Allen,826004.3619158996,833704.2930507208,0.932190129960263
Palisades Point,dfw,dallas,Carrollton,389511.1241117559,391111.7964762197,0.4109439411041166
Prairie Creek,dfw,dallas,Flower Mound,360579.4035270499,364927.6119047971,1.2058948279393393
Alamo Heights,dfw,fort_worth,Fort Worth,226043.77722812624,246174.20577343964,8.90554422340833
Lake Sunset,orlando,orlando,Orlando,216113.50358932815,213132.64351070556,-1.3793030186059063
Lake Steven Estates,south_florida,miami,Opa-locka,536050.204342822,536585.5038359329,0.09985995505164096
Morrisdale,dfw,dallas,Euless,454124.2140631008,495619.9765370538,9.137535764209911
Glade Crossing,dfw,dallas,Grapevine,528830.6333126599,568285.5284633476,7.460780950516682
Downtown,tampa,tampa,New Port Richey,229026.2788998919,249123.4754298579,8.775061371341819
New Providence,south_florida,miami,Sunrise,662275.6491062446,625512.5879187074,-5.551021124987716
New River,south_florida,miami,Sunrise,626542.7775239596,587851.2263124019,-6.1754045532953405
Glynnhill Highland Estates,dfw,dallas,Garland,202671.3103048189,195678.28628234888,-3.450426215704864
Huntington Pointe,south_florida,miami,Delray Beach,271486.2353358044,265784.5753257274,-2.1001654109736183
Brookstone,dfw,dallas,McKinney,484874.6850068921,481129.6465803351,-0.7723724381494037
Indian Creek,south_florida,miami,Jupiter,359001.5687626806,353795.0453126255,-1.4502787461346427
Sherwood Estates,dfw,dallas,Flower Mound,532871.3717283566,544102.4368648321,2.107650313442018
Los Rios,dfw,dallas,Plano,423224.9293728764,419218.53990393394,-0.9466336198293046
Avalon Terrace,houston,houston,Pearland,364934.0901991066,378850.8731960632,3.8135058824906345
Ravensway,houston,houston,Cypress,283742.183326075,285071.41574789095,0.46846485997761295
Valley Hi North,san_antonio,san_antonio,San Antonio,198429.605326916,193215.35833401894,-2.6277565710552673
Wylie Lakes,dfw,dallas,Wylie,385408.4031504693,376819.04983256554,-2.2286367519989825
Glennwood,tampa,tampa,Clearwater,495244.0088303915,514524.5154018879,3.8931327240143263
Shadow Bay,houston,houston,Willis,179427.1967841657,196997.54261463828,9.792465214517113
Saddlebrook Farms,san_antonio,san_antonio,San Antonio,262129.10394689871,265091.1226461481,1.1299846734490824
Pacido Bayou,tampa,tampa,Saint Petersburg,497271.5176202515,486920.63771437434,-2.08153484346187
Oak Haven Heights,san_antonio,san_antonio,San Antonio,371809.4116772248,376085.740767133,1.1501400867228684
Gleneagles,houston,houston,Conroe,226051.74126332425,228395.88819768213,1.0369957432122667
Oak Park Estates,dfw,dallas,Hurst,321659.6114937379,321283.85861223633,-0.11681692947293872
Palma Ceia West,tampa,tampa,Tampa,795602.0099291112,842245.3600606625,5.862648604382891
Highland Hills,dfw,dallas,Decatur,496260.2278575252,518001.2850417888,4.380979164525227
Woodland Park,houston,houston,Lake Jackson,207571.2636089777,219080.7837354684,5.544852368472506
St. Nicholas,jacksonville,jacksonville,Jacksonville,220867.33995665525,218172.12014749815,-1.2202889796590277
Paradise Island,tampa,tampa,Treasure Island,426675.35610357346,414750.82092048007,-2.7947560159061
Stonegate,tampa,tampa,Land O Lakes,592524.5513613453,610027.5017651529,2.953962053318119
Belmar Gardens,tampa,tampa,Tampa,882161.7471008986,899336.4908543042,1.9468928243429187
Stablewood-Valley Hi North,san_antonio,san_antonio,San Antonio,219536.60303597504,213002.0373502034,-2.9765267365008974
Boynton Heights,south_florida,miami,Boynton Beach,414189.2241413761,420297.12293107295,1.4746638574092983
Central Business District,south_florida,miami,Oakland Park,406372.5517506317,395075.9641246258,-2.779859903760926
Melrose Mercy - Pine Acres,tampa,tampa,Saint Petersburg,189619.43273496185,206236.69664114655,8.763481498972348
Oakford Park,tampa,tampa,Tampa,501755.0472833115,533752.8232012514,6.377170711323747
Greengate,dfw,dallas,Allen,333770.0103833738,327033.46631669113,-2.018319159035584
Indian Ridge,austin,austin,Round Rock,331528.9031381395,325994.0752064849,-1.6694857912127257
Eckerd College,tampa,tampa,Saint Petersburg,973961.2273267456,933440.796087516,-4.160374160935237
Greater Boynton Place,south_florida,miami,Boynton Beach,313944.3305386076,302371.9524838563,-3.6861242357514694
Turtle Creek Estates,dfw,dallas,Greenville,247181.1384218256,233693.74482417773,-5.4564817055867065
Oak Hickory Historic District,dfw,dallas,Denton,256494.63553835737,252655.74441156394,-1.4966750157312143
Mayfair-Hurst,dfw,dallas,Hurst,383505.00918545114,410938.8399368955,7.1534478284163
Eastern Hills,dfw,fort_worth,Fort Worth,305980.27944381995,331354.76110458287,8.29284871132417
Clam Bayou,tampa,tampa,Saint Petersburg,205812.283455697,182242.94230723352,-10.0
Saginaw North,dfw,dallas,Saginaw,248080.10391236783,245632.15840131126,-0.9867560809799126
Patio Homes,south_florida,miami,Weston,669352.0396418924,631755.2759674827,-5.616889386715579
Stonegate,dfw,dallas,Bedford,298907.4498318562,302818.1462262602,1.3083301860170844
Liberty Park,south_florida,fort_lauderdale,Pompano Beach,355302.8369750657,336218.4681650924,-5.3712964896231865
Santa Barbara Estates,south_florida,fort_lauderdale,Pompano Beach,676130.2574523115,630666.0998055335,-6.724171436741918
Timber Forest,houston,houston,Atascocita,259783.9430751319,261519.65384606807,0.6681362790902764
North River,tampa,tampa,New Port Richey,262174.1670132289,253488.32869851898,-3.313003113030439
Arbor at Sonoma Ranch,san_antonio,san_antonio,San Antonio,329358.98959183594,334357.53042692743,1.5176573262160011
Parkview South,houston,houston,Pasadena,263084.5371028245,259559.17612211863,-1.340010712726911
Bayou Highlands,tampa,tampa,Saint Petersburg,327913.0777723985,329842.80338345555,0.5884869320144893
Town North Village,dfw,dallas,Garland,225830.4159133994,222450.23303547432,-1.4967792820349315
South Hemphill Heights,dfw,fort_worth,Fort Worth,205060.53504915457,199366.86332738984,-2.7765809351857524
Candlelight Hills,houston,houston,Spring,308360.98649076425,307018.78976663423,-0.43526800825376644
Imeson Park,jacksonville,jacksonville,Jacksonville,350167.6998459644,342036.2045983906,-2.322171705485897
Tropic Hills,tampa,tampa,Clearwater,334376.33282754035,330655.7685530005,-1.112687684286184
Crescent Heights,tampa,tampa,Saint Petersburg,653403.3531215565,629688.4330343064,-3.6294457281179944
Lake Conroe Hills,houston,houston,Willis,254270.3296625664,261978.2327969547,3.0313812644271927
Ridge at Steeds Crossing,austin,austin,Pflugerville,292605.9148812464,280591.9596628212,-4.105848380850755
Westpoint,dfw,fort_worth,Fort Worth,250516.69147231328,249030.4739588222,-0.5932608740584991
Canyon Falls,dfw,dallas,Argyle,734554.6908163298,764231.0059959501,4.040041613054057
Enchanted Valley,houston,houston,Cypress,317889.060293727,329740.25685895927,3.7280919809828896
Overlook of Carriage Hills,san_antonio,san_antonio,San Antonio,308157.1696127868,316204.36451320216,2.6113930467777307
Berry Heights,dfw,dallas,Lewisville,270088.58844136546,259164.69338168774,-4.0445600174067415
Burton Hill Trinity Trails,dfw,fort_worth,Fort Worth,280567.52473423077,283567.26882933726,1.069170103684672
Lower Southeast Side,san_antonio,san_antonio,San Antonio,202779.48163254492,197999.30435539447,-2.3573278907047257
Country Meadow,dfw,dallas,Allen,388210.35939059575,378672.92406783625,-2.4567699166326107
The Colony,south_florida,miami,Delray Beach,766338.5282370743,781993.3303997515,2.04280505101191
Bexley Park,south_florida,miami,Delray Beach,448293.4263120038,450529.2289002732,0.49873642062137424
Morningstar Meadows,dfw,dallas,Richardson,515220.9780148549,528064.1154605097,2.4927435010778005
Delaney Park,orlando,orlando,Orlando,725819.2489270438,752302.7983566496,3.6487802533145333
Lake View Heights,south_florida,miami,Lake Worth Beach,333529.08023621724,315419.8505014399,-5.4295804497622076
Northchase,san_antonio,san_antonio,San Antonio,290314.6941157614,289477.20150361094,-0.28847751392717796
Sandalwood,south_florida,miami,Boynton Beach,297034.7046581132,285569.89523455984,-3.8597541781352924
Braun Station East,san_antonio,san_antonio,San Antonio,324816.4609049579,325845.94967040495,0.31694476399959365
Olympia Estates,houston,houston,Missouri City,318197.1117897778,320800.7276981018,0.8182399562583345
Avalon,dfw,dallas,McKinney,446341.8710443707,440657.58553091803,-1.273527285296429
Aspen Ridge,south_florida,miami,Delray Beach,552720.3193530908,542420.5608940088,-1.8634665848972092
Delray Villas,south_florida,miami,Delray Beach,248754.29743165444,234056.09498163336,-5.90872302580398
South Corals,south_florida,miami,Oakland Park,577554.6405611063,552417.4806458934,-4.352343163720686
North Lake,south_florida,miami,Weston,791885.9031093401,799905.6953932259,1.0127459337760716
Arch Creek East,south_florida,miami,North Miami,219230.5151494801,197835.59182858758,-9.75909914105918
Callaway Heights,houston,houston,Alvin,274021.18520731176,278117.78439473826,1.4949936021651773
Riviera Beach Heights,south_florida,miami,Riviera Beach,242980.07414117924,240528.7731309223,-1.008848572839215
South Village,orlando,orlando,Kissimmee,504307.4767195929,556608.4682386885,10.370853880513907
The Meadows,houston,houston,League City,436573.90267997707,451349.90224739077,3.3845356941193514
Pasadena On The Gulf,tampa,tampa,Saint Petersburg,415573.28644643066,408990.2295146276,-1.5840904953479604
Clifton,jacksonville,jacksonville,Jacksonville,336209.4187244146,356200.13604199374,5.945912340416973
Wilderness Lake Preserve,tampa,tampa,Land O Lakes,422447.4162625863,421674.9370766346,-0.18285806853450814
Carillon,tampa,tampa,Saint Petersburg,477433.5868743308,469678.559578175,-1.624315404143754
Carver Shores,orlando,orlando,Orlando,220905.62110319533,210380.0803309699,-4.764722925410958
North College Park,dfw,dallas,Richardson,428102.5457780917,449584.9608253859,5.018053561968222
East Central Park,orlando,orlando,Orlando,337774.1850349968,336909.6511043726,-0.2559502676424548
Broadmoor Manor,south_florida,miami,West Little River,452246.5219099063,465001.09996289946,2.820271120964873
Palm Springs Lakes,south_florida,miami,Hialeah,689347.1411059531,646660.4466576414,-6.192336473583883
Downtown Jewel,south_florida,miami,Lake Worth Beach,334218.2903557405,326115.2430909774,-2.4244775042497664
Newport,houston,houston,League City,251271.80329405615,252096.53438224213,0.32822269644828195
Hunters Creek,houston,houston,Baytown,295128.8838152753,301707.5163109541,2.229071045379784
Crownhill Park,san_antonio,san_antonio,San Antonio,279426.23090866074,279514.5883120656,0.03162101250033268
Stoney Hollow,dfw,dallas,Plano,596491.7765213767,610191.9980366401,2.2967997304439707
Plano Park,dfw,dallas,Plano,274758.7188523639,258252.6132831052,-6.007491095533863
Bentwater,houston,houston,Montgomery,575278.9206429744,583118.3448582798,1.3627170984369532
Glendover Park,dfw,dallas,Allen,486395.7263124756,482322.24445993477,-0.8374830682463548
Boyette Springs,tampa,tampa,Riverview,407010.4747986826,419052.53593749413,2.9586612346445924
Oakmont Downs,san_antonio,san_antonio,San Antonio,343051.7688428321,344651.70739218226,0.4663839964291623
Hills of Argyle- Happy Acres,dfw,dallas,Denton,958313.60331313,947174.395639716,-1.1623760358720778
Rainbow Heights,tampa,tampa,Tampa,251819.49396230315,278104.93898954423,10.438208978045182
Willow Creek,dfw,dallas,Saginaw,340379.6854882087,346141.0636911485,1.6926328005374864
Lake Cherokee,orlando,orlando,Orlando,562199.0706782186,568136.5193220668,1.0561114298331085
Richmond Hill,tampa,tampa,Largo,373916.4917937445,392620.946765451,5.00230810413787
Homesteads of Saddlewood,tampa,tampa,Wesley Chapel,740640.4634088544,772643.0321203871,4.320931719587444
College Hills,dfw,dallas,North Richland Hills,342520.40562924027,343327.2355100635,0.23555673401150765
Buttonwood,south_florida,miami,Greenacres,305745.34050764824,315348.61254987,3.140938150120889
Falcon Ridge,houston,houston,Friendswood,516486.9127249419,525660.9232468476,1.7762329104341397
Quail Hollow,dfw,dallas,Watauga,306672.31629477,308224.309729584,0.5060754924230849
Lakes of Prosper,dfw,dallas,Prosper,678178.1736818483,619534.2064261094,-8.647280247513594
Park Meadows,houston,houston,Deer Park,267858.27461056254,271832.53114454827,1.4837161703381654
Timber Creek,dfw,dallas,Benbrook,276922.7842349511,277435.6158796867,0.1851894007755403
North Park,tampa,tampa,New Port Richey,224147.49827163937,228210.2985562658,1.812556604893627
Bay Ridge,houston,houston,League City,240876.0569015568,241399.50404249787,0.2173097433071162
New Haven,south_florida,miami,Jupiter,914437.9017360406,902268.1642375118,-1.3308435133129113
Hannover,houston,houston,Spring,299704.45313122077,297484.6420338261,-0.7406667048830157
Pine Gardens South,south_florida,miami,Jupiter,370212.33326455735,361345.56467388355,-2.395049487543011
Lincolnshire,dfw,fort_worth,Fort Worth,224827.9134126586,227862.2435107922,1.3496233862048326
Princeton Place,houston,houston,Tomball,299881.0336741225,300301.3712988399,0.14016812586227842
Fairview West,dfw,dallas,Corinth,358778.8118745912,354150.6254234718,-1.2899832147103438
The Vineyards at Heritage,dfw,fort_worth,Fort Worth,340309.37861148006,344845.03359816765,1.3328034052995623
Brookdale Heights,dfw,dallas,Watauga,262806.6671132881,260839.63948971804,-0.7484694529161632
Eagle Crest,tampa,tampa,Saint Petersburg,437523.74908155453,447591.02020859794,2.300965638591396
Plantation Bend,houston,houston,Sugar Land,441514.76498251344,453125.14968211506,2.6296707653845868
Arboretum,san_antonio,san_antonio,San Antonio,363196.84503765934,376562.4964319805,3.680002064152102
River Walk,south_florida,miami,West Palm Beach,482356.2482765142,500087.08949401387,3.6758809035547855
Meadow Lake,dfw,dallas,Lewisville,372437.5576583133,371859.436742174,-0.1552262665919751
Dos Lagos,south_florida,miami,Boynton Beach,243656.6388057552,248915.26415679924,2.1582113981455033
Coward Creek,houston,houston,Friendswood,750021.576649772,775328.0258041127,3.3740961516574735
Briarwood,dfw,dallas,Weatherford,289723.1249900313,290046.9878213437,0.11178356278034407
Town Creek,dfw,dallas,Weatherford,340806.2494971878,347354.35124914884,1.921356125840374
Jungle Prada,tampa,tampa,Saint Petersburg,675297.6309446328,677411.0078624482,0.3129548840352281
Kriewald Place,san_antonio,san_antonio,San Antonio,210469.1086165333,208937.00185496523,-0.7279485201600395
Armory Gardens,tampa,tampa,Tampa,498874.86708009493,509138.48773454316,2.057353723694481
Playland,south_florida,fort_lauderdale,Hollywood,402059.7219917791,400264.31273797393,-0.4465528765007424
Guilbeau Park,san_antonio,san_antonio,San Antonio,242100.5853131088,243343.08409042069,0.513215932834261
Valencia Gardens,tampa,tampa,Land O Lakes,489642.25530221825,498720.6327997806,1.8540837518116047
Greenfield Village,dfw,dallas,Watauga,255934.0645163496,255107.75218066215,-0.3228614124692534
Southfork,houston,houston,Manvel,383994.7117116192,386673.4248578987,0.6975911554456948
Ridgecrest,tampa,tampa,Saint Petersburg,300510.45865314786,300303.3408952353,-0.06892197990074214
Rolling Ridge Club,san_antonio,san_antonio,San Antonio,230163.2484032272,231219.5551328189,0.45893805241275987
Seventeen Lakes,dfw,fort_worth,Fort Worth,531725.4024281384,558142.7927436441,4.968239281943264
Carriage Hills,dfw,dallas,Plano,603638.7421919027,611645.612733227,1.3264341702539022
Liberty Crossing,dfw,fort_worth,Fort Worth,351684.6736604559,344586.16393659415,-2.018430217608863
Garden Manor,tampa,tampa,Saint Petersburg,381917.024835836,375571.6966640773,-1.6614415590627902
Park Vista,dfw,dallas,Watauga,313314.1483168641,316288.4911075802,0.9493164629476138
Greater Woodlawn,tampa,tampa,Saint Petersburg,582924.673067326,590446.5742252058,1.2903727540472623
Lakeview Estates,dfw,dallas,Grapevine,741939.0050085717,773759.0655407435,4.28877041338516
Eastern Heights,tampa,tampa,Tampa,234833.7795635535,226427.46167609486,-3.579688536752275
Property Owners of Apple Creek,san_antonio,san_antonio,San Antonio,259173.4648847589,257760.91445608478,-0.5450212386913176
Coventry,dfw,dallas,Crowley,285997.3275684276,289007.6025529379,1.0525535361130558
Southeast Citizens Committee-Highland Park,san_antonio,san_antonio,San Antonio,184464.98409978845,193053.15753881464,4.655720152492642
Spring Creek Oaks,houston,houston,Spring,429952.76324285474,453727.0927518999,5.529521273390786
West Port,tampa,tampa,Port Richey,226149.94375344831,216654.78838455142,-4.198610537462103
Riverside Drive Park,south_florida,miami,Tequesta,583606.9380208821,581668.6942937912,-0.33211457932008553
Homestead,dfw,dallas,Carrollton,579641.2173120725,579891.4368149445,0.04316799692614976
Inwood Homeowners,san_antonio,san_antonio,San Antonio,761964.5399586586,835534.2996015825,9.655273412974763
Delray Lakes,south_florida,miami,Delray Beach,917799.5550511844,923549.7182688097,0.6265162350514182
Jacobs Reserve,houston,houston,Conroe,466398.616311514,499117.71626361145,7.015265227597486
East Side Commercial Area,tampa,tampa,Tampa,229240.35649780623,248136.3541123101,8.242875688724858
Atlantic Highlands,jacksonville,jacksonville,Jacksonville,533507.7587322585,543637.533573993,1.898711813639846
Crossroads Area,tampa,tampa,Saint Petersburg,464125.1519332799,476253.9394835209,2.613257975724749
Eggers Acres,austin,austin,Round Rock,328257.0141725888,330449.0733029341,0.6677874457216534
Lake Davis-Greenwood,orlando,orlando,Orlando,438041.4347580406,447408.1513107999,2.1383174762755375
Woodbridge,dfw,dallas,Hurst,493488.25374517107,534233.756947503,8.2566308099751
Canalakes,south_florida,miami,Greenacres,240745.4122946736,225664.63647307153,-6.264200708067123
Glen Ridge Estates,dfw,dallas,Murphy,488468.9084125588,489586.494826696,0.2287937665816196
Oak Ridge,tampa,tampa,New Port Richey,572932.0733063453,588057.4289568573,2.639991083624419
Stonebrier,tampa,tampa,Lutz,615987.3287081431,614413.0374743778,-0.25557201591580386
Southern Hills Plantation,tampa,tampa,Brooksville,473109.82332641195,473930.3438397231,0.1734312992154983
Shores,south_florida,miami,Jupiter,840573.9055072848,832585.1904571978,-0.9503881809495129
North Orange,orlando,orlando,Orlando,274439.28982930694,284825.05203600635,3.7843569020889984
Sunrise Bay,dfw,dallas,Little Elm,947374.4296795134,944968.8755052168,-0.2539179968273418
Lakewood Village,dfw,dallas,Little Elm,584199.2576485713,668230.9598395315,14.384082329921407
Pearson Farms,dfw,dallas,Frisco,788988.9187049804,821020.3724916028,4.059810350593735
Shady Oaks,dfw,dallas,Hurst,318858.75675665325,333779.84877869394,4.679530264062395
Wyndsor Estates,dfw,dallas,Richardson,549027.4259564106,554034.8932519684,0.9120614123847804
Savoy of Josey Ranch,dfw,dallas,Carrollton,444780.18704384984,452286.80522010324,1.6877141551975956
The Forest,houston,houston,Friendswood,633126.6858605329,639061.5228488324,0.9373853797100644
Westminster Heights,tampa,tampa,Saint Petersburg,296987.64983128425,285177.88164589205,-3.9765182801713164
Georgetown Village,austin,austin,Georgetown,408387.96307082026,412862.3906735688,1.095631607039464
Woodridge,san_antonio,san_antonio,San Antonio,308478.38475189515,308713.01624812087,0.07606091960525123
Timberbrook,dfw,dallas,Lewisville,331308.9375703549,322670.1498830339,-2.60747197183189
Crafts,south_florida,miami,Coral Gables,780175.8269250639,811172.0238014072,3.9729758096338115
Chalet,south_florida,miami,Greenacres,308524.8496819386,302272.0477603442,-2.026676920202843
Crescent Lake,tampa,tampa,Saint Petersburg,682346.0195289714,651045.5428871501,-4.587185349660027
The Parks of Deer Creek,dfw,fort_worth,Fort Worth,286376.9853663968,285476.23890243104,-0.3145317221680041
Edgewater Drive,tampa,tampa,Clearwater,541780.1361627345,556612.1550302153,2.7376453800118115
Bon Air North,tampa,tampa,Tampa,431025.92335724336,438906.53180736775,1.8283374672090835
Kingwood Glen,houston,houston,Atascocita,266042.87840919156,265070.4358508188,-0.36552098826605744
Ortega,jacksonville,jacksonville,Jacksonville,603185.9287548967,641333.9042577229,6.324414029612998
East Glen,dfw,dallas,Mesquite,243299.4150965243,242292.05336799592,-0.4140419853162072
Boynton Lakes,south_florida,miami,Boynton Beach,335497.60341814224,334850.84167643415,-0.1927768589458475
Timberview Estates,dfw,dallas,Flower Mound,457804.7575862363,475976.09006915445,3.9692319011113044
Winding Creek,dfw,dallas,Grapevine,632492.023250948,637100.5042770772,0.7286227899668916
Southport,orlando,orlando,Orlando,325214.7099351519,321407.1943742683,-1.1707697851806405
Summer Hills,houston,houston,Porter,218307.60601309835,220187.8187584454,0.8612676304252306
Westover,austin,austin,San Marcos,253154.76653250275,251669.018974057,-0.5868929820268663
Meadow Lakes,dfw,dallas,North Richland Hills,448955.7405359393,480398.1678919484,7.003458140099703
Carriage Hills,houston,houston,Conroe,465265.1749593376,498886.6116668809,7.226295565852681
Highland Grove,tampa,tampa,Saint Petersburg,287130.2517245868,285962.7316811974,-0.40661687034958705
Harborview,jacksonville,jacksonville,Jacksonville,174870.50750305076,179792.5468083104,2.8146766287470055
Monteray Lakes,south_florida,miami,Cutler Bay,608344.7882885606,595302.5950274495,-2.1438818104782777
Greater Grovemont,tampa,tampa,Saint Petersburg,330367.6399773697,327237.49225492263,-0.9474740693917463
Willow Bend,tampa,tampa,Lutz,473523.4311619061,478445.86803496734,1.0395339594880921
Colonialtown South,orlando,orlando,Orlando,458244.36031311174,474777.85620174534,3.6080085911666204
Astor Heights,dfw,dallas,Watauga,247801.37854181608,247232.81296722498,-0.22944407248128434
Plano Trails,dfw,dallas,Plano,416643.3143641421,409672.88266471593,-1.6729973718800775
Carrollton Heights,dfw,dallas,Carrollton,258103.9584833913,247643.9491008303,-4.0526342346795445
Oak Valley Estates,dfw,fort_worth,Burleson,396928.12777552655,401167.28148790734,1.0679902520735816
Love Grove - Riviera Manor,jacksonville,jacksonville,Jacksonville,275358.5481291046,265665.3074153265,-3.5202250954756464
Murano,south_florida,miami,Miramar,386036.2293236973,360441.03599397803,-6.630256795990327
Rio Grande Park,orlando,orlando,Orlando,194704.8742010617,191685.61202384275,-1.5506864887733156
Three Lakes,south_florida,miami,Oakland Park,179587.5787935852,155037.63957700832,-10.0
Taft,orlando,orlando,Orlando,292726.1639941624,289156.8289666206,-1.2193426712663002
Clearwater Beach,tampa,tampa,Clearwater,709046.9240130981,708894.3983716354,-0.021511360714957146
Bluebonnet Hills,dfw,fort_worth,Fort Worth,496150.2140260761,541467.122489631,9.133707329444617
Southwest Hills,austin,austin,San Marcos,270161.6662417983,250235.17389834847,-7.3757660073118485
Rainberry Bay,south_florida,miami,Delray Beach,332111.29110593227,320057.98073545616,-3.629298579502828
Quail Valley Estates,dfw,fort_worth,Keller,547415.688401042,601729.5962826296,9.921876378851008
Forest Lakes Estates,dfw,fort_worth,Keller,704878.762880779,726864.0091769337,3.1190110206048582
Windsong Ranch,dfw,dallas,Prosper,866157.2090803798,892930.1746402655,3.0910053370462887
North Lake Land,austin,austin,Georgetown,613318.1872573713,611058.9253350011,-0.3683670188345656
Cypress Fields,houston,houston,Cypress,541188.5314388227,566249.4023796658,4.630709906992173
Villano Beach,jacksonville,jacksonville,Saint Augustine,680679.0122281337,694786.2175613673,2.072519510636162
Lake of River Trails,dfw,fort_worth,Fort Worth,365821.8959568963,369061.3739159264,0.8855341888588792
Meadow Lakes,houston,houston,Sugar Land,600845.7930723048,626413.6246205707,4.255306743104564
The Lakes,houston,houston,Sugar Land,522933.5445851088,541280.4058590895,3.5084498716824313
Lawrence Oaks,south_florida,miami,Boynton Beach,508018.3518855484,508714.02845585614,0.1369392597188071
Stonewood Glen,dfw,dallas,Plano,641282.6197894056,638687.6528084788,-0.40465262909806987
West Lakes Gardens,south_florida,miami,Miami Lakes,678093.1901844218,638298.7819918309,-5.8685751115960905
Groves,houston,houston,Atascocita,459756.06328821974,471263.2229606437,2.5028837227558562
Isle of Capri,tampa,tampa,Treasure Island,421133.76996349945,414933.2337474256,-1.4723436253072884
Shores of Eastern Hills,dfw,dallas,Garland,432098.1889174555,427961.1755917985,-0.9574243613521135
Crestmoor Park,dfw,fort_worth,Burleson,238679.96904878345,239656.46807516288,0.4091248336720902
Johnston Terrace,austin,austin,Austin,394763.9782792104,375802.71308866434,-4.803190319744687
Lakeview Summit,dfw,dallas,Rockwall,400633.24806745,394421.7969882659,-1.5504082871670153
Bridgewater,tampa,tampa,Wesley Chapel,351318.5828732361,354114.6482225566,0.7958774416238088
Flor-A-Mar,tampa,tampa,New Port Richey,480005.28980466,495969.2281261132,3.325783832080216
Newport,tampa,tampa,Largo,399361.5683817151,409533.23976760276,2.5469830327202247
Cimmaron Estates,dfw,dallas,Grand Prairie,350592.6073205252,366457.45928350126,4.525153021401785
Stewart Peninsula,dfw,dallas,The Colony,496903.13352023606,526699.3209206687,5.99637744067862
Hickory Ridge,dfw,dallas,Rockwall,337404.34533840476,332949.5280814651,-1.3203200606298149
Heather Ridge,dfw,dallas,Frisco,726330.4265314023,734537.0728017269,1.1298778036210748
Larsen,jacksonville,jacksonville,Jacksonville,179686.1138746124,213814.20651736634,15.0
Rolling Meadows,dfw,fort_worth,Fort Worth,363193.01062919106,358635.5813117459,-1.2548229685229655
Calusa Trace,tampa,tampa,Lutz,424893.9033536185,430367.85731867753,1.2883107810806385
Indian Oaks/Valley Oaks/Water Oak Estates,dfw,dallas,Lewisville,407654.68343582057,408858.29455083405,0.29525261549042736
Cheval East,tampa,tampa,Lutz,939095.1819171932,940955.227464609,0.19806784053756854
Frontier East,houston,houston,Pasadena,173654.2125718645,157906.90361828852,-9.068198646237377
Carver Heights East,dfw,fort_worth,Fort Worth,180195.1365435097,161442.71500113522,-10.0
Boggy Creek,orlando,orlando,Orlando,318829.51440469926,322503.62543685536,1.1523748166841439
Young Ranch,houston,houston,Katy,481690.48327370005,530423.3624868557,10.117052527580304
Schwettman Oaks,tampa,tampa,New Port Richey,198939.8554303123,198626.1610875116,-0.15768300530940754
Santorini Isles,south_florida,miami,Miramar,596345.654660651,597505.99192764,0.19457461589945504
Richmond Estates,orlando,orlando,Orlando,232888.17503624936,211921.1068709957,-9.00306259087226
Timberbend,dfw,dallas,Allen,334871.0915346854,327582.9030780096,-2.17641613173435
Wellington's Edge,south_florida,miami,Wellington,465191.4363245122,459041.95433872833,-1.3219250195943066
Carver Heights,dfw,fort_worth,Fort Worth,174149.12529503138,189887.95680824658,9.037559899627155
Cambridge,south_florida,miami,Jupiter,651164.3880095276,625189.5835911775,-3.988978036367992
Sherwood Forest,south_florida,miami,Delray Beach,608848.6257122428,598532.7694876834,-1.6943220020397807
Marshall Ridge,dfw,fort_worth,Keller,718967.4541810179,752274.2619979992,4.632589086375446
Silhouette,dfw,dallas,Allen,473630.2990636257,447101.75901101937,-5.601107045949899
Lavers,south_florida,miami,Delray Beach,300882.29219618946,296448.3444267585,-1.4736486275303455
Dillard Park,south_florida,fort_lauderdale,Fort Lauderdale,330644.38861915417,332515.99599746463,0.5660484323132541
Windridge Estates,dfw,dallas,Allen,278085.6329959431,272293.8651511484,-2.0827281806677016
Flamingo Park,south_florida,fort_lauderdale,Fort Lauderdale,430063.0518339544,410766.6206218533,-4.486884220770355
Northlake Forest,houston,houston,Cypress,446068.1052247605,461934.40135067666,3.5569223488690427
Churchill Forest,san_antonio,san_antonio,San Antonio,359634.5614833224,369924.5219313301,2.8612267979936252
Oak Creek,san_antonio,san_antonio,San Antonio,265786.6069268525,255852.5577596655,-3.737603366117295
Main Street District,dfw,dallas,Dallas,291228.52807762654,284896.34261943086,-2.1743012265981894
Garden Heights,dfw,fort_worth,Mansfield,477331.3269115779,490592.7414434336,2.7782409794177005
Willow Vista Estates,dfw,dallas,Saginaw,342517.00442762044,337048.5866267785,-1.5965390710981586
Seacrest,south_florida,miami,Delray Beach,962964.9551898172,1003841.6649431231,4.2448803077416635
Oak Haven,jacksonville,jacksonville,Jacksonville,247802.27629181868,247370.0578469535,-0.17442069190525744
Sunset Highland,tampa,tampa,Clearwater,348879.3926981564,335770.4508042576,-3.7574423047796417
Island Estate,tampa,tampa,Clearwater,479727.5584999386,456439.8072233788,-4.854370124030045
Fairlawn Park,tampa,tampa,Pinellas Park,283102.3243197494,284462.87342476274,0.48058563569993934
Wichita Chase,dfw,dallas,Flower Mound,888353.7408629012,914091.1715586691,2.897205191117656
Valley Vista,dfw,dallas,Lewisville,403475.9995218357,389653.28013626667,-3.425908703851162
Crosstimber,san_antonio,san_antonio,San Antonio,544697.8370374177,560529.5403052714,2.906511131742599
Iron Mountain Ranch,san_antonio,san_antonio,San Antonio,554691.5560371425,580903.5007054147,4.725499132443435
The Vineyard,san_antonio,san_antonio,San Antonio,578175.3149363296,587880.9941490036,1.6786740910484654
Beachwood,jacksonville,jacksonville,Jacksonville,282158.9515666522,284175.1001188529,0.7145435368987185
Enchanted Village - Greater Harmony Hills,san_antonio,san_antonio,San Antonio,177829.77565691038,178947.8832692597,0.6287516295957699
Timberlane Acres,houston,houston,Porter,222404.31231899743,220765.65450115822,-0.7367922864233225
Creekside Estates,dfw,dallas,Wylie,502246.192696244,496548.3655661482,-1.1344689542608077
The Bridges,tampa,tampa,Westchase,526217.9293495045,517994.8242838412,-1.5626805182842232
Floral Lakes,south_florida,miami,Delray Beach,353786.3600871935,346890.5618019218,-1.9491419294887897
Ridgecrest,dfw,dallas,McKinney,587669.0166647217,583702.6767710914,-0.6749275155156131
Victory Lakes,houston,houston,League City,525838.249684372,555053.2943512474,5.555899496548864
Venitian Gardens,south_florida,miami,Miami Gardens,514250.2822493702,531473.4758377898,3.3491850530609475
Cottonwood Creek,austin,austin,San Marcos,263270.4262975136,252756.99893202816,-3.9933947437014976
Park Ridge,jacksonville,jacksonville,Jacksonville,197512.71836556087,192387.2763215268,-2.5949934193846675
King William,san_antonio,san_antonio,San Antonio,432519.1034417781,464458.8197094165,7.3845793199601
Cookes Meadow,dfw,fort_worth,Fort Worth,336292.62933385506,343437.10949855694,2.1244831261553405
Mallory Creek,south_florida,miami,Jupiter,804246.2183580903,796366.7504716808,-0.9797332839805981
South Palm Park,south_florida,miami,Lake Worth Beach,447094.57997621415,440791.685084675,-1.409745314263148
Ashford Lakes,houston,houston,Sugar Land,442858.4601281967,451204.9410741817,1.8846836399080886
Windhaven Farm,dfw,dallas,Plano,949865.9154614744,986557.8361861263,3.8628526539796737
Community Gardens,south_florida,miami,Opa-locka,349887.60699939355,349258.92910530866,-0.17967995479359136
Tropic Palms,south_florida,miami,Delray Beach,634485.3013925893,617780.1205230141,-2.6328712159147196
High Pointe,dfw,dallas,McKinney,341686.62572801526,332528.8809620112,-2.6801589750526893
Bermuda Riviera,south_florida,fort_lauderdale,Fort Lauderdale,858510.7422795171,853177.7655876857,-0.6211892792012425
Northwood Hills Historic District,south_florida,miami,West Palm Beach,337018.26520227507,327932.41629149835,-2.69595148064853
Wind River Estates,dfw,dallas,Denton,380448.6376787044,381979.16952101863,0.40229657586704043
Old Northwood,south_florida,miami,West Palm Beach,894639.9072884495,973032.9738834228,8.76252735389076
Pine Tree Manor,south_florida,miami,Cutler Bay,570749.2773332754,555356.950742788,-2.6968630888864715
Hidden Forest,san_antonio,san_antonio,San Antonio,401056.3545106601,400411.0928800892,-0.160890514092022
Serendipity Village,dfw,dallas,Lewisville,299683.7075232235,288874.3560182485,-3.6069199738318596
Winsor Park,tampa,tampa,Clearwater,385161.7638071464,372807.96641941345,-3.207430889717962
River Run,south_florida,miami,Miramar,555387.6955367527,532768.976155829,-4.0726000166539285
Mantle Brook,dfw,dallas,Desoto,317541.717449752,320912.41881960223,1.0614987526429935
Old Southeast,tampa,tampa,Saint Petersburg,533493.1028641658,520331.96782523213,-2.4669737937145655
Stacy Ridge Estates,dfw,dallas,Allen,817633.2429173269,822845.6848761152,0.6375036734306754
Golden Glades,south_florida,miami,Miami Gardens,244229.62161921893,251422.672750479,2.9452001291124392
Morningside,dfw,dallas,Allen,451962.3244894051,444884.25494312675,-1.566075126787312
Oak Forest,houston,houston,Lake Jackson,304484.14704171015,301143.29852376314,-1.0972159143278368
Royal Palm,south_florida,miami,Boynton Beach,329683.2433627501,312429.47681180114,-5.2334375186805175
Park Manor South,south_florida,miami,Riviera Beach,303868.5487815488,297112.67828867893,-2.223287181236604
Osceola Park,south_florida,miami,Delray Beach,765861.7942078881,787762.0532477766,2.8595575866974023
Country Lake Park,south_florida,miami,Hialeah,618814.5762393405,613759.2721960508,-0.8169335754842287
Kings Lake,tampa,tampa,Gibsonton,304666.06003786955,299198.2528199905,-1.7946886559006294
Camellia,houston,houston,Richmond,323911.4683313542,323766.7354492973,-0.04468285201586337
Preston Hollow,san_antonio,san_antonio,San Antonio,326049.24201809516,332224.092997332,1.8938400043555796
Parkside,dfw,dallas,Allen,437484.1367155381,436502.17511644965,-0.22445650405992704
Stonehaven Place,dfw,dallas,Plano,560684.452293264,561062.307026868,0.06739169100525921
Oakhurst,dfw,fort_worth,Fort Worth,315300.3019973582,311037.1548246834,-1.352091052773729
Sherwood Forest,dfw,dallas,Mesquite,205178.95574277535,212582.94246905946,3.6085507402456014
Forest Ridge,dfw,dallas,Garland,250919.0154494813,244919.22343593746,-2.3911268752574073
Maximo,tampa,tampa,Saint Petersburg,419193.1317268388,404002.1952009028,-3.6238514842449665
The Oaks of Clear Creek,houston,houston,League City,342460.56778243725,357964.67069380864,4.5272666023321655
Airline Estates,south_florida,miami,West Little River,396214.59282342275,410065.7560132531,3.4958740643869453
Country Isles,south_florida,miami,Weston,560566.1429888507,546717.4429576786,-2.470484563575859
Palm Beach Villas,south_florida,miami,Greenacres,328644.8896322373,313065.39337822393,-4.740525943198834
Turtle Creek,austin,austin,Round Rock,315105.97516439203,312899.07468298136,-0.7003677033605361
Brentwood,south_florida,miami,Miami Gardens,505220.9099830769,535577.8762648109,6.008651993986323
Hampton Terrace,tampa,tampa,Tampa,392054.621376279,389626.0170268164,-0.6194556107863667
Drew Park,tampa,tampa,Tampa,341878.3903676394,339487.925336899,-0.6992150127329875
The Oaks,orlando,orlando,Kissimmee,401072.37890970806,406217.8895429121,1.2829381687145316
Spencer Lakes,south_florida,miami,West Palm Beach,295874.780234395,282438.7555811181,-4.5411185916666295
Stadium Estates,houston,houston,Pasadena,190193.26958214724,192747.8999638096,1.3431760163095505
Williams Glen,houston,houston,Sugar Land,672770.6521679756,701239.2950533284,4.231552430774709
Catalina,orlando,orlando,Orlando,394599.16672370606,401906.3276976743,1.8517933108268854
Crown Meadows,san_antonio,san_antonio,San Antonio,221925.20125463724,220780.20193217864,-0.5159392966573604
Plumb Oaks,tampa,tampa,Clearwater,435687.25506753055,445869.57618704706,2.3370711447453907
Spring Vistas - Sierra Springs,san_antonio,san_antonio,San Antonio,240594.16487501503,241491.9301714181,0.37314508307773464
Woodgate,tampa,tampa,Clearwater,427067.85278341826,414734.45312212495,-2.8879250875265554
Redland Woods,san_antonio,san_antonio,San Antonio,366992.50085014495,372183.3789841327,1.4144371130099416
The Allendale Association,tampa,tampa,Saint Petersburg,579479.8716178244,563540.2010771572,-2.7506857996924015
Tucker Hill,dfw,dallas,McKinney,746167.8175540626,729989.1015132611,-2.168240931890537
Reserve at Katy,houston,houston,Katy,816362.6643366134,834389.5909795878,2.2082007703798263
Mangrove Walk,south_florida,miami,Boynton Beach,539673.5768961614,520154.0368214643,-3.616916023007898
Spenser View Terrace,houston,houston,Deer Park,193847.75401267537,199341.0791928162,2.8338348350332807
Lakeview Ranch,dfw,dallas,Denton,740163.9892154717,762241.6103233899,2.9828013020897073
Bear Creek Vista,dfw,fort_worth,Fort Worth,340302.2058195927,333478.6603252136,-2.0051428929016386
North Corals,south_florida,miami,Oakland Park,659181.8360443651,630275.9950801559,-4.385108840023273
Hulen Bend Estates,dfw,fort_worth,Fort Worth,390392.7095587863,390417.97971990594,0.006473010509903925
Lake Euclid,tampa,tampa,Saint Petersburg,321589.7757688355,319726.1407161995,-0.5795069349392648
Driftwood Estates,south_florida,miami,Davie,472662.40731646254,470648.6694802669,-0.4260414632144333
Hills of Prestonwood,dfw,dallas,Plano,684401.8396802332,689745.0470749044,0.7807120152055311
Brandon Park,south_florida,miami,Golden Glades,523981.93422448594,520873.59923723945,-0.5932141519052463
Bulls Bay,jacksonville,jacksonville,Jacksonville,337435.9812128963,324231.6012233014,-3.9131511530372234
Centerpointe,houston,houston,League City,426595.41095381015,430402.33325784525,0.8923964501923117
The Ranches,dfw,dallas,Roanoke,320762.56147257646,325369.0294921553,1.436099025531902
Oak Ridge North,houston,houston,Spring,284096.6361351958,309545.44641995756,8.957800638178341
Blanco River North,austin,austin,San Marcos,233053.872062386,224426.1687773324,-3.702020999996113
Orchard Lake,houston,houston,Sugar Land,469860.02932165685,480082.4159034078,2.175623790878558
Friendswood Lakes,houston,houston,Friendswood,604705.8265661512,619970.3033883001,2.5242814194182484
Heritage,austin,austin,San Marcos,307054.2209229564,299844.32446009986,-2.348085768430328
Meadow Glen,dfw,dallas,Lewisville,308797.7020516445,305442.3232555078,-1.0865944836518049
Elyson,houston,houston,Katy,455874.405425504,461098.1710176566,1.145878235317213
Prize Acres,dfw,dallas,Grand Prairie,291718.3348704001,286408.2650517661,-1.8202729084522677
Lake Mangonia,south_florida,miami,West Palm Beach,385868.59017875977,387789.939355116,0.49792836868793183
Richland Oaks,dfw,dallas,North Richland Hills,306880.44274345855,324156.48343088734,5.629567180294693
Summerfield,houston,houston,Sugar Land,315423.05277758616,322020.88566437096,2.0917408631629484
Red Road Manor,south_florida,miami,Opa-locka,526531.8298965088,551180.8492148578,4.681392067635073
Sessom Creek,austin,austin,San Marcos,269335.442128441,259937.69226028383,-3.4892362452898285
Rock Lake,orlando,orlando,Orlando,306442.49131623004,307532.14663569105,0.35558231979538335
Cooper Glen,dfw,dallas,Denton,270535.11208896386,260699.6523249209,-3.6355575762781673
Sentarra Lakes,houston,houston,Spring,379613.6959204013,399901.1641845101,5.344240337514788
Stonybrooke,dfw,dallas,North Richland Hills,330020.19343360997,341984.3180387191,3.625270466219509
Lake Terrace,orlando,orlando,Orlando,412926.18883865373,412097.00358195434,-0.20080713675038564
Trinity View,dfw,dallas,Irving,252293.0122334413,251917.81856764748,-0.14871345919269743
Ridge Crest Gardens,tampa,tampa,Port Richey,226432.00936445792,226518.61032402265,0.03824589986539561
Autumn Lakes,houston,houston,League City,484408.16499323567,540103.1784352912,11.497538123213351
Allendale Oaks,tampa,tampa,Saint Petersburg,333153.5591731073,328626.04120439594,-1.3589883235672944
Countryside,orlando,orlando,Orlando,269544.67944698315,274726.0277245005,1.9222595260080002
Thornbridge Estates,dfw,dallas,North Richland Hills,768821.9572545592,803435.5764513713,4.502163195288592
Terramar Beach,houston,houston,Galveston,463898.4340675207,445194.14567404875,-4.0319792049027585
Bay Harbor,houston,houston,Galveston,363244.7688039108,356715.25596383156,-1.7975517889988017
The Oaks,south_florida,miami,Palm Beach Gardens,465210.91573890345,453940.8295597871,-2.422575609864149
Indian Beach,houston,houston,Galveston,650555.2805198496,621772.9876398189,-4.424265507003674
Lake Formosa,orlando,orlando,Orlando,449954.99823432905,458907.0200750386,1.9895371483455528
Sea Isle,houston,houston,Galveston,498350.8598004751,488304.46177916497,-2.015928702386997
Fairview Estates,dfw,dallas,Corinth,316465.53937668604,314568.9617555137,-0.5992998874088714
Beacon Hills and Harbour,jacksonville,jacksonville,Jacksonville,471845.5946237932,512369.4812486296,8.58837871680173
The Woods,dfw,dallas,Grapevine,411180.2161893605,424734.16363628587,3.296352040605816
Aster,south_florida,miami,Wellington,588483.5387528199,585716.0485035164,-0.470274878914828
United Riverside,dfw,fort_worth,Fort Worth,189750.21926395336,194509.54649856486,2.5082064479677895
Shorecrest Acres,dfw,dallas,Grapevine,487968.633874522,524734.2448345099,7.534420945884393
Mountain Creek,austin,austin,Pflugerville,467337.32152108586,461819.3288154946,-1.180730160311472
Lakewood Acres,dfw,dallas,Grapevine,461810.6955888809,456694.09906991734,-1.1079424032046539
Park Forest,san_antonio,san_antonio,San Antonio,414841.5431838131,424101.7457583672,2.2322264312016964
Parkway Estates,dfw,dallas,Plano,635004.9365103674,639639.5839219431,0.7298600601508851
Gulf Harbors Sea Forest,tampa,tampa,New Port Richey,732574.9945057541,714641.4245451126,-2.4480183046297768
Belle Isle,south_florida,miami,Miami Beach,929366.082112358,905474.8603580071,-2.5707008480499325
The Greens,tampa,tampa,Westchase,861755.5506040929,896391.0165056847,4.019175261164522
Stone Creek,dfw,dallas,Flower Mound,519523.6040373216,540269.6897936513,3.9932903134925515
Shady Brook,dfw,dallas,Bedford,309333.42466899473,306139.4070220279,-1.0325485034100796
West Tampa,tampa,tampa,Tampa,405392.9229711508,410179.5217381308,1.1807307172258223
Palmetto Park,tampa,tampa,Saint Petersburg,332548.48458004784,327883.08779737086,-1.4029222802108339
Laguna Isles,south_florida,miami,Pembroke Pines,799838.0901303174,807809.8666779313,0.9966737826045599
Claremont Park,houston,houston,League City,355438.8719251174,375875.41552742233,5.74966477122132
Sable Ridge,tampa,tampa,Land O Lakes,418651.218568647,417976.6261317666,-0.1611347123715067
The Timbers,dfw,dallas,Murphy,484748.268727211,504411.5566431817,4.056391571567657
Lynn Creek Hills,dfw,dallas,Grand Prairie,364595.874738582,364395.51222567103,-0.05495468456812159
Meadowcreek,houston,houston,Missouri City,267392.7882036607,267573.94356873253,0.06774878495745512
West Shore Palms,tampa,tampa,Tampa,462153.03257506626,446164.57506170566,-3.4595591473834237
Texaba,houston,houston,Conroe,321681.36956856446,319502.9404592472,-0.6772008936168532
Hunters Creek,san_antonio,san_antonio,San Antonio,481280.3228712931,498329.39147039904,3.542440400927277
Cypress Creek,tampa,tampa,Sun City Center,308653.2008306391,307836.4746128737,-0.26460967051936213
Sunrise Intracoastal,south_florida,fort_lauderdale,Fort Lauderdale,354771.6611723408,349561.8288000209,-1.4685029675436942
The Oaks at Shady Creek,tampa,tampa,Riverview,407503.0350321785,410034.3612271233,0.6211797158136271
Edgewater,houston,houston,Sugar Land,435298.10617362574,452741.90150342433,4.007321668162933
Stone Creek Ranch,dfw,fort_worth,Fort Worth,291005.34154646087,286564.0033596013,-1.526205039143748
Park North,dfw,dallas,Garland,279666.3573304513,263042.408800483,-5.944207479459396
Austin Park,houston,houston,Sugar Land,482746.8939962582,482437.1211432474,-0.06416879256258887
Roselawn,dfw,dallas,Weatherford,269641.19263547304,258099.31937161935,-4.280456242995894
Shaw Clarke,dfw,fort_worth,Fort Worth,176575.04687349588,190942.08540617675,8.136505574864083
Northtown Park,austin,austin,Pflugerville,275636.4181859792,262524.01235194376,-4.75713837827777
Ridgecrest Estates,dfw,dallas,Joshua,359549.3623351881,399813.1472102747,11.198402526313178
Summerfield Estates,dfw,dallas,Garland,378093.31671955617,376450.3694710072,-0.4345348557873595
Monte Vista Terrace,san_antonio,san_antonio,San Antonio,299341.4083227353,294712.4326773809,-1.546386673093898
Dover Shores West,orlando,orlando,Orlando,436394.5048495788,447011.7237664118,2.4329405615436546
Robles Gardens,south_florida,miami,Hialeah,520131.6177714554,531594.3951327445,2.2038224498641785
Lake Boynton Estates,south_florida,miami,Boynton Beach,398358.13162964705,395975.868938328,-0.5980203495717349
Windsor Square,san_antonio,san_antonio,San Antonio,171988.50859060287,158426.79098653368,-7.885246354656844
Falcon's Lea,south_florida,miami,Davie,698485.897162659,737294.3682125701,5.556085127495944
Quail Hollow,houston,houston,Baytown,196312.74391630036,196245.17508495893,-0.03441897351821286
Grand Isles,south_florida,miami,Wellington,627690.1717961376,608971.6114791643,-2.982133727442318
Echo Heights,dfw,fort_worth,Fort Worth,181276.654071799,174372.38427085438,-3.8086922093178246
Amburn Oaks,houston,houston,Texas City,229191.04882168272,229580.41583120142,0.16988752899404724
Silver Ridge,houston,houston,Missouri City,984004.4019271728,1079229.507201364,9.677304805516403
Leisureville,south_florida,fort_lauderdale,Pompano Beach,236645.0898907784,222638.13069673,-5.918973091946771
Elm Creek,san_antonio,san_antonio,San Antonio,691126.5858603907,706741.1527330544,2.259291885469135
Stone Meadow,dfw,fort_worth,Fort Worth,322929.60181595717,317476.9241501385,-1.6885035113399813
The Oaklands,austin,austin,Round Rock,518236.62682977394,538760.5585974118,3.9603398727700174
Evia,houston,houston,Galveston,614119.7194038298,607145.3082909911,-1.1356761381330045
Linden Gardens,south_florida,miami,Hialeah,555624.3461545468,559219.802464971,0.647102009713603
East Ybor,tampa,tampa,Tampa,268916.9180101449,247256.58616129297,-8.054655694081244
Triple Creek,tampa,tampa,Riverview,407727.07661718485,394958.9081147935,-3.1315478501761156
Pine Trail,south_florida,miami,Delray Beach,275394.4734620049,263167.93972188426,-4.439643826697014
Country Walk,tampa,tampa,Wesley Chapel,453107.2859337707,450758.65415572166,-0.5183390007090599
Grand Harbor,houston,houston,Montgomery,804545.1910610344,831842.5369624394,3.392891562176293
Mill Creek Crossing,dfw,dallas,Garland,301331.2171729219,300096.2858168025,-0.40982523075620203
Campbell Park,tampa,tampa,Saint Petersburg,227608.4626579654,225441.46934784247,-0.9520706237444854
Seminole Grove Estates,tampa,tampa,Seminole,498428.774021256,494362.82495083933,-0.8157532795735596
Boyette Creek,tampa,tampa,Riverview,348684.67090996535,350382.6335603021,0.4869622303457003
Castle Hills Northwest,dfw,dallas,Azle,221310.09564215885,218718.88496819898,-1.170850641242166
Woodland Terrace,dfw,dallas,Azle,233430.24626919124,232520.4972187359,-0.38973057904682235
Westchester,dfw,dallas,Flower Mound,379389.2064622086,379942.8021653174,0.14591762065955416
Central Business District,houston,houston,Galveston,314446.2592153285,320399.8341924732,1.8933521397269313
Venetian Isles,south_florida,miami,Boynton Beach,349110.56485511106,339478.2973909879,-2.7590879319624015
Highland Pines,tampa,tampa,Tampa,210026.54016398688,235198.47221335303,11.985119609032328
Redford Place,dfw,dallas,White Settlement,178701.31912820868,179044.1888837631,0.19186750116177353
Dove Meadows,houston,houston,Spring,247170.0452880315,246546.88442134057,-0.2521182799334624
Southgate,dfw,dallas,Garland,275285.9629796752,267599.7714982234,-2.792075338043763
Brushy Creek North,austin,austin,Round Rock,607011.3817882697,612966.5204855229,0.9810588196401215
Northwood Shores,south_florida,miami,West Palm Beach,531316.6037723591,652120.5151094557,15.0
MacArthur Park,san_antonio,san_antonio,San Antonio,333077.3160855703,328173.7364683532,-1.4722046144857714
Baraco,south_florida,miami,Hialeah,388025.6380959879,397838.91218933207,2.529027241987708
Pavilion,tampa,tampa,Riverview,381557.1134399749,387681.2172810824,1.6050293980617751
Nautica,south_florida,miami,Boynton Beach,497329.0822219364,528547.4680612966,6.2772089860268485
Glenn View,dfw,dallas,Hurst,265531.50121533935,266920.015038971,0.5229186809385669
Woodland Terrace,tampa,tampa,Tampa,263555.2109566603,262553.5084000418,-0.38007313647204344
Polly Ranch Estates,houston,houston,Friendswood,629845.0958969017,643319.3025850371,2.139288973735372
Willowstone Estates,dfw,fort_worth,Mansfield,395914.3225886331,398040.43051796756,0.5370121281375168
Mcdonald Park,south_florida,miami,Boynton Beach,402252.56234970054,409851.01434430527,1.8889754114229769
Malibu Groves,orlando,orlando,Orlando,206289.32122485756,194887.21914954006,-5.527238156399323
Crownridge of Texas Owners Association,san_antonio,san_antonio,San Antonio,546352.2934221439,559861.9455006068,2.4726998021447915
Waverly Hundred,south_florida,miami,Davie,724322.0974181802,748021.7319747009,3.271974531910212
Carpenters Run,tampa,tampa,Lutz,341377.33644429006,346581.5747252025,1.524482654624538
Mayfield Park,houston,houston,Sugar Land,193117.2421707743,166490.65467760255,-10.0
Mayfair North,dfw,dallas,Hurst,370527.1754207099,397987.63715712423,7.411186967658918
Oak Run,orlando,orlando,Kissimmee,345147.8239136957,336487.52998151036,-2.5091550147947164
Marine Creek,dfw,fort_worth,Fort Worth,281918.0540543619,301281.62276622263,6.868509637246182
Lakes of Cypress Forest,houston,houston,Spring,546809.510500921,563441.4122482651,3.0416262753198855
Oakland Hills,south_florida,miami,Oakland Park,506687.39888535574,503643.4759108042,-0.6007496893050398
Cypress Reserve,orlando,orlando,Kissimmee,390084.63485200424,387132.4916229347,-0.7567955682718862
Lakewood Terrace,tampa,tampa,Saint Petersburg,243723.06660407103,203138.33620438515,-10.0
Washington Shores,orlando,orlando,Orlando,230803.1375060249,226556.5871554888,-1.8399014833259124
Hills of Westchester,dfw,dallas,Grand Prairie,431633.18281662697,428141.8808740947,-0.8088585589619671
Ridgewood Estates,houston,houston,Fresno,249085.51369001248,249930.46595585972,0.3392217609647049
Chapel Hill,south_florida,miami,Boynton Beach,774279.0979590827,785932.8067394819,1.5051044011283672
Wintergreen,dfw,dallas,Hurst,445005.9757563178,493360.3269686164,10.86600042395321
The Arbors of Creekwood,dfw,fort_worth,Mansfield,493832.2565995793,539338.0675132797,9.214831616517616
Fossil Beach,dfw,dallas,Haltom City,364646.8905460949,381036.27232567884,4.494589753676276
Bridgestone West,houston,houston,Spring,249536.4354393883,245694.91824380672,-1.539461437291657
Hilltop,dfw,dallas,Greenville,249906.3287907641,252829.80894718188,1.1698303802724004
Callahan,orlando,orlando,Orlando,195157.44093472464,190948.51272087044,-2.156683441684392
Cinco Forest,houston,houston,Cinco Ranch,693635.5023453679,669129.4955164024,-3.532980469728569
Trade Winds Estates,tampa,tampa,Pinellas Park,307768.1784468868,303074.2266291488,-1.5251582673119237
Heritage Colony,houston,houston,Missouri City,394868.1849654497,405759.42281951057,2.758195840724382
Village Estates,dfw,dallas,Highland Village,463707.40706081624,499972.3771992634,7.82065793779545
Pineloch,orlando,orlando,Orlando,282460.1038053083,294153.203356322,4.139734919545824
Rancho Verde,houston,houston,Channelview,259219.7695586572,261280.5405089935,0.794989885935371
Trinity Mills,dfw,dallas,Carrollton,422904.0329657733,461364.32225380384,9.094330223883965
Snider Estates,dfw,dallas,Sanger,267413.8290532465,260124.4690004094,-2.7258725095274174
Rollingwood Estates,dfw,dallas,Carrollton,321782.9998075755,318185.511363183,-1.1179858620697147
Bermuda Beach,houston,houston,Galveston,554729.8677394636,529564.2304907822,-4.536557108639547
Clements Ranch,dfw,dallas,Forney,312286.254373218,310998.56830422976,-0.41234157794511744
Stone Oak at Round Rock,austin,austin,Round Rock,370088.87495432,361492.5668401032,-2.322768582351436
Settlers Crossing,austin,austin,Round Rock,345095.83051257615,335898.57329544215,-2.6651313646627295
Spenser Highway Gardens,houston,houston,Pasadena,267656.153619346,295138.88382851536,10.267923915642399
Southlake,houston,houston,Pearland,495807.0507321519,515413.6019341366,3.95447204170089
Park Lake-Highland,orlando,orlando,Orlando,607711.3000328508,607342.4684536746,-0.06069190735079397
Stone Mountain-Stone Oak,san_antonio,san_antonio,San Antonio,376211.5700130663,392460.5166980403,4.319098076757625
Bloomingdale,tampa,tampa,Riverview,184668.19431589253,172275.96154200286,-6.7105398521911015
Lakes of Miramar,south_florida,miami,Miramar,581760.4202883249,563384.5653185968,-3.1586636575621525
Boulevard Park,south_florida,fort_lauderdale,Pompano Beach,610646.6184733234,601913.645239095,-1.4301189869947586
Marina Vista Estates,dfw,dallas,Little Elm,330511.06107647344,322619.5011072477,-2.38768407433111
Bayou Manor,tampa,tampa,Seminole,312475.0795604254,310964.6528797875,-0.48337508474683005
Atascocita North,houston,houston,Atascocita,208113.87447568637,215468.90180672827,3.5341359866428204
Bellcamp Manor,south_florida,miami,West Little River,387044.64235498133,389674.30350441555,0.6794206305076315
Mayfair Hills,dfw,dallas,Bedford,431625.4333244907,444430.04995549703,2.9666038287831857
Escada,south_florida,miami,Miramar,481558.16083783406,470512.37036942266,-2.2937604149815463
Mouzon,dfw,dallas,McKinney,255524.0932451603,252716.14968974193,-1.0988958104722895
McKamy Meadows,dfw,dallas,Royse City,279124.2323141235,283074.1124728789,1.4150975449205179
Pumpkin Hill,jacksonville,jacksonville,Jacksonville,447445.8528125642,449852.1625690627,0.5377879225772059
Fern Bluff,austin,austin,Round Rock,420436.60604751896,413485.6221553877,-1.6532775196424327
Twin Falls,houston,houston,Spring,373905.1242596382,374430.4053013399,0.140485114436939
Curtiss Park,south_florida,miami,Opa-locka,420064.3420382343,421088.7992517957,0.24388102274773746
Five Points,san_antonio,san_antonio,San Antonio,195645.30356467632,208157.5450617973,6.395370228237912
Lake Palms,tampa,tampa,Largo,305658.64705156087,300254.3935999235,-1.7680682368281602
Sylvan Creek,dfw,dallas,Lewisville,315223.83415272814,314344.5149779558,-0.2789507262786243
Gulfwinds,tampa,tampa,Holiday,340996.69306701055,347714.60726093187,1.9700819188299732
Woodbridge,dfw,dallas,Bedford,353326.83346004266,361252.37264744006,2.243118392618117
Chadwick Farms,dfw,dallas,Roanoke,443144.80547689344,445928.4092130458,0.6281476622876699
Avalon,south_florida,miami,Miramar,502017.2759321727,493575.8481860888,-1.6815014444292657
Lake Mann Estates,orlando,orlando,Orlando,230606.02551745492,234227.0930736791,1.5702397836738646
Turtle Bay,south_florida,miami,Miramar,549898.446370394,532247.7476759225,-3.2098106133914333
Creekside Village,dfw,dallas,Garland,389761.8763946318,389865.7895949185,0.026660688635814944
Lakeland Terrace,dfw,dallas,Lewisville,256995.5865859072,235341.0320818846,-8.426041393043159
Cisco Gardens,jacksonville,jacksonville,Jacksonville,286465.5044573461,302883.70604523283,5.731301442031513
River Oaks,dfw,dallas,Denton,336388.04491789476,337603.47070621816,0.3613165826449197
Suncreek,dfw,dallas,Allen,602760.6292141395,610508.1583920458,1.2853409467050314
Parkwest,dfw,dallas,Saginaw,282169.18950283923,284595.8513492832,0.8600024158270245
Oak Bluff,austin,austin,Round Rock,720105.4898775778,715882.7823567454,-0.5864012398447612
Santa Fe Enclave,dfw,fort_worth,Fort Worth,430073.2932780037,422695.4980689742,-1.7154739260362384
Thunderbird,dfw,dallas,Plano,363180.87388659426,358536.3361990323,-1.2788497471957265
El Sendero,san_antonio,san_antonio,San Antonio,236188.9534788535,228247.5957055019,-3.3622900886694542
Rio Vista,austin,austin,San Marcos,218918.43869332407,216472.71439564956,-1.1171851545591627
Haralson Estates,orlando,orlando,Orlando,214310.7389894124,207697.03984932712,-3.086032539140291
Lloyd Estates,south_florida,miami,Oakland Park,350248.63369090296,338084.9222762661,-3.4728790477942124
Lowe's Farm,dfw,fort_worth,Mansfield,457185.19068126794,455023.9753696764,-0.4727220731649268
Kingsridge,dfw,fort_worth,Fort Worth,501122.8951728104,548157.9834964192,9.385938813948794
Tanglewood,houston,houston,Lake Jackson,274200.8022923691,279796.54561286926,2.0407465163189693
Avelar Creek,tampa,tampa,Riverview,314341.9827657468,319204.2733659391,1.546815527920027
Downtown,tampa,tampa,Clearwater,436450.50148587185,470196.45212192094,7.731907861524469
Weeki Wachee Acres,tampa,tampa,Spring Hill,209476.71777703892,202064.20610772033,-3.538584978789035
Heritage Glen,dfw,fort_worth,Fort Worth,318225.21178189956,319830.58989311603,0.5044786056476074
Shady Banks,south_florida,fort_lauderdale,Fort Lauderdale,600655.9898327793,580524.1123016065,-3.35164850961987
Forest Ridge,austin,austin,Round Rock,536674.4871650542,545237.5592011446,1.5955802336206175
Jupiter Landings,south_florida,miami,Jupiter,569961.1276376589,557107.3309365953,-2.2552058513778253
Summit Oaks,dfw,dallas,Denton,328804.60407342477,329203.49189441284,0.12131454853320839
Forest Creek Estates,dfw,dallas,Plano,690460.9498016731,683197.2597421148,-1.0520059188929753
Original Town,dfw,dallas,Mesquite,203051.96434917665,195609.20617289402,-3.6654450500580986
Oak Crest,san_antonio,san_antonio,San Antonio,306996.4447510156,306567.8465196232,-0.13961016119909672
Azalea District,houston,houston,Porter,299599.8863996908,298454.4884865512,-0.38230919474099856
Holiday Park,dfw,dallas,Garland,249670.4522619644,240267.09101739526,-3.7663092125546216
Quail Hollow Pines,tampa,tampa,Wesley Chapel,487988.7163755332,490934.20586774976,0.6035978688388042
Park Place,dfw,fort_worth,Fort Worth,329061.59937469877,335437.7486733081,1.9376765051667122
Woodlawn Oaks,tampa,tampa,Saint Petersburg,335448.96493057674,327821.54580159014,-2.273794206091869
Northpointe,dfw,dallas,The Colony,389242.9670061367,386517.741463946,-0.7001348189157525
Crestridge,tampa,tampa,Seminole,265044.3535647194,263316.7005600101,-0.651835431116784
Lake Creek Forest,houston,houston,Conroe,622836.3786313381,663838.3510393288,6.583104939710036
Buckingham North,dfw,dallas,Garland,328285.13198767323,330034.9295450917,0.5330115155760909
Douglas Manor,tampa,tampa,Clearwater,416017.7784498918,419520.9261509638,0.8420668256354303
Tropical Shores,tampa,tampa,Saint Petersburg,821514.5833832765,801749.2977434505,-2.40595675836037
Old Orchard,south_florida,miami,Davie,846660.7128851571,851053.775542654,0.5188693169105127
Del Lago,houston,houston,Montgomery,387458.76250886713,410234.0895056961,5.878129287709097
Doral Landings East,south_florida,miami,Doral,719080.0003434228,754188.9369761972,4.882479921011136
Harmon Ranch,dfw,fort_worth,Fort Worth,480213.5687081359,504898.25906821084,5.140356701390455
Garden Oak Estates,dfw,dallas,Lewisville,396728.64757365943,404573.6872495883,1.9774321123286969
Mapleridge,south_florida,fort_lauderdale,Fort Lauderdale,694882.1951012836,703718.5793737003,1.2716377444566334
The Groves,tampa,tampa,Land O Lakes,336666.3594331324,335770.704396732,-0.2660363922039896
West Oaks,houston,houston,Richmond,308548.27989786235,307733.94327516336,-0.2639251863496229
Ridglea Country Club,dfw,fort_worth,Fort Worth,535154.2862016396,579152.2861361374,8.221554244997668
Highlands,dfw,dallas,Carrollton,497505.8610729549,526296.1180432613,5.786918149710926
Heritage Village,dfw,dallas,Frisco,555131.4394646565,565333.6564420968,1.8378020504979578
Oak Creek Estates,dfw,dallas,Carrollton,593237.1381380929,604570.7578612466,1.9104703658177629
Chatelaine,south_florida,miami,Delray Beach,449350.2377663022,485533.1899825761,8.052282868734553
Lauderdale West,south_florida,fort_lauderdale,Fort Lauderdale,378449.33632209286,376797.4876354542,-0.43647815654584016
Waterford Parks,dfw,dallas,Allen,724976.7198559515,765496.1274335416,5.589063271664923
Glenloch,houston,houston,Spring,237265.23402018825,239504.7867465196,0.9439026056977164
Terrace Landing,dfw,fort_worth,Fort Worth,301219.329805675,297125.20979459095,-1.3591823651308512
Lake Parks East,dfw,dallas,Grand Prairie,422726.50417036,418967.6940445444,-0.889182506593141
Northwood Park,houston,houston,Spring,265460.6066077855,280567.3059221668,5.690749941177236
Dells District,dfw,dallas,Dallas,255700.3962149981,221462.31389568056,-10.0
Rockwall,dfw,dallas,McKinney,249800.35869087072,241866.5533410147,-3.1760584297935934
Watauga Heights,dfw,dallas,Watauga,255666.79015639753,254689.27197244565,-0.3823406956194451
Sterling Forest,houston,houston,Channelview,182557.52048400752,184469.80340752125,1.0474961088668233
Gilmore,jacksonville,jacksonville,Jacksonville,415731.02313998854,417112.80077410757,0.33237299051741653
Richland Meadows,dfw,dallas,Richardson,541851.1184270747,563028.6678355096,3.9083705261900423
Rancho Isabella,houston,houston,Angleton,226942.77816288467,231360.79907497315,1.9467554543275736
The Pines,south_florida,miami,Greenacres,264947.73297321855,279007.24703518255,5.30652363173274
Barcley Estates,tampa,tampa,Saint Petersburg,560302.3609023448,582888.9232348861,4.031138169071172
Highland Park,tampa,tampa,Largo,274927.38157625,275025.96519929357,0.03585805912759211
Bayou Bend,houston,houston,Deer Park,284245.64373488957,286512.66491134575,0.7975570519457422
Cross Winds,south_florida,miami,Delray Beach,233295.5671754011,202746.12398548416,-10.0
Katyland,houston,houston,Katy,237501.1473110596,237533.53763135074,0.013637963714217055
Waterview,south_florida,miami,Miramar,496737.822222369,495173.7424856599,-0.3148702729563756
"Almeta,Bonita, Bella Vista",dfw,dallas,Garland,195411.78909891236,186556.40664181567,-4.531652106523787
Suncoast Meadows,tampa,tampa,Land O Lakes,377761.3026796365,380497.09821803623,0.7242127552487373
Enchanted Oaks,houston,houston,Spring,277079.10152059485,278662.2410976619,0.5713673706818259
Black Hammock Island,jacksonville,jacksonville,Jacksonville,528136.8539448887,583722.2562507411,10.524810357516303
Hawke's Bluff,south_florida,miami,Davie,774311.1515415139,786077.665690863,1.519610575919535
Santa Fe Trails,san_antonio,san_antonio,San Antonio,423031.60611038347,436063.32533182646,3.0805545101617238
River Forest,dfw,dallas,Bedford,479553.9445227368,502690.8101631567,4.824663816173221
Deerwood Center,jacksonville,jacksonville,Jacksonville,175410.71276738387,173405.81310825192,-1.1429744668962651
Parkview Estates,houston,houston,Pasadena,259892.5644988911,260501.17156792144,0.23417640677940313
Rockwall Lake Estates,dfw,dallas,Rockwall,233447.87033093753,226675.7738067218,-2.900903107239986
Bluebonnet Place,dfw,fort_worth,Fort Worth,438884.43769766745,522106.50604942517,15.0
Palm Lakes,south_florida,miami,Hialeah,650917.7520857604,631151.7561374046,-3.0366349488885245
Westchester Creek,dfw,dallas,Grand Prairie,336267.7811877244,338639.16874697345,0.7052080787737492
Tuscany,south_florida,miami,Miramar,347577.11894547817,326706.3291233085,-6.004650100527343
Lake Colony,houston,houston,Missouri City,365399.38300055295,388533.30699173314,6.331133840788448
Lake Forest,houston,houston,Lake Jackson,308585.5615400626,309931.8288447236,0.4362703484706636
Sendero Springs,austin,austin,Round Rock,674240.4368653583,672036.6573939648,-0.32685364906903724
Autumn Run,tampa,tampa,Pinellas Park,370362.6354667433,407114.36149424314,9.923173265354935
Meadows Park,south_florida,miami,Hialeah,636723.7951006219,636368.2478601129,-0.055840105748327776
Pioneer Ridge,dfw,dallas,Grand Prairie,304513.69193074486,299009.0022711139,-1.807698571689467
Hollyford,jacksonville,jacksonville,Jacksonville,200816.43967357557,177900.85879115562,-10.0
Green Hills Park,dfw,dallas,Euless,269907.919563612,265855.7601308158,-1.5013117952773605
Shaver Place,houston,houston,Pasadena,185236.00697983056,176121.97585091458,-4.920226514010513
Dove Crossing,dfw,dallas,Grapevine,391592.2583569724,394168.2574392718,0.6578268664216278
Deer Meadows,houston,houston,Deer Park,268744.67139819026,279288.4766404879,3.923354158964973
Willow Creek,austin,austin,San Marcos,570648.8880340852,582893.0377450781,2.145653828078884
North Hi Mount,dfw,fort_worth,Fort Worth,635967.3068171112,663687.3162213075,4.358716101764629
College Park,dfw,dallas,Richardson,421384.092699832,429328.7005902914,1.8853601804372493
Newport Harbor,dfw,dallas,Wylie,349428.6199408916,330606.06040533254,-5.386667966334029
River Run,south_florida,fort_lauderdale,Fort Lauderdale,489176.1683419038,475952.99578925676,-2.7031514224145186
College Park,houston,houston,Deer Park,241762.94534085,252787.83770299968,4.560207664001693
Wildflower,austin,austin,Pflugerville,274493.42142737523,259907.41809498653,-5.313789764629325
Royal Lakes,south_florida,miami,Boynton Beach,485588.7197461874,473207.8326982763,-2.5496652917272122
Teasley Harbor,dfw,dallas,Denton,370653.7819616357,366067.00115625776,-1.2374838808073143
Ginger Creek Estates,houston,houston,Baytown,193911.0673591013,196234.96579068617,1.198435170944257
Westwood,houston,houston,League City,452457.9823911272,456937.7403248596,0.9900936900390206
Manor Hill,dfw,fort_worth,Fort Worth,342567.8446260739,362413.4225608171,5.7931817729143305
River Grove,tampa,tampa,Tampa,308821.1986948875,332010.5688509563,7.50899557869395
Golden Meadow,dfw,dallas,Garland,294641.39477162814,284207.8355860575,-3.5411043290972457
Palomar,orlando,orlando,Orlando,585643.3198225625,586031.0311047334,0.06620263034645586
Chapel Hill North,austin,austin,Round Rock,279663.5960146356,278142.65364797716,-0.543847103567539
Southmore Plaza,houston,houston,Pasadena,176963.64592378854,181384.8672099733,2.49837827600411
Deer Hollow,san_antonio,san_antonio,San Antonio,461166.3186252602,487899.9043385987,5.796951042095075
Green Spring Valley,san_antonio,san_antonio,San Antonio,317619.4750760175,333214.966599524,4.91011815940253
Easton,houston,houston,Alvin,181668.0763041405,186907.7591228573,2.8842066946009592
Village on the Green,tampa,tampa,Clearwater,202447.0876835805,195866.45287965197,-3.2505455520377167
Boynton Lakes North,south_florida,miami,Boynton Beach,402468.77752588206,399314.1097082688,-0.7838292045922528
Lake Laurence Estates,south_florida,miami,Hialeah,750044.0597308116,774542.0800191563,3.266210827286195
The Woods,austin,austin,Round Rock,402826.3319731178,395645.55573650205,-1.7825985211649291
Greenlea-Otten,tampa,tampa,Clearwater,315888.9033628967,311278.3393393476,-1.4595523851790448
Rolling Green,south_florida,miami,Boynton Beach,304807.70867985353,318449.5537372327,4.475557759501254
Pinewood Park,south_florida,miami,West Palm Beach,304281.4337340021,297114.9424470094,-2.3552180621238845
Crestwood,dfw,fort_worth,Fort Worth,692399.6402642904,708765.9478879106,2.363708279422734
Shadow Bay,orlando,orlando,Kissimmee,207149.65989994167,202914.01849379233,-2.044725252358734
Deer Creek North,dfw,fort_worth,Fort Worth,249036.56235659585,237531.23273173202,-4.619935930688497
Grogans Forest,houston,houston,Conroe,768838.1113323994,825715.4704998818,7.397832954575271
Firewheel Estates,dfw,dallas,Garland,501855.19063086505,521072.8319756009,3.8293200316565468
Hurst Park,dfw,dallas,Hurst,265894.1016044571,264198.00184959354,-0.6378854380856653
Foxcroft,south_florida,miami,Miramar,238620.4064630051,214059.55266278028,-10.0
Cypress Bend,south_florida,fort_lauderdale,Pompano Beach,203063.69243202417,196302.27123345702,-3.3297046446796674
Legends Village,austin,austin,Round Rock,354320.53753856645,347084.33585510345,-2.0422755434195996
Hamptons,south_florida,miami,Jupiter,734160.4649142682,751125.1473079575,2.3107594598778003
Chula Vista,south_florida,fort_lauderdale,Fort Lauderdale,488218.71970055526,469032.1657104676,-3.929909529453429
Park Place,dfw,dallas,Grapevine,455826.4357209285,477947.8679679818,4.853038462340687
Fairways of Blackhawk,austin,austin,Pflugerville,465116.2992067796,454823.8668023313,-2.212872871150987
Fossil Springs,dfw,dallas,Haltom City,340979.2813983921,347605.84736238903,1.943392553594657
West Palm Gardens,south_florida,miami,Hialeah,554544.5912375846,548130.4075035134,-1.1566578838604462
Government District,dfw,dallas,Dallas,263172.2034347026,250267.9890026128,-4.903334874912633
Bel Mar Shores,tampa,tampa,Tampa,785792.9386889754,824137.9804553178,4.879789557579583
West Oaks,houston,houston,Pearland,348661.27863780485,359381.68296930013,3.074733269314893
Bethany Creek Estates,dfw,dallas,Allen,442717.1680841386,446539.657915084,0.8634157666591596
Isla Del Sol,tampa,tampa,Saint Petersburg,367864.3532378379,363881.48226809537,-1.082700983307144
San Antonio Remington Heights,san_antonio,san_antonio,San Antonio,406886.2238959269,420527.7404877874,3.3526612086404097
Delray Shores,south_florida,miami,Delray Beach,411224.5780260302,430015.4015845038,4.5694796864218965
East Lakeside,south_florida,miami,Oakland Park,393048.0753576718,392268.97556783544,-0.19821997325070445
Pinebrook Estates,tampa,tampa,Largo,374188.89229339175,378965.80437217036,1.2766044575778472
Country Place,dfw,dallas,Plano,510189.1939430181,554509.4658371813,8.68702677758268
West Esplanade,south_florida,miami,Hialeah,696336.324153914,699308.8324850634,0.42687825236764837
Stone Creek,dfw,dallas,Rockwall,623125.0695624006,639920.101086618,2.6952906157365857
North Rolling Green,south_florida,miami,Boynton Beach,313543.7241573587,303981.2883515286,-3.0497934001163425
Meadow Wood,dfw,dallas,Bedford,335140.9683637558,338132.8263887441,0.8927162917727851
Eckhert Crossing,san_antonio,san_antonio,San Antonio,271051.3335909958,269570.9707543926,-0.5461558948966443
Duck Creek,dfw,dallas,Garland,254039.53310823423,250792.47604003616,-1.2781699873517944
Timberhills,houston,houston,Humble,198843.19871154797,199004.4702891597,0.08110490007037603
Garden Lakes,south_florida,miami,Palm Beach Gardens,366505.475768629,368175.8206143195,0.4557489467756281
Stone Brooke Crossing,dfw,dallas,McKinney,452379.3042070167,447489.7204527117,-1.0808592941438961
Brookview,dfw,dallas,McKinney,356240.9345406874,347134.7543397317,-2.5561858051760944
Century Gardens,south_florida,miami,Hialeah,833948.5828395964,823104.0814866625,-1.300380092500234
Meadowcreek Village,dfw,dallas,Garland,173132.2215563726,171637.07514309947,-0.8635864542327806
South River,tampa,tampa,New Port Richey,201815.7586377999,193642.9387065651,-4.04964408448531
Tezel Heights,san_antonio,san_antonio,San Antonio,268290.34908504656,269332.8426462169,0.38856916200138464
Kirby Creek Village,dfw,dallas,Grand Prairie,293523.7551275222,289846.66629670264,-1.2527397754304637
Riverglen of Brandon,tampa,tampa,Riverview,474560.953414232,509404.07097279327,7.342179609991555
Windsor Park,south_florida,miami,Jupiter,817589.0940441439,803657.9599613728,-1.7039285607225771
Sierra Vista,dfw,fort_worth,Fort Worth,245675.5773333552,236912.58323271936,-3.5668967162923995
Royal Gardens Estates,south_florida,miami,Miami Lakes,734026.3233208405,764850.5673181057,4.199337682852017
Ridgelake Shores,houston,houston,Montgomery,708268.054531277,732492.3898658605,3.4202213666991916
Quail Creek,dfw,dallas,Carrollton,431444.6430112191,420529.9610304295,-2.529798934253023
Alsbury Estates,dfw,fort_worth,Burleson,295661.7619063536,290410.8041235877,-1.7760016543597108
Hialeah Park,south_florida,miami,Hialeah,532082.0674672175,536139.8119365068,0.7626162799668725
Rolling Hills Lake Estates,south_florida,miami,Davie,687680.8551888536,676114.7630394017,-1.6818982326148246
Auburn Springs,dfw,dallas,Allen,463010.7992268058,449439.55561448,-2.931085761927971
Shiloh,dfw,dallas,McKinney,697012.2128059278,694631.0688815175,-0.34162154990436744
Five Points,tampa,tampa,Saint Petersburg,479467.18361575325,497841.41184595483,3.832218107533039
Fountain View,houston,houston,Cinco Ranch,419274.682798098,439938.1282243875,4.928379001657954
Spring Lake,dfw,dallas,Haltom City,302925.1792605691,301349.817871164,-0.5200496681228355
Silverbrook,san_antonio,san_antonio,San Antonio,266921.42518841184,263108.4748354277,-1.428491680760615
Ridgestone,san_antonio,san_antonio,San Antonio,213489.0316553151,214539.490538087,0.49204349030347266
Creek Haven,dfw,dallas,Lewisville,424460.7036430171,426724.95763257897,0.533442547243706
Parrot Cove,south_florida,miami,Lake Worth Beach,569214.7037640644,550248.7311312156,-3.3319540952529647
Orange Gardens,orlando,orlando,Kissimmee,293920.4199981676,287309.2588345852,-2.249303115320679
Havre Lafitte,houston,houston,Galveston,436518.1808046943,443274.35925142124,1.5477427387496974
Palm Cove,tampa,tampa,Wesley Chapel,384631.3841561786,385421.35117344634,0.20538288080697806
Lake Forest,dfw,dallas,McKinney,429789.4583507821,418274.71755532565,-2.6791584976610676
Oak Hollow,orlando,orlando,Kissimmee,335619.9981773943,334872.66970592196,-0.22267101946568352
Fox Ridge,tampa,tampa,Wesley Chapel,417658.8915664996,439772.20508618484,5.294587034109475
East Seacrest,south_florida,miami,Boynton Beach,308461.502600611,304045.7771006045,-1.4315321240342596
Oakwood Glen,dfw,dallas,Plano,579628.7263533069,577821.9081506152,-0.31171992010458205
Tarrytown,houston,houston,Pasadena,185791.5607030361,187017.29941335702,0.6597386370418027
West Village,orlando,orlando,Kissimmee,607736.7663591052,578823.3581054129,-4.757554562135492
Buena Vida,south_florida,miami,Wellington,573754.7297762147,564376.2274232806,-1.634583885102273
Stonehaven,south_florida,miami,Boynton Beach,421035.3395480157,424047.6571036398,0.7154548021688303
North Park,austin,austin,Pflugerville,340351.9364963365,330555.85636211326,-2.8782207720239192
Wentworth Estates,dfw,dallas,Plano,682266.9706459121,694508.814170729,1.7942893400258522
Timberland Estates,dfw,fort_worth,Fort Worth,321485.6302385752,316522.2042297818,-1.5439029125843167
The Fords,tampa,tampa,Westchase,733375.5843535197,768314.8488589921,4.764170672012733
Doss,dfw,dallas,Hurst,242719.12374205168,246322.95990210254,1.4847763556862565
Rolling Hills,south_florida,miami,Davie,912889.0926177414,899180.9204170335,-1.5016251493814312
Woodstream,houston,houston,Sugar Land,378652.9147242992,393140.30393869133,3.8260339881288163
McCreary Estates,dfw,dallas,Wylie,452639.2394586057,442968.70364229055,-2.136477568290792
Seacrest Estates,south_florida,miami,Boynton Beach,474283.14989422896,497849.62840064877,4.968862695559693
Oak Acres Estates,tampa,tampa,Clearwater,436459.7054116003,446077.51345764747,2.203595870775095
The Hamlet,south_florida,miami,Delray Beach,580645.2311492753,580283.9008166115,-0.0622291053607136
Woodcrest Manor,south_florida,miami,Boynton Beach,473130.4040700171,481859.2184109985,1.8449066612277303
Monica Park Heights,dfw,dallas,Garland,191309.3838532568,186867.3609072042,-2.3219054165475965
Spring Trails,austin,austin,Pflugerville,419521.4401233147,410523.81419836736,-2.1447356593509377
Northside,houston,houston,Texas City,177890.9478204044,177544.38735471564,-0.1948162455341125
Paseos,south_florida,miami,Jupiter,979285.2996288604,919353.4397305036,-6.119959109063561
Legend Pointe,dfw,dallas,Haltom City,278614.3105122522,282124.21225101507,1.2597708036997997
Hialeah Estates,south_florida,miami,Hialeah,647912.1988607045,626671.57626264,-3.278318055349834
Tanglewood,austin,austin,San Marcos,336770.7930853518,346625.7161481902,2.9262998054408866
Cromwell Heights,tampa,tampa,Saint Petersburg,220834.98074327328,212303.48400175277,-3.8632904591499484
Waterleaf,tampa,tampa,Riverview,464628.315156306,475773.4990078146,2.3987310906265447
Woodland Park,dfw,dallas,Allen,524022.808001044,526032.1859217227,0.3834523784076775
Twin Mill Farms,dfw,fort_worth,Fort Worth,345602.3801476696,332476.26714884414,-3.7980389467274187
Greens,dfw,dallas,Garland,500129.3359152277,548848.6819804225,9.741349400358454
Northridge,dfw,dallas,Frisco,572448.7428775878,573346.0624856671,0.15675108369853682
J. J. Pearce,dfw,dallas,Richardson,647009.8251479209,708427.5544616989,9.492549715104639
Miramar Park,south_florida,miami,Miramar,441864.7813624464,445017.5984670084,0.7135253221224401
Walsh Ranch,austin,austin,Round Rock,847479.9904877804,845248.5045842204,-0.2633083882341223
Spring Creek,dfw,dallas,Waxahachie,567656.0679392923,591384.0051402346,4.179984772659892
The Preserve,dfw,dallas,Rockwall,612954.6172410252,619876.5330818164,1.1292705277182638
Lakes of Rosehill,houston,houston,Cypress,775940.8760569437,844581.8157461227,8.846155913062342
The Crossing of Fossil Creek,dfw,fort_worth,Fort Worth,314879.55371776345,319853.98890825175,1.579789837655524
Allendale Terrace,tampa,tampa,Saint Petersburg,535339.2143688066,535532.7154605609,0.0361455104652561
Oakland Grove,south_florida,miami,Oakland Park,397943.814656348,379593.75402652373,-4.6112189595586095
Paloma,south_florida,miami,Palm Beach Gardens,792603.6658581289,770650.3253862878,-2.769775288393717
Bridgewater,houston,houston,Sugar Land,565849.5000673672,585758.5977160797,3.5184439760646917
Cedar Hill Estates,dfw,dallas,Euless,275070.62686336186,266675.5171386148,-3.051983347141332
Villages of Greenway Park,dfw,dallas,Carrollton,532739.8972684668,542914.7440119082,1.9099089059428844
Cinco Ranch West,houston,houston,Cinco Ranch,517225.5784049569,545233.2179002144,5.414975721353275
Wellington Lakes,south_florida,miami,Wellington,482205.45602555946,514763.637596311,6.751931394369329
Windsor Park,dfw,dallas,Plano,588150.8766091899,601412.0560951928,2.25472408754303
Crest Ridge Gardens,tampa,tampa,Holiday,195634.5387983045,196330.92276797272,0.35596166911312643
Greengate Acres,houston,houston,Spring,290098.73906636616,291733.8102145912,0.5636257342886938
Carlton Lakes,tampa,tampa,Riverview,381478.79516112147,386851.753218769,1.4084552341574292
Andover Farms,houston,houston,Fresno,256876.722259346,254356.56508803752,-0.9810765059373842
Cypress Mill Park,houston,houston,Cypress,305194.98749876744,316936.6448592756,3.8472641561832943
Windy Hill Estates,dfw,dallas,Azle,517348.4990334624,536931.4774795509,3.7852585795985583
Biltmore,dfw,dallas,Plano,444357.83700746245,450137.17787641904,1.3006051401900955
Inlet City,south_florida,miami,Riviera Beach,277779.1704358342,279125.028466019,0.484506461759954
Castle Forest,austin,austin,San Marcos,294272.104419731,288833.34073913307,-1.8482090551268953
Mackenzie Meadows,dfw,dallas,Richardson,552781.2204431118,565833.9061552421,2.3612751716976175
Downtown,dfw,fort_worth,Mansfield,236022.06738491368,237260.62063429476,0.5247616305983779
Frisco Heights,dfw,fort_worth,Fort Worth,491765.8690461282,538528.996284527,9.50922586984425
Silver Isles,south_florida,miami,Miramar,735541.3433204632,753366.8442893166,2.423453301534824
Daniel Crossing,dfw,dallas,Murphy,553180.033969223,561172.8575157606,1.4448864846380627
Meadowland Cove,south_florida,miami,Wellington,550452.7769774195,551177.8758727864,0.13172772046831377
Shadow Run,tampa,tampa,Riverview,564725.5892335614,575136.0603626459,1.843456596895748
Holiday Gardens Estates,tampa,tampa,New Port Richey,226774.37351733123,231836.48588862654,2.2322241674756254
Chelsea Harbour,houston,houston,Sugar Land,534958.0308133222,571424.6188604805,6.81671943343227
Gardens of El Jardin,south_florida,miami,Hialeah Gardens,517368.7193319493,521329.67131546,0.7655955676302305
Royal Palm Acres,south_florida,miami,Oakland Park,541948.7679232536,513281.4315673241,-5.289676451481321
Orange Blossom Ridge,tampa,tampa,Largo,354198.1390398307,361825.9460217319,2.153542365462118
Pelican Bay At Old Cutler Lakes,south_florida,miami,Cutler Bay,618311.667902053,608013.5150774366,-1.6655278169920844
Castle Estates,south_florida,miami,Hialeah,563771.0507963641,564373.1355640086,0.10679597095204546
Weston Reserve,orlando,orlando,Kissimmee,430363.6616624461,425746.9044584504,-1.0727572086736379
Beacon Hill,dfw,dallas,Grand Prairie,352659.1184803048,374732.34800878866,6.25908373604598
Briarwood Estates,dfw,dallas,North Richland Hills,347195.5111662888,356765.537891998,2.756379739346819
Woodglen,san_antonio,san_antonio,San Antonio,246065.5502695064,254821.61603127592,3.558428131113567
St. Johns Bluff,jacksonville,jacksonville,Jacksonville,382786.842815869,380465.2465267833,-0.6064984553825168
Warner Ranch,austin,austin,Round Rock,402891.0670918518,400011.9346581513,-0.7146180863434488
Windcrest,dfw,dallas,North Richland Hills,324690.3001580665,319848.46140806546,-1.4912175533558987
Renee Terrace,orlando,orlando,Kissimmee,383480.2997344024,379270.1393966531,-1.0978817792374822
Historic Downtown,dfw,dallas,Grapevine,589617.9122054534,644241.3364735045,9.264207063135752
Sunset Lake Estates,tampa,tampa,Clearwater,400449.23014356033,401764.7625204417,0.3285141480755955
Blossom Park,san_antonio,san_antonio,San Antonio,261673.2764097971,283864.8292205527,8.480633985719733
Sky Lake Villas,south_florida,miami,Ives Estates,581443.8023286047,577047.1862870757,-0.7561549411862561
Bonita Bayou,tampa,tampa,Saint Petersburg,366775.5981264833,355411.6374218198,-3.098341537090112
Clear Lake,orlando,orlando,Orlando,293249.01670844195,295602.04469822836,0.8023992769687167
Dove Landing,dfw,dallas,Grapevine,407025.3537774575,421397.2442225532,3.530957055061882
Stardust Ranch,dfw,dallas,Little Elm,379654.85009469494,372728.5767368623,-1.8243605622593924
Greenridge,dfw,fort_worth,Fort Worth,222569.00863987577,219944.906304453,-1.1790061659791333
Kelliwood,houston,houston,Cinco Ranch,458599.5211484271,489512.5919981397,6.740755152185927
French Creek Village,san_antonio,san_antonio,San Antonio,311331.56293272675,335062.61172229075,7.622435889897824
Biltmore Villas,south_florida,miami,Hialeah Gardens,492084.21734524175,520054.71363801026,5.684087257190911
Mistletoe Heights,dfw,fort_worth,Fort Worth,500821.5886804049,562793.0242603109,12.373954514060015
Shywood,houston,houston,Lake Jackson,266936.5380126917,283950.747019223,6.373877901167028
Sabal Lakes,south_florida,miami,Delray Beach,625657.4347234218,608040.3170849908,-2.8157769189171145
Riverchase,dfw,dallas,Wylie,410995.3652269207,407675.32230816945,-0.8078054400730703
Del Oro Groves,tampa,tampa,Clearwater,594752.4757399512,608944.5954084289,2.386222882186542
Knollcreek,san_antonio,san_antonio,San Antonio,280021.0697582004,284365.70755105844,1.5515396025769344
Spring Green,houston,houston,Katy,858502.1394579671,900647.7138154608,4.909198523850288
Horseshoe Bend,dfw,dallas,Grand Prairie,359843.1633613683,363731.6465462353,1.0806049915034932
Windsor Lakes,houston,houston,Conroe,359559.4970213108,363809.9033084877,1.1821148717773864
West Creek Estates,dfw,dallas,Plano,492305.8641638974,489648.02463014313,-0.5398756600773362
Highland Station,dfw,dallas,Saginaw,299983.1392615068,296991.93643630575,-0.9971236492039938
Stone Forest,houston,houston,Spring,323352.24154316017,320741.1065004496,-0.8075203160025264
Lexington Park,dfw,dallas,Denton,397073.09442587144,398463.2229187206,0.35009385233194135
Trails of Glenwood,dfw,dallas,Plano,684957.8827961822,687508.479358356,0.3723727584186022
Plantation Village,houston,houston,Lake Jackson,274347.12270017195,283982.097431968,3.5119649285791588
Wynn Ridge Estates,dfw,dallas,McKinney,786444.4555484733,824310.1165462055,4.814791525400779
Cypress Forest,houston,houston,Spring,379333.3030881142,382958.35847874155,0.9556385798758362
Wood Valley,tampa,tampa,Clearwater,292838.96630385355,279579.56029081,-4.527883082091407
Skylark Terrace,houston,houston,Pasadena,210482.717590578,213658.34904108458,1.5087373855955715
Holland Meadows,dfw,fort_worth,Mansfield,348297.34938361164,360435.2764923463,3.4849323803972063
Lake Copeland,orlando,orlando,Orlando,475853.9970135651,493867.25689445407,3.785459404342352
Sterling Hill,tampa,tampa,Spring Hill,347400.56770720513,335928.52237582736,-3.3022529027778087
Southbrook Park,dfw,fort_worth,Fort Worth,244251.88389435748,237844.6103576554,-2.623223794447102
Marine Creek Hills,dfw,fort_worth,Fort Worth,251619.77202944984,248827.11386120517,-1.10987230682246
Ridglea,dfw,fort_worth,Fort Worth,253376.67962953352,286450.25717213086,13.053126116797644
Isle of Palms,tampa,tampa,Treasure Island,909901.8094181464,896421.2225507927,-1.4815430333053252
Lost Bayou,houston,houston,Galveston,309817.6929583927,308633.9457310911,-0.38207863986019
Highland Hills,dfw,fort_worth,Fort Worth,196566.92383742417,188385.90679672788,-4.161949976620996
Creek Trails,dfw,dallas,Plano,363877.5163131061,349770.00688731455,-3.876993986529373
Imperial Park,tampa,tampa,Clearwater,453860.11314253137,470835.9621293761,3.7403262580850694
Brackridge,jacksonville,jacksonville,Jacksonville,227029.61274787816,246977.6549395715,8.786537557920312
Cypress,houston,houston,Sugar Land,746415.9877543692,768373.4173979696,2.941714808341731
Carriage Gate,dfw,fort_worth,Keller,448033.8369030413,465646.8108179642,3.9311704751296555
Magnolia Estates,houston,houston,League City,350758.338262908,354831.34055640997,1.1611989934930915
West Creek Estates,dfw,dallas,Garland,298636.7002876249,279092.9277007603,-6.544330475136334
Lakefield,houston,houston,Sugar Land,299287.46555618366,305436.6816510929,2.054618653501503
Garza Lake Estate,dfw,dallas,The Colony,309123.67264863435,299627.6757078281,-3.0719086828396693
Spring Hills,houston,houston,Spring,398938.4075022447,420733.51939600316,5.463277409216568
Normandy Forest,houston,houston,Spring,342881.0677350697,343853.25003104704,0.2835333844470172
Pointe North,dfw,dallas,Wylie,324862.5303305552,317618.76223024784,-2.2297948898374575
Shadow Glen,dfw,dallas,Grapevine,535977.2188137551,555012.8662281561,3.5515777063307783
Freeman Park,austin,austin,Round Rock,679319.0908406511,674662.339832313,-0.6855027440161259
Dover Heights,dfw,fort_worth,Mansfield,396777.8113865852,400318.5139014675,0.8923640418573126
Champions Ridge,san_antonio,san_antonio,San Antonio,992156.8701910784,993861.3892127872,0.17179934674851163
Waterbrook,houston,houston,Missouri City,685113.3578915364,650749.1807708261,-5.015838141948873
West Byers,dfw,fort_worth,Fort Worth,518198.3067502524,537570.6223949369,3.738398098244084
Spring Lakes,houston,houston,Spring,370776.9538965288,373903.35071517236,0.8432014950735107
Twin Lakes,dfw,dallas,Wylie,346656.20268174,335098.29415499646,-3.334112713787117
Jacksonville North Estate,jacksonville,jacksonville,Jacksonville,250427.49602786743,242714.6323969992,-3.0798789083487663
Atascocita Shores,houston,houston,Atascocita,386250.2215675705,388698.3798551044,0.633827024771187
Amber Meadows,dfw,dallas,Saginaw,271822.8392454804,257692.07134740578,-5.198521190234971
Valley Ranch,houston,houston,Porter,281886.4592530289,289530.95386880304,2.7119055793000086
Historic Park Street,tampa,tampa,Saint Petersburg,438972.8440225262,447108.6891764764,1.8533823366833864
South Lake Worth,dfw,fort_worth,Fort Worth,411801.1450519095,424935.15986828716,3.189407065568518
Glen Cove,houston,houston,League City,363571.7577777158,374326.42683426494,2.958059537485979
Summer Lake Ranch,houston,houston,Atascocita,733754.1765612286,772150.862190499,5.2329086301379775
Holleman Manor,south_florida,miami,Hialeah,547582.2231878262,553286.7384722711,1.0417641484479303
Deer Park,south_florida,miami,Hialeah,597715.1919651157,610317.4477778478,2.108404802511284
Maxwell Creek,dfw,dallas,Allen,433018.54194023233,429403.5365565989,-0.8348384730676013
Flamingo Village,south_florida,miami,West Little River,396514.5590659512,408465.1763013904,3.013916377645915
East Linden Estates,tampa,tampa,Spring Hill,435657.26874186035,447725.1044881784,2.7700297027452074
Sawgrass Estates,south_florida,miami,Sunrise,533041.5726242667,514679.76294919313,-3.4447237547861156
Creek Hollow Estates,dfw,dallas,Richardson,571409.3138091479,574769.3970617215,0.588034386449622
Timbercreek Estates,dfw,dallas,Carrollton,466479.3926192187,462719.08326821314,-0.8061040660106988
Clubhouse Estates,tampa,tampa,Clearwater,599899.0618502338,597501.0354751197,-0.3997383105947873
Old Town Meadows,austin,austin,Round Rock,276067.54822388786,265753.2862668277,-3.7361370517535004
Spring Lake,orlando,orlando,Orlando,728924.0047559607,737074.0323318291,1.1180901606604374
Park Place,houston,houston,Deer Park,426514.7613269987,469314.2584714131,10.03470478049904
Stone Manor,dfw,fort_worth,Fort Worth,284317.0526805617,288303.11124518,1.4019766057074101
Town Park,dfw,dallas,Grapevine,455099.3532759019,472156.9327279686,3.748100130066676
San Joaquin Estates,houston,houston,Friendswood,854373.0835445387,895948.2978279046,4.866166208195924
Pinewood Grove,south_florida,miami,Wellington,729463.3916839742,757165.6224768019,3.797617688377311
Quail Meadow,dfw,dallas,Wylie,367240.2975147168,339883.4876540066,-7.449294112287317
Kimberlea,dfw,dallas,Plano,534924.40845547,544838.6768210258,1.8533961451080634
Vicksburg Village,houston,houston,Missouri City,313545.24441977945,317998.3811235822,1.4202533073156123
Heather Ridge Estates,dfw,dallas,Saginaw,292560.5172245205,288065.47200454935,-1.5364497105128896
Mill Creek Haven,dfw,dallas,Hurst,440081.4805156681,484108.6664550558,10.00432599158651
Primera,orlando,orlando,Lake Mary,479428.14501352864,481780.98264268466,0.49075917916534073
Ulelah,south_florida,miami,Hialeah,708300.5796833258,714241.6240844849,0.8387744654699035
Fox Creek,dfw,dallas,Lewisville,443200.263577379,447032.6158348631,0.8646999048580233
Deer Trail,houston,houston,Conroe,448138.1499378907,448285.02807629487,0.032775191852003976
Orchard Park,tampa,tampa,Spring Hill,381529.20908083225,392235.5560504981,2.806167054800136
Sunrise Harbour,south_florida,miami,Coral Gables,626302.526771183,590769.8649015537,-5.67340228576325
Bursey Ranch,dfw,fort_worth,Keller,299622.7144397236,304497.4930599388,1.626972317279327
Westhaven Park,south_florida,miami,Hialeah,591010.1527804155,605324.7303609126,2.422052736852997
Glen Oaks Park,tampa,tampa,Clearwater,301765.59930067434,294782.4304232923,-2.3141036929209906
Richland Hills West,dfw,dallas,North Richland Hills,251399.69399746947,249240.19917141795,-0.8589886454170704
Kingsdale,houston,houston,Pasadena,268484.0617058222,288758.70558758243,7.551526058174418
Magnolia Gardens,south_florida,miami,Opa-locka,328945.073389806,304056.16939255665,-7.566279604302073
Emerald Forest,south_florida,miami,Wellington,531164.1633443487,528884.6716930408,-0.4291501213025426
Coco Wood Lakes,south_florida,miami,Delray Beach,386766.57088751794,376513.9599533501,-2.6508524019128843
Holder Estates,dfw,dallas,Hurst,225690.94293573452,232888.76424311093,3.1892379967706477
Lejenue Gardens,south_florida,miami,Miami Gardens,354331.0548195134,318544.56696776795,-10.0
Springtree West,south_florida,miami,Sunrise,497958.38987719634,491651.68860477133,-1.2665117007026092
Mont Del Estates,dfw,dallas,Benbrook,608244.8470359232,768838.6399465215,15.0
The Aviary,dfw,dallas,Murphy,682185.9849307109,683154.1228746063,0.14191700874560628
Wood Glen,austin,austin,Round Rock,633974.2710238164,632860.6725654561,-0.17565357290634656
Gulf Trace,tampa,tampa,Holiday,424827.79979247233,422552.24917374254,-0.5356407042668557
The Orchards,dfw,dallas,Allen,443063.7435875886,436768.83392192883,-1.4207684011082566
Bellvue,dfw,dallas,Hurst,229190.81459718657,229947.86646250318,0.33031509864265757
Cresent Shores,houston,houston,La Porte,231134.21332601455,243968.76661266165,5.552857407805733
Wiltshire Village,south_florida,miami,Wellington,702062.5536992489,742532.7589657487,5.764472845511782
Sturbridge Village,south_florida,miami,Wellington,330000.13269528496,306725.4432253895,-7.052933366965276
San Jose Forest,jacksonville,jacksonville,Jacksonville,497547.5004298129,492441.1081486424,-1.0263125182538844
Grand Lake Estates,houston,houston,Montgomery,757307.5049692817,794043.9013605943,4.8509220033152465
Ballentrae Hillsborough,tampa,tampa,Riverview,378531.46607615845,376576.94137693313,-0.5163440491449351
Windy Hill Farms,dfw,dallas,Murphy,603018.6699426444,612472.952210854,1.567825797020323
Bel Meade Homes Association,san_antonio,san_antonio,San Antonio,536614.2975795834,545187.5263952096,1.5976519549136263
Tildenville,orlando,orlando,Winter Garden,303944.4097111669,299129.68289126613,-1.5840813866180816
The Trails,dfw,fort_worth,Mansfield,417163.8175409573,419325.9643487959,0.5182968217578697
Briarcreek,houston,houston,Baytown,238744.48659345089,242077.3633284735,1.3960015506862966
Bozman Farms,dfw,dallas,Wylie,439755.5449048242,442959.8954223506,0.7286663135128763
Wolf Creek Estates,dfw,dallas,Plano,723533.7722287051,749223.946874547,3.5506531459766344
Willow Creek Estates,dfw,dallas,Saginaw,338843.71753257076,345720.8479006697,2.029587686670878
Hills of Lake Mary,orlando,orlando,Lake Mary,448313.0111191307,445783.00341155345,-0.5643395674066116
Summerfield,dfw,dallas,Allen,592317.7289374727,602943.7744690834,1.7939772882827978
Sunset Springs,south_florida,miami,Weston,920072.9656033764,912571.4131969103,-0.8153214676345416
University West,dfw,fort_worth,Fort Worth,817350.5044807458,846960.3408942147,3.6226608108940668
Lakeside,tampa,tampa,Riverview,320222.78759144386,319002.8728823214,-0.3809581192825265
Robinson Ridge,dfw,dallas,McKinney,483836.34544991585,475217.15339228424,-1.7814271578991643
Bedford Estates,dfw,dallas,Bedford,622976.5553263862,639615.2526004572,2.67083843393652
Southlake,dfw,dallas,Forney,223984.740678102,219831.5396626697,-1.8542339102470595
Bethany Lakes Estates,dfw,dallas,Allen,423688.86767353694,414714.4879699448,-2.1181532932102307
Oak Creek,austin,austin,Round Rock,493240.9911325018,516562.0924008663,4.728135270107683
Thirty-First St,tampa,tampa,Saint Petersburg,189805.50957199055,206153.31179977875,8.612922914962965
University,dfw,dallas,Waxahachie,244945.53344499084,235750.2812687197,-3.753998714304453
The Highlands,houston,houston,La Marque,289389.47024443623,285942.47968031385,-1.1911250817836763
Arbor Lakes,dfw,dallas,Allen,483447.5278093687,481622.34807068727,-0.3775341963070525
Mustang Park,dfw,dallas,Carrollton,661802.7192435748,658631.5673375654,-0.47916876340942927
Park Place,san_antonio,san_antonio,San Antonio,256786.28107079628,254396.57252290496,-0.9306215806881349
Old Pasadena,tampa,tampa,Saint Petersburg,687237.2767082184,704331.5339196626,2.4873879503922693
Central Park,south_florida,miami,West Palm Beach,666081.680489949,667211.0264480261,0.16955067090967046
Paradise Palms,south_florida,miami,Boca Raton,729444.1671037102,714857.491410293,-1.9996973519349988
Chase Oaks,dfw,fort_worth,Keller,502245.1128573552,541652.9610258357,7.846337805913682
Irish Meadows,dfw,dallas,North Richland Hills,295625.59627821256,290023.04043320304,-1.895152488669134
Bristol Pointe Estates,dfw,dallas,Plano,514658.5176492827,518601.3469750565,0.766105911116131
Moss Landing,tampa,tampa,Riverview,356499.7254021135,359878.171381021,0.9476714112743694
Willow Ridge Estates,dfw,dallas,Rockwall,281280.6677426542,282346.6240898273,0.3789653785052627
Hunter's Hill,austin,austin,San Marcos,369829.3187925689,340177.3399353896,-8.017746930932386
Tahitian Homes,tampa,tampa,Holiday,209393.41578465837,217718.79948228074,3.9759529526870367
Canterbury,south_florida,miami,Jupiter,742038.2219582377,762728.247144246,2.788269468304121
Brookwood Hills,dfw,dallas,Bedford,568367.2753234139,589461.4576337145,3.71136468022329
Rustic Woods,dfw,dallas,Bedford,444106.0998158376,486633.9861769628,9.576064453688145
Meadows West,dfw,fort_worth,Fort Worth,678824.9090916031,705183.5171061739,3.8829759576506433
Far East,dfw,fort_worth,Fort Worth,425024.3939959314,418530.1678834031,-1.527965501337898
Old Orchard,houston,houston,Richmond,480606.2921763465,488048.45984981215,1.5484956802718892
Imperial Woods,houston,houston,Sugar Land,284314.3096919546,283464.7127249802,-0.2988231467824782
Starcreek,dfw,dallas,Allen,770814.1889614331,798043.5009980637,3.532539025172637
Waterstone,dfw,dallas,Frisco,718563.7832059794,782905.2141557079,8.954171147154062
Seminola,south_florida,miami,Hialeah,501212.8184307416,509826.90198205627,1.718647894577933
Bermuda Estates,orlando,orlando,Kissimmee,359286.28744237236,355910.2735022847,-0.9396445280782197
Oakridge Forest,houston,houston,Spring,303516.4845488674,306683.29401447217,1.0433731368204837
Rivergrove,houston,houston,Atascocita,340879.18177076435,344225.13570001663,0.9815659354352656
Frost farms,dfw,dallas,Desoto,694589.0796550915,723595.4126339589,4.176042185009714
Skyline Acres,dfw,dallas,Murphy,542063.0991900399,562165.2548923647,3.708453080898111
Broadwater,tampa,tampa,Saint Petersburg,994843.4994456968,929747.7362442893,-6.543316937556241
Autumn Lake,houston,houston,Pearland,368967.297085356,377741.2340769212,2.37797145190768
Culbreath Heights,tampa,tampa,Tampa,636857.4703831869,612328.7434159301,-3.8515253581776037
West Oak Historic District,dfw,dallas,Denton,319288.6548535628,398398.5972495239,15.0
Pecan Acres,dfw,dallas,Flower Mound,548531.4605100126,554128.4677863385,1.0203621267451053
Willis Coves,dfw,fort_worth,Keller,630402.2555415797,715691.782302453,13.52938159899204
Sugarberry Place,houston,houston,Tomball,210575.1849843062,215524.60144451598,2.350427217043005
Waterford,south_florida,miami,Davie,669501.360802153,656165.3305799627,-1.9919347447198537
Haltom Acres,dfw,dallas,Haltom City,206100.811477699,198985.9285089693,-3.4521372903471423
Wilshire Village,dfw,dallas,Euless,316956.02206829534,317542.87442678714,0.18515261349580847
Perkins,tampa,tampa,Saint Petersburg,207154.8336798325,211361.12480528693,2.0305059026310075
West Hollow,dfw,dallas,Cleburne,255534.7694826719,249468.2951033705,-2.3740308966889008
Lakeside Shores,south_florida,miami,Wellington,612327.8216580172,612880.8302144532,0.09031249877533502
Frankford Estates,dfw,dallas,Carrollton,410973.18658958,405876.5963641993,-1.2401271887526817
North Hill Estate,houston,houston,Spring,306844.79471255024,320836.5916397148,4.559893851310708
Downtown,tampa,tampa,Dunedin,598853.4266155809,626871.885547871,4.678683912795884
Summer Creek South,dfw,fort_worth,Fort Worth,389782.0413422884,387845.4566003965,-0.49683785718369394
Central Chapel Creek,dfw,fort_worth,Fort Worth,275029.7636507139,267346.96046619903,-2.793444274006641
Alsbury,dfw,fort_worth,Burleson,260221.2536635163,258663.65431371744,-0.5985673068092082
White Oak Estates,houston,houston,Conroe,609085.8499136552,693163.8440051415,13.80396443348755
Twin Lakes South,south_florida,miami,Oakland Park,407344.46192997415,389184.18679080176,-4.45821088450057
Cottonwood Creek,dfw,dallas,Richardson,633654.2314318259,699373.668903485,10.371498241739403
Old Shepard Place,dfw,dallas,Plano,779586.375009091,820783.4113744157,5.284473624214423
Altemesa East,dfw,fort_worth,Fort Worth,206282.4116628556,215129.9821507654,4.28905713123527
Willow Grove,dfw,dallas,Lewisville,355975.4054706632,348065.4225262537,-2.2220588340790353
Pine Gardens North,south_florida,miami,Jupiter,463488.9398907336,446601.808073738,-3.6434810765876575
Eastern Meadows,dfw,dallas,Garland,269126.7669089556,252898.53612098043,-6.029957916993482
The Oakmont,dfw,dallas,Bedford,258365.84921660824,247774.8937769024,-4.099208727399035
West Riverside Heights,tampa,tampa,Tampa,418086.7718203226,421033.2543354901,0.7047538247476021
Glen Hollow,dfw,dallas,Allen,353681.47196856403,363139.34572176536,2.6741219155641742
Brook Hollow,dfw,dallas,Bedford,380156.74717605463,392032.842322924,3.1239995699377716
Hurst Hills,dfw,dallas,Hurst,321896.3773253728,340164.0653981537,5.675021329710669
Country Club Estates,tampa,tampa,Clearwater,365672.52505412296,366231.41558834113,0.1528390830389696
The Thicket,houston,houston,Spring,442141.2493471007,455311.41769398295,2.978724189686066
Martinique,south_florida,miami,Jupiter,773528.6473806401,773359.8568721603,-0.02182084775416887
Castle Hill Estate,dfw,dallas,Azle,190434.64786794665,199046.17331956065,4.522037112482545
Point Aquarius,houston,houston,Willis,351108.3296259429,356220.6403734557,1.4560494058797315
The Dominion,dfw,dallas,Saginaw,343802.74229930557,345807.04724835133,0.5829810825944106
Summit-Stone Oak,san_antonio,san_antonio,San Antonio,355295.45271919057,356334.88228267536,0.29255357914932645
Northwood Pines,south_florida,miami,West Palm Beach,340722.2800051558,338042.04660749016,-0.7866328546595343
Shady Oaks,dfw,dallas,North Richland Hills,556342.3805692636,580325.9442425052,4.310935947159203
Lancaster Park,orlando,orlando,Orlando,837928.5959139676,849094.5103732926,1.332561570732151
Glenwick Estates,dfw,dallas,Flower Mound,598420.5982379266,617521.3000737806,3.191852334645024
Northridge Estates,dfw,dallas,Plano,688972.081275083,684165.465581055,-0.6976502857898619
Whisperwood,dfw,dallas,Bedford,342046.9432678511,350322.1251964582,2.419311761580912
Lakeridge,dfw,dallas,Grand Prairie,673091.5724039496,678171.1345524776,0.7546613799347358
Queens Oaks,houston,houston,Pasadena,208889.88784955908,208282.7190131734,-0.29066454227930816
Whispering Oaks,dfw,dallas,Lewisville,376262.9707640281,374811.2269626094,-0.38583222751652263
Pickwick,south_florida,miami,North Miami Beach,854213.2579770054,877128.8078922704,2.682649760030042
Rustic Timbers,dfw,dallas,Flower Mound,588642.3125762235,617951.6198223758,4.9791370107049575
Clear View,dfw,dallas,North Richland Hills,262072.3725627372,285784.54958674236,9.047949920142278
Sunmeadow,houston,houston,Friendswood,309123.4467876628,309312.9643736847,0.06130805928548563
Pecan Creek,dfw,dallas,Denton,367755.81666558585,362610.816217205,-1.3990262601500527
Lake Parks West,dfw,dallas,Grand Prairie,473879.69036557525,479272.4910251775,1.1380105054601497
Bella Serra,houston,houston,Spring,266622.0413080287,272164.82192838425,2.0788906247822125
Water Oak Estates,dfw,dallas,Lewisville,451536.32203387766,447854.4808138361,-0.8154031116383419
Greenwood,houston,houston,Rosenberg,205790.79699332724,212704.90648311505,3.359775845570002
Eastview Manor,south_florida,miami,Jupiter,441282.07573086926,466153.4233254665,5.636156318700307
Sunrise Lakes,houston,houston,Pearland,383147.9115502701,390715.2520976774,1.975044185100412
Magnolia Park,tampa,tampa,Clearwater,292453.2356596379,290077.9218936133,-0.8122029358529752
Siena Oaks,south_florida,miami,Palm Beach Gardens,635062.7167386222,620687.0205955204,-2.2636655820276257
Walnut Hills,dfw,fort_worth,Mansfield,371901.8622383222,374466.3097410409,0.6895495191350681
Creekmont,houston,houston,Missouri City,326607.0424697214,325404.06215690786,-0.36832650751095275
Southmeadow,houston,houston,Stafford,289303.2106419417,293009.3389076015,1.2810532788198843
Chaparral Village,houston,houston,Baytown,215535.4931175405,215851.16289880517,0.14645837523035082
Hillery Heights,dfw,fort_worth,Burleson,223918.73691411453,223847.91831229278,-0.03162692090788092
Snow Heights,dfw,dallas,North Richland Hills,294881.0558979543,296813.4861928659,0.6553253443246903
Grandview Heights,south_florida,miami,West Palm Beach,883933.3375077593,830966.2553355485,-5.992203249348069
Mount Vernon,houston,houston,Pasadena,271273.1240576794,276759.40535031183,2.02241977036617
Heatherwood,dfw,dallas,Plano,378101.58387989784,372030.1971431497,-1.6057554359985717
Echo Lake,south_florida,miami,West Palm Beach,459547.7557169581,493647.16402827285,7.420209953612976
Bel Air,orlando,orlando,Orlando,710575.9249367932,734135.8564087185,3.3156107102870167
Oak Knoll Estates,south_florida,miami,Davie,744809.1231963219,759121.8735970303,1.9216669016198067
Lone Pine,south_florida,miami,Riviera Beach,419605.7274934889,452497.7456722068,7.838791518694954
The Trails of Fossil Creek,dfw,fort_worth,Fort Worth,365953.8173116101,364829.8263307591,-0.30714011650653683
Stonebridge,houston,houston,Manvel,367986.2191859859,378907.569341666,2.9678693348460077
Bunker Hills,dfw,dallas,Watauga,260525.90521657033,262019.01296087183,0.5731129666588441
Summer Creek,dfw,fort_worth,Fort Worth,399994.55828916543,403579.7526707514,0.8963107890568262
Creekview Village,dfw,dallas,Lewisville,338263.6922312212,330281.6941322492,-2.35969697082235
Kingswood Estates,dfw,dallas,North Richland Hills,370384.76565618586,372602.6394279876,0.5988026445613948
Lake of Emerald Hills,south_florida,fort_lauderdale,Hollywood,741916.637435142,717230.3147759592,-3.3273714880589638
Nottingham,dfw,dallas,Grand Prairie,379146.5143730957,381944.85873385775,0.7380641136551126
Rivers Edge,south_florida,miami,Oakland Park,231513.68274097927,192904.785357744,-10.0
Quail Meadows,dfw,dallas,Watauga,284517.3662939447,285482.0258512929,0.3390512044707852
Trails,dfw,dallas,Garland,277375.9260626395,286074.00920013455,3.1358464524894485
Fossil Ridge,dfw,dallas,Haltom City,422280.9130975323,436908.33147485,3.463907063670504
Vista Verde,south_florida,miami,Miami Gardens,343448.721654097,337258.0898506195,-1.8024908561786412
Greyknoll Estates,south_florida,miami,Ojus,985151.7532217,928473.5919223471,-5.753241682207913
Brandonwood Estates,dfw,dallas,North Richland Hills,599094.3950767881,630752.8934193555,5.28439234329835
Southern Oaks,orlando,orlando,Orlando,722806.1426209916,760038.7090340876,5.1511137243640155
Park Groves,dfw,dallas,Garland,197304.9712533864,189155.93270474314,-4.1301739621035525
Historic District,dfw,dallas,Ennis,211136.5892637321,207686.20079694633,-1.6341973121844247
Parkwood,dfw,dallas,Grapevine,477912.64219392743,506748.1064729426,6.03362659473535
Poinciana Heights,south_florida,miami,Boynton Beach,338328.63743324176,339039.23024055175,0.21003034584981167
Playland Village,south_florida,miami,Davie,344507.3639939699,334295.14986562834,-2.964294873104754
Tuscany,south_florida,miami,Jupiter,819675.0803498862,786267.1443219763,-4.075753530734319
Bedford Place,dfw,dallas,Bedford,481264.79191960976,512277.7597540631,6.444054989095011
Dupree Lakes,tampa,tampa,Land O Lakes,378675.3993045006,383504.35566175863,1.275223150520787
Oak View Hills,dfw,dallas,Bedford,356488.3212623049,352353.9436820442,-1.1597511990353813
Heritage,houston,houston,Deer Park,260436.558799426,269638.01292468654,3.533088506344066
Emerald Forest,san_antonio,san_antonio,San Antonio,583138.8861901545,619424.9077047941,6.222535038215095
Channel Wood,houston,houston,Channelview,176065.55317653084,176343.3333724817,0.15777089324925264
Pasadena Oaks,houston,houston,Pasadena,189423.05606284097,193042.22899283085,1.9106295744638468
Park Palisades,dfw,fort_worth,Fort Worth,306424.76626838226,299397.34096943465,-2.293360743822069
Trinity Falls,dfw,dallas,McKinney,514031.8614048837,514363.6556601941,0.06454741042775455
Palm Ave Highlands,south_florida,miami,Hialeah,585115.2526898269,600612.4670710999,2.648574671405496
The Shores of Wellington,dfw,dallas,Garland,394721.04377760674,395963.8632469775,0.31486020037760915
Palmetto Park Estates,south_florida,miami,Opa-locka,540421.592627769,542984.8297480548,0.47430323940652885
Woodcreek Reserve,houston,houston,Katy,600739.3265849982,606111.836140806,0.8943162729746228
Parkside,dfw,dallas,Watauga,313775.4234395678,314691.2457279187,0.29187189943424147
Westland,dfw,fort_worth,Fort Worth,269063.9347922381,271446.7521743961,0.8855952337119957
Texana Plantation,houston,houston,Richmond,897916.3944918829,925155.4058158692,3.0335799068910507
Bayfront,houston,houston,La Porte,200626.51955630412,199923.70296173106,-0.350310914094195
Meadow Wood of the Landings,south_florida,miami,Wellington,935774.6271825228,921314.2643804774,-1.5452826334459833
Mountain Valley,dfw,dallas,Joshua,337364.8795321011,334984.3713949316,-0.7056182435086625
North Brook,dfw,dallas,McKinney,316353.0800092609,307604.16899996094,-2.765552656874357
Royal Acres,dfw,dallas,Denton,311549.8088652282,304545.934840441,-2.2480752115681737
Pflugerville West,austin,austin,Pflugerville,353974.31777533406,352804.7556438444,-0.3304087536181089
Colee Hammock,south_florida,fort_lauderdale,Fort Lauderdale,832383.6843186319,818819.0681667085,-1.6296110084169992
Rodeo Palms,houston,houston,Manvel,304073.52038782457,302048.9672716116,-0.6658103979691398
Missionwood,south_florida,miami,Miramar,268915.8542375862,262907.13981405104,-2.234421782445925
Blackstone Creek,houston,houston,Humble,256871.3995863255,255296.01701915907,-0.6132962134762718
Woodlands,dfw,dallas,Euless,373083.75734346296,379307.4601481424,1.6681784404111388
Northshore,dfw,dallas,Rockwall,416470.58601934806,415204.75799377315,-0.3039417591705037
Breezeswept Heights,south_florida,miami,Golden Glades,485151.8486290255,464929.0714167945,-4.168339720724117
Lakeside,houston,houston,League City,450864.87951889046,459196.75755786966,1.8479767259472475
University Park at Northpointe,dfw,dallas,Denton,316202.113521575,313865.2900218338,-0.7390284251157486
Alder Trails,houston,houston,Cypress,430976.7057582325,441346.51065047306,2.406117257311296
Bayway Isles,tampa,tampa,Saint Petersburg,389985.6965756495,380108.68019067385,-2.5326611903212943
Park Forest,dfw,dallas,Hurst,387351.47819001816,403996.467059253,4.297128010718352
Bent Tree,austin,austin,Round Rock,476662.9965561573,474537.4095258731,-0.44593078246924517
Highland Creek,dfw,fort_worth,Keller,585485.694984725,621965.0158671614,6.230608398278322
Champions Springs-Sundance at Stone Oak-Stone Oak,san_antonio,san_antonio,San Antonio,372573.0864394629,376635.24057633465,1.0902972556853696
Montclair,dfw,fort_worth,Burleson,199347.7517049345,192033.73154972907,-3.668975492651305
Bass,dfw,dallas,White Settlement,208345.6050978554,204454.92681120508,-1.8674155784677904
Coral Brook,south_florida,miami,Oakland Park,211058.4176303389,202478.46332949615,-4.065203556993505
Hunters Green,houston,houston,Missouri City,236359.56874850616,230445.31881913525,-2.5022257235812844
Ragus Lake Estates,houston,houston,Sugar Land,264750.1230803631,256992.58150610325,-2.930137098332941
Dixie Woods,houston,houston,Pearland,371079.39418228896,396468.2955366595,6.841905466165142
Custer Meadows,dfw,dallas,Allen,646485.301070146,621145.7076343453,-3.9195931282359218
Washington Park,south_florida,miami,North Miami Beach,384811.4030296355,377277.0699136269,-1.95792875592836
Garden Oaks,south_florida,miami,Palm Beach Gardens,546391.4633672632,559828.6046751161,2.4592516920091416
Seven Springs,south_florida,miami,Greenacres,273229.82363838906,272911.9663346364,-0.11633331219850812
Suncoast Pointe,tampa,tampa,Land O Lakes,356545.6878685569,360978.79279463796,1.2433483497114621
Holland Hills,austin,austin,San Marcos,279924.09382350947,279447.0828190343,-0.17040726932778102
St. Andrews,south_florida,miami,Miramar,256318.88885744844,224890.11025845874,-10.0
Woodlake,south_florida,miami,Greenacres,312780.7437402629,301474.06653275987,-3.61488916238789
Lakeside Estates,dfw,dallas,Wylie,358634.02482812194,365125.2025731748,1.809972645000371
Palmetto Beach,tampa,tampa,Tampa,244228.60199474296,240487.54656768448,-1.5317843186683802
Fox Run,san_antonio,san_antonio,San Antonio,292279.86710248666,296973.8356577625,1.6059842238911024
Creekwood,dfw,fort_worth,Fort Worth,378862.028801268,390516.5839226651,3.076200367260998
Gratigny Heights,south_florida,miami,Hialeah,561766.268104052,565319.7521877016,0.6325556170616138
Regency Park,san_antonio,san_antonio,San Antonio,563572.1979733071,570598.289776213,1.2467066026629436
Reata Ranch,dfw,fort_worth,Fort Worth,322076.00992421125,321604.1227502555,-0.1465142262743436
Quail Hollow Estates,dfw,dallas,Sachse,456929.84067856846,442112.6137761465,-3.2427794342381957
Patrician Point,tampa,tampa,Saint Petersburg,821665.2350972043,808721.930760963,-1.5752527651617287
Mission Trace-Vance Jackson,san_antonio,san_antonio,San Antonio,311687.79465763265,315111.5878182586,1.0984687945149616
Myers Meadow,dfw,dallas,Southlake,967183.0643463206,994349.6320799771,2.808834101330886
Heatherwood,dfw,fort_worth,Keller,534662.13801478,569245.2618667369,6.468220095098806
Bowers Park,south_florida,miami,Boynton Beach,325062.9563696712,317866.51468119706,-2.2138608990838518
El-Ad Enclave,south_florida,miami,Miramar,258950.69519336257,238331.05354674783,-7.962767441584863
Firewheel Farms,dfw,dallas,Garland,457824.1224016754,455610.5377814674,-0.4835010895878157
Quail Run,dfw,dallas,Allen,638902.8130468355,636597.1827098837,-0.360873405136001
Billy Creek Estates,dfw,dallas,Hurst,360926.753229122,371717.37605528196,2.989698804430237
Westlake Park,dfw,dallas,Lewisville,274256.43194560194,256802.3376074589,-6.364151321564999
Las Mariposas,dfw,dallas,Garland,192027.3285844472,172433.03769087122,-10.0
Dolphin Cay,tampa,tampa,Saint Petersburg,724141.9612776934,708589.3915994645,-2.147723859391825
Serenity Point,south_florida,miami,Miami Lakes,670552.7830937597,642452.5923446113,-4.1906008680631
Kings Ridge,dfw,dallas,Plano,816435.6419199421,823903.7905326508,0.9147259415508195
Freemonteers,dfw,dallas,Garland,182223.53754574383,179295.6668396414,-1.606746716442954
Bon Air,tampa,tampa,Tampa,768372.8981380332,797324.3245497949,3.7678875038302992
Pasadena Vista,tampa,tampa,Saint Petersburg,306519.9477468554,300115.12617665983,-2.0895284686284357
Cardinal Oaks,orlando,orlando,Lake Mary,568793.3452739167,570036.5749139212,0.21857316903132004
Forest Oaks,dfw,dallas,Hurst,296871.2716013686,290801.69829820294,-2.0445135261574734
Sun Land Park,south_florida,miami,Miramar,414954.3662596587,413153.8887371382,-0.43389771717545195
Meadowcrest Estates,dfw,dallas,Garland,393560.3770867996,393346.5267178579,-0.05433737271130416
Vista Oaks,dfw,dallas,Lewisville,406979.3206267079,407585.329681158,0.14890413928572374
Vista,san_antonio,san_antonio,San Antonio,243909.7316644093,244891.68230342586,0.4025877246946402
Timber Valley Estates,dfw,dallas,Lewisville,366402.14941417513,366985.8726432852,0.15931217380775647
Laurel Hills,south_florida,miami,Boynton Beach,445559.1100574319,441723.1332728389,-0.8609355522095747
Glen Arbor,houston,houston,Baytown,177986.58224295187,180983.2077082663,1.6836243651355869
Carole Anne Park,south_florida,miami,Hialeah,526137.971874278,529111.3409580446,0.5651310573868039
Foxchase,dfw,dallas,Rockwall,582636.1972621169,603956.5519446036,3.659291129297104
Stoneridge Farms,dfw,dallas,Wylie,611737.5818353331,616647.6816182698,0.8026480518338205
Fox Hollow,dfw,dallas,Forney,381828.39959976776,382332.78625944606,0.13209773296250418
Northwood Estates,tampa,tampa,Clearwater,542454.8933149674,536540.5973204626,-1.0902834627156333
People Active in Community Effort-Valley Forest,san_antonio,san_antonio,San Antonio,233808.23669763483,235207.0890827907,0.5982904644051987
Chesterfield Heights,tampa,tampa,Largo,384318.2857918442,405305.58215839823,5.460915377292575
North Village,orlando,orlando,Kissimmee,519034.53680233407,564939.5941557103,8.844316533575574
Park Terrace,dfw,dallas,Carrollton,326862.00696679833,324943.8362852716,-0.5868441852042938
Bass Creek,south_florida,miami,Delray Beach,687623.5323787259,686433.4588119091,-0.1730705118104365
Orwin Manor,orlando,orlando,Orlando,879423.3371965621,960423.7387745848,9.21062679962951
Jordan Park,tampa,tampa,Saint Petersburg,213314.4737362689,211835.7753212166,-0.6932011640618809
Villages of Northshore,dfw,dallas,Flower Mound,648572.5926490095,678205.0066553046,4.568866205903849
Stonebridge,south_florida,miami,Boca Raton,932008.1760313608,1000222.1005785203,7.319026410006973
Storey Park,orlando,orlando,Orlando,530213.8306233597,524408.2082665039,-1.0949586792238606
Crestwood Estates,dfw,dallas,North Richland Hills,335064.53654134576,345114.38582628936,2.999377191236556
Southridge,dfw,dallas,Lewisville,405182.141441074,403792.13506741,-0.34305716651783
Star Trail,dfw,dallas,Prosper,913458.7838941166,919736.378049247,0.6872334325111698
Cornerstone Place,houston,houston,Cinco Ranch,370218.9596148283,379989.78454711585,2.6392016612150337
Lynden Park Estates,dfw,dallas,Rockwall,351282.03375788947,344245.78563063004,-2.003019639800011
Sandalwood Estates,south_florida,miami,Palm Beach Gardens,317836.90070799226,310300.16709186404,-2.3712582143042202
Springbrook,austin,austin,Pflugerville,357973.16146276525,350616.81871095183,-2.0549984031634128
Carrollton Summertree,dfw,dallas,Carrollton,359381.44816673105,369926.5362956395,2.9342327442612457
Doral Gardens,south_florida,miami,Doral,749284.2269896638,759838.169059645,1.4085365325762873
Orangewood Estates,tampa,tampa,Largo,422980.0843105695,430823.97888629383,1.8544359100285697
Causeway Isles,tampa,tampa,Saint Petersburg,929153.7394987714,912114.5503781389,-1.833839589326112
Rustic Oaks,dfw,dallas,Wylie,312410.424997723,306413.5272272358,-1.9195575085341487
Westover Valley,san_antonio,san_antonio,San Antonio,298998.91498461633,297696.50518962165,-0.4355901408744904
Amesbury Estates,dfw,dallas,Grand Prairie,368693.9045319485,367305.320222179,-0.3766225296109223
Woodcreek,houston,houston,Pearland,308327.9519261159,326484.45337926457,5.88869784258142
Lakepoint,south_florida,miami,Wellington,539513.8755963896,547810.8899473556,1.5378685750749745
Bailey Prairie,houston,houston,Angleton,381841.4420024416,377709.19438586925,-1.0821894016799625
McKeller,dfw,dallas,Forney,271380.47587282193,267557.6386021402,-1.4086633382105413
Old Clearwater Bay,tampa,tampa,Clearwater,590820.3734721082,584918.3843874852,-0.9989481320588828
Lauderdale Little Ranches,south_florida,miami,Davie,559067.8891092782,651332.3978037616,15.0
Westbrooke at Avalon,south_florida,miami,Hialeah,531182.1779749595,525821.5946236277,-1.009179820710112
Trophy Ridge,san_antonio,san_antonio,San Antonio,281872.0650688978,288415.66980573104,2.3214803975817193
Lakeside,dfw,dallas,Little Elm,316304.3053260353,316856.40268731967,0.17454626825748826
Kleinwood,houston,houston,Spring,283850.50142943236,309148.34692869365,8.912383586382546
Saratoga Heights,south_florida,miami,Hialeah,565120.4178454214,570952.2579010031,1.0319641392212022
Clearwood Estates,tampa,tampa,Seminole,285602.7353039818,283867.55617737793,-0.6075498978527067
Diamond Loch,dfw,dallas,North Richland Hills,412757.0817574031,432997.4865490213,4.903708666957404
Hughson Heights,austin,austin,San Marcos,322931.8390557507,313040.1350542343,-3.063093447347785
Collin Square,dfw,dallas,Allen,298504.42941988964,291374.3035547552,-2.3886164366106803
Stone Gate,dfw,dallas,Grapevine,663329.845522827,674023.2200068365,1.6120749814266377
Knolls of Breckinridge,dfw,dallas,Richardson,689434.8023688431,693098.7065820359,0.5314359241227558
Bryant Park,south_florida,miami,Lake Worth Beach,315499.0978069392,306638.1209672849,-2.8085585351107873
Fernwood United Neighbors,dfw,dallas,Garland,245758.04997842768,244821.42370851655,-0.38111722891410504
Laguna Springs I,south_florida,miami,Weston,802079.960204011,783079.4886208528,-2.368899925928247
Estates at Settlers Park,austin,austin,Round Rock,504778.7353053268,506515.05922843656,0.3439772323331895
Cane Island,houston,houston,Katy,570729.0890573744,568706.1082494566,-0.35445552832412364
Brushy Bend Park,austin,austin,Round Rock,804668.1013364444,818881.3210604712,1.7663456150952959
Settlers Overlook,austin,austin,Round Rock,319552.60414819885,313024.41902846156,-2.042914072673216
Riverbend,houston,houston,Sugar Land,397319.1392101375,406507.36355289223,2.3125551819680163
Eagle Lakes,houston,houston,Friendswood,521151.09981779265,528641.3161146841,1.4372446492984885
Nob Hill,dfw,dallas,Carrollton,429901.90760008106,439739.62384037726,2.288363011742622
North Beverly Hills,dfw,fort_worth,Fort Worth,231786.1447756927,239911.67968707316,3.505617179682515
Estates in High Country,dfw,dallas,Carrollton,974729.4738487032,981668.9171045488,0.7119353053360844
Miramar Lake,houston,houston,Tomball,349037.42861860915,351353.02847245836,0.6634245109510744
Old Town,dfw,dallas,Royse City,221928.47452796312,231811.0463815359,4.453043654985149
Biltmore Estates,south_florida,miami,Hialeah Gardens,486521.0044881388,518684.1995188006,6.61085435859038
Forest Crest,dfw,dallas,Garland,249588.90866499336,244195.15401572836,-2.161055424343667
Wood Glen,dfw,dallas,Garland,319891.24287725845,317602.2623435285,-0.7155496077797366
Quail Valley,austin,austin,Georgetown,278566.77804019157,275899.537615679,-0.9574869061118858
Cambridge Village,houston,houston,Rosenberg,242590.98592814864,250866.67912279087,3.4113770398267587
Pepperridge,san_antonio,san_antonio,San Antonio,230877.2895393142,245528.68472835506,6.3459663868524405
Forestwood,dfw,dallas,Corinth,281730.2798656879,278512.44566932134,-1.1421683881124225
Williams Grant,houston,houston,Sugar Land,403507.5689891032,394318.30236365175,-2.277346779014102
Colonial Hills,san_antonio,san_antonio,San Antonio,296569.93284153554,293794.23741461826,-0.935932850752071
Lawrence Grove,south_florida,miami,Boynton Beach,489824.1462229213,477968.0697611972,-2.4204761143662292
165 Association,san_antonio,san_antonio,San Antonio,213243.47208864093,214359.9111833185,0.523551358333486
Sevilla Estates,south_florida,miami,Miami Lakes,749851.9990321902,768930.4180927346,2.544291284835989
The Reserve at Pradera,tampa,tampa,Riverview,462729.18859263137,462345.2344089842,-0.08297600261936242
Montclair,south_florida,miami,Miramar,492055.19146063575,482559.0603390858,-1.9298914606227902
Sarah's Creek,austin,austin,Pflugerville,304074.50250937307,286754.9535279701,-5.695824161011024
Palm Aire Village (WEST),south_florida,fort_lauderdale,Fort Lauderdale,498221.2613245439,496087.05151078047,-0.42836586461395715
Beverly Park,dfw,dallas,Denton,328322.1141207483,337097.55669614224,2.6728149576201146
The Hermitage,austin,austin,Round Rock,339329.03967222734,343746.283448316,1.3017582522130868
Whispering Lakes Ranch,houston,houston,League City,813579.8773858771,830658.9542367567,2.09925015669716
Hidden Glen,austin,austin,Round Rock,741094.7207828965,743559.7106483079,0.33261468423461354
Owens Park,dfw,dallas,Richardson,427623.86837462446,433174.4460771033,1.2980046515121584
Woodlands of Camino Real,san_antonio,san_antonio,San Antonio,575115.5775347021,585850.7768944391,1.8666159949543761
Fountainwood Estates,austin,austin,Georgetown,671791.6248791568,664699.7419819587,-1.055667060224781
Villages of White Rock Creek,dfw,dallas,Plano,577954.1951214996,580767.8874843615,0.48683656708650347
Park Pointe,south_florida,miami,Greenacres,202484.4722812922,184160.85598756187,-9.049393312626508
Smithfield Acres,dfw,dallas,North Richland Hills,278218.55982121715,294370.70130993146,5.80555858641985
Coachman Ridge,tampa,tampa,Clearwater,696140.3785781251,721853.5246862477,3.6936725550444214
Cimarron,austin,austin,Round Rock,428131.4588858429,422486.62085174007,-1.3184824233175427
Swenson Farms,austin,austin,Pflugerville,492611.2845764118,490533.1153719281,-0.4218679655848166
Monclair,jacksonville,jacksonville,Jacksonville,578857.4679209403,640343.1978867822,10.621911847605228
Carrington Village,dfw,dallas,Lewisville,448158.253404714,447084.33598286775,-0.23962906265533634
Valencia Park,tampa,tampa,Clearwater,276387.3230551505,270539.2480895324,-2.1158984069798152
Tyrone Landing,tampa,tampa,Saint Petersburg,318701.172317304,314246.4644135609,-1.3977695379507116
North Central Heritage,san_antonio,san_antonio,San Antonio,415824.90005614306,423153.39239785203,1.7623986299809151
Morningside,dfw,dallas,Carrollton,372753.19886916416,374489.15248411364,0.4657112588747491
Chatsworth Village,south_florida,miami,Wellington,725587.6201473078,762088.8847197811,5.030579844383635
Crighton Ridge,houston,houston,Conroe,671287.295313053,703903.7724497146,4.858795535740184
Brazos Landing,houston,houston,Sugar Land,646757.5677216336,724151.7094610796,11.966484135947002
Braddock Place,dfw,dallas,Wylie,612954.8817640528,626826.5739632841,2.263085361080629
Harbour Inlet,south_florida,fort_lauderdale,Fort Lauderdale,853534.182426656,846908.3577201419,-0.776281119483283
Holiday Lakes West,tampa,tampa,Holiday,272818.6826755538,271429.7736127349,-0.5090960227495123
Marjohn Park,south_florida,miami,Hialeah,540218.7508696354,541135.1135979677,0.16962808618863004
Bellaire Park North,dfw,fort_worth,Fort Worth,656139.485431817,679447.4172796893,3.5522830686729616
Legacy Hills,dfw,dallas,Plano,545022.7728476715,538007.6224425945,-1.2871297777932842
Lakeside Park,houston,houston,Channelview,195349.20473315613,209130.04056314216,7.05446221232916
Preston Hollow,dfw,dallas,Plano,609373.0975134544,617075.3303860922,1.263960109835296
Lake Pearl Estates,tampa,tampa,Seminole,388743.3819185381,397525.2658940351,2.259043982216845
Lake Padgett South,tampa,tampa,Land O Lakes,280021.47109832714,288725.3438617185,3.1082876356774305
Willowstone Estates,dfw,dallas,Saginaw,280584.5096007804,285496.10700504784,1.7504877269439267
Meadow Crest,dfw,fort_worth,Burleson,313637.0749744963,309474.57227735454,-1.3271717629302149
Parker Estates,dfw,dallas,Plano,362790.53397983784,357236.6716751001,-1.5308729926912563
The Bar C Ranch,dfw,fort_worth,Fort Worth,340710.42297251435,340759.6431633335,0.014446341379785352
Oakmont Estates,south_florida,miami,Wellington,726796.3667664045,706243.4251064481,-2.827881728605581
Connerton Village,tampa,tampa,Land O Lakes,486596.5114815176,484766.55912238755,-0.376071820481913
Normandy,jacksonville,jacksonville,Jacksonville,180964.62826232752,198677.0720316958,9.787793304939244
Keene Park,tampa,tampa,Largo,338393.7113908526,339578.45771816844,0.35010884878633436
Whitestone Ranch,dfw,dallas,Benbrook,377373.9580960193,394099.2606294107,4.432023507339052
Fossil Village,dfw,dallas,Haltom City,281536.9046734848,284864.26491778664,1.1818558025850234
Marine Creek Meadows,dfw,fort_worth,Fort Worth,331909.35427739983,345449.5016607821,4.079471460772933
Imperial,houston,houston,Sugar Land,803261.716658156,831133.4675930758,3.469821897012078
Orchard Hill,dfw,dallas,Lewisville,308802.5748611405,305858.8922035241,-0.9532571608057594
Mission Ridge,san_antonio,san_antonio,San Antonio,534733.0550530851,542626.9414176636,1.4762293615446767
Whispering Pines Forest,tampa,tampa,Seminole,639583.4254844539,628603.0118016304,-1.7168071037029133
The Dovers,orlando,orlando,Orlando,395285.5678609172,410569.0821944972,3.8664488603230773
Settlers Meadow,austin,austin,Pflugerville,331720.14389088,326579.9280878273,-1.5495639615855197
Eagle's Reserve,orlando,orlando,Kissimmee,398661.53181723366,399880.41635907604,0.3057442076957617
Westwood Village,houston,houston,Pearland,322174.22748723935,327067.7031561781,1.5188911003542618
Prestondale,dfw,dallas,Hurst,349543.6287393141,362423.8654032938,3.6848723893021247
Copper Hill,jacksonville,jacksonville,Jacksonville,294395.7786551435,293008.806842165,-0.47112489836452714
Colony Cove,jacksonville,jacksonville,Jacksonville,425534.49313083413,447798.0823591924,5.231911769256545
Fair Oaks Estates,dfw,dallas,North Richland Hills,431372.69581192406,443170.6994984168,2.734990832993426
Sunset Hills,dfw,fort_worth,Fort Worth,356803.9441540309,354979.35257615766,-0.5113709104867817
McKinney Heights,dfw,dallas,McKinney,343089.4969199921,331264.65594584466,-3.446576208336965
Somerton Village,dfw,dallas,Grand Prairie,364137.3812903596,364552.24910275656,0.11393167351476802
Verona,dfw,dallas,McKinney,888488.615929562,902701.1783610748,1.5996335998794045
Random Oaks,tampa,tampa,Riverview,350835.219030412,353673.36732430966,0.8089690372994338
Golden Gate Park,dfw,dallas,Garland,292901.20116302924,284642.13405415445,-2.8197450457971263
Duck Creek Estates,dfw,dallas,Garland,320236.13605655875,316193.63053828006,-1.2623514535426192
Cypresswood Lake,houston,houston,Spring,272386.77582373825,270649.40402669256,-0.6378326524081873
Waterford Crossing,dfw,dallas,Allen,670351.6768779109,656494.6160137182,-2.067133020197757
Sandy Glen,dfw,dallas,McKinney,359099.95032211515,350547.2246599826,-2.3817117363733122
Raintree Estates,dfw,dallas,Allen,600436.2018278291,609515.1068739492,1.5120515749187564
First Centerville,dfw,dallas,Garland,222923.01769425496,220031.85268703304,-1.2969342677691686
Southwest Village,dfw,fort_worth,Burleson,241187.0966231212,235485.84654624615,-2.363828810371158
Sand Key,tampa,tampa,Clearwater,793200.9752793094,795646.9533937089,0.3083680165090791
Summit View Lake,dfw,dallas,McKinney,391329.48567413306,375020.45452599146,-4.167595784418457
Fairhaven,houston,houston,Cypress,877273.0299333911,917633.9653998415,4.600726807880426
Parkview,dfw,fort_worth,Fort Worth,280722.4062774389,280190.9848195459,-0.18930496676059225
Sugar Lakes,houston,houston,Sugar Land,582351.032425403,632262.8485083799,8.570743984964153
Park Pointe,houston,houston,Sugar Land,332885.57746734866,331711.5531554025,-0.35268103859541233
Beverly Heights,south_florida,fort_lauderdale,Fort Lauderdale,884340.4725272814,857966.349701519,-2.9823494055847077
Cumberland Crossing,houston,houston,Porter,259721.610442722,261082.03906112097,0.5238026270051118
Country Manors,south_florida,miami,Delray Beach,219446.37979785996,213635.99161440285,-2.6477484790632078
Kelmont Park,dfw,dallas,Bedford,406595.0963387466,416138.140882027,2.3470633633342652
Meadow Oaks,dfw,dallas,Corinth,355452.6132819469,355199.00484716776,-0.07134802933014266
Grants Lake,houston,houston,Sugar Land,215797.92397651437,215514.93698661172,-0.131135177154647
Cantamar,south_florida,miami,Cutler Bay,704674.0466469865,745420.0478693444,5.782248035987335
Kensington Place,austin,austin,Round Rock,306426.3622967697,289110.6941969382,-5.650841517043339
Vernon Heights,south_florida,miami,Lake Worth Beach,605696.0750869057,613193.1394367333,1.237760100847922
Tall Pines,tampa,tampa,Largo,297542.6920583083,292474.18986060773,-1.703453767470551
Stratford Park Village,houston,houston,Sugar Land,320991.60776894534,325272.73894137,1.333720592317252
Kings Garden,dfw,dallas,Frisco,457409.63757043093,445382.9313150686,-2.6293075762992566
Preston Meadows,dfw,dallas,Cleburne,263395.2900775457,268648.537775541,1.9944349409014632
Watson Glen,tampa,tampa,Riverview,453100.4294722553,453876.13087544503,0.17119855836226702
Royal Landings,south_florida,miami,Hialeah,785367.0867566528,812840.2103728581,3.498125154399026
Crown Oaks,houston,houston,Montgomery,774428.5051298179,826372.302840643,6.707371612324335
Grapevine Lake Estates,dfw,dallas,Grapevine,607308.5785092852,630362.7221779017,3.796116913942776
Lake Estates,tampa,tampa,New Port Richey,241840.36019530325,237739.63186085594,-1.6956343974743013
Country Meadows,dfw,fort_worth,Mansfield,314577.9837823833,313356.49777060916,-0.388293547147646
Lake Forest South,south_florida,miami,Delray Beach,607328.3421345194,597600.6236664038,-1.6017231196433972
Brown Island,jacksonville,jacksonville,Jacksonville,647702.9759186005,729232.9048754695,12.58754892105286
Juno Ridge,south_florida,miami,North Palm Beach,429492.2614174822,411449.8487924917,-4.200870247450774
Highland Lakes,dfw,dallas,Lewisville,489992.53089279874,540488.6635339363,10.305490279439613
Largo Lake Villas,tampa,tampa,Largo,326462.155163375,338775.25492335885,3.7716775329813808
Hickory Creek Ranch,dfw,dallas,Denton,352681.8853714087,347388.8422696672,-1.5007981190095516
Glenbrooke Estates,dfw,dallas,Prosper,365929.3377718474,365563.8299141933,-0.0998848192603674
Meadowview,dfw,dallas,White Settlement,194014.1950550377,190108.40331297298,-2.0131474096298665
Tamarac By The Gulf,tampa,tampa,Seminole,355313.7226052799,361638.3265498368,1.7800055393815861
Rolling Ridge,dfw,dallas,Murphy,810934.7579422322,823248.9999188776,1.5185243764730385
Lake Parks North,dfw,dallas,Grand Prairie,508894.53715898335,517304.6292838704,1.6526198476875482
Wildridge,dfw,dallas,Little Elm,479167.735016562,474754.17958952463,-0.9210877745941729
Somerset,austin,austin,Round Rock,289648.9719893455,282481.00689003407,-2.474707591772534
Allenbrook,houston,houston,Baytown,220679.12066534263,221011.62172929433,0.15067173684090063
Sherril Park North And Foxboro Addition,dfw,dallas,Richardson,494136.06097752135,491324.6171271325,-0.5689614809384983
Wilderness Trails,houston,houston,Friendswood,427003.8189871001,444274.39854899066,4.044596041988167
Creekview,dfw,dallas,Royse City,284156.2113736281,284676.8308598527,0.18321594439477462
Oaks of Montecito,dfw,dallas,Denton,437283.9030751714,449128.03556213976,2.7085681415838194
Garden Isles,south_florida,miami,Palm Beach Gardens,751232.2649099935,759376.6635653168,1.0841385595038449
Castlewood,dfw,dallas,Highland Village,691494.5903041092,700414.0878368951,1.2898868129775711
East Lake Worth,dfw,fort_worth,Fort Worth,585610.4857656189,735121.368903307,15.0
Roosevelt Park,orlando,orlando,Orlando,237340.61694185683,256649.74820449165,8.13562023703896
Thornton Park,orlando,orlando,Orlando,544801.8259059548,563931.5958149045,3.5113263207476777
Sedona Lakes,houston,houston,Manvel,540805.787360284,554234.2594672302,2.4830488912649407
Imperial Park,dfw,dallas,Plano,341931.0130791175,333679.35996627616,-2.4132508597376217
Rowena Gardens,orlando,orlando,Orlando,707877.3990131655,739846.6707165554,4.516215908002928
Johnson Village,orlando,orlando,Orlando,192133.83357621703,207902.22692350962,8.206984191067768
Country Lakes Estates,dfw,dallas,Denton,393780.0232652239,392771.8035943333,-0.2560362667792135
Meadowood,dfw,dallas,Garland,324439.0209678719,319390.7159870775,-1.5560104224621896
Westgate,dfw,dallas,Wylie,337760.3799653018,335863.5595446935,-0.561587602667647
Virginia Parklands,dfw,dallas,McKinney,433392.3367616795,431491.4975194655,-0.43859548980886814
Hillsboro Shores,south_florida,fort_lauderdale,Pompano Beach,316124.25655756175,309864.0471050713,-1.9803002530274179
Berryhill,dfw,fort_worth,Mansfield,279436.2149438064,278142.5057387943,-0.4629712026668728
Bloomingdale Ridge,tampa,tampa,Riverview,316235.96824997436,321049.02653341705,1.5219831918797173
Sagewood,south_florida,miami,Greenacres,549093.2679466078,540423.6601481494,-1.578895299678202
Village Green,tampa,tampa,Largo,266677.1910231309,269023.7785699059,0.8799356022058384
Pinewood East,south_florida,miami,Wellington,795307.5290311299,806177.0153846596,1.3667023078193794
Mystic Lake,tampa,tampa,Saint Petersburg,275776.43366993073,246065.84486869845,-10.0
Bradford Park,houston,houston,Richmond,298276.4178724784,305922.0679550044,2.5632767541799777
Windmill Farms,dfw,dallas,Forney,270652.05665410694,254993.24185437508,-5.785588697647995
Austin Waters,dfw,dallas,Carrollton,789422.1177251375,827039.4735024901,4.765176314764754
Reserve at Lake Mary,orlando,orlando,Lake Mary,555261.5566417817,570570.0439721834,2.756986711449519
Mustang Creek,dfw,dallas,Forney,278796.369367229,279041.09416103386,0.08777904617635732
Ridgewood Park,tampa,tampa,Tampa,659260.6163880159,802007.9160663671,15.0
Cross Creek,dfw,dallas,Plano,508496.4824444863,506110.0919609748,-0.4693032431688499
Sleepy Hollow,houston,houston,Pearland,373914.6311420225,383891.1444200635,2.668125942964676
"Martin Luther King, Jr.",south_florida,miami,Boynton Beach,348772.25584409613,341673.6471853828,-2.0353134573543827
Rosemont,south_florida,miami,Delray Beach,363204.8067030136,304639.0492279829,-10.0
Wellington at Preston,dfw,dallas,Plano,608961.4614510776,620879.7207427876,1.9571450816132583
Chaucer Estates,dfw,dallas,Flower Mound,593703.6221519684,619964.2947167127,4.423195612241421
Woodhaven Forest,houston,houston,Conroe,302168.99221250234,299904.4855468934,-0.7494172876667745
Westvale,dfw,dallas,Benbrook,257254.4280727132,274456.28680195357,6.68671045163827
Bahama Shores,tampa,tampa,Saint Petersburg,637770.0987838863,627810.3476251968,-1.5616522595965168
Clearview Lake Estates,tampa,tampa,Clearwater,391180.5112121974,368187.5057298291,-5.8778504611891815
Woodcreek,dfw,dallas,Carrollton,440853.3887386683,447171.82755072915,1.433229044725875
La Villa Gardens,tampa,tampa,Holiday,243268.12021885265,249305.11911999658,2.481623525397752
Singing Hills,dfw,dallas,Watauga,230382.57217488412,236868.25462973415,2.815179287922321
Bar X Ranch,houston,houston,Angleton,464268.78250004863,470601.07517587265,1.363928162846779
Cabot Cove,houston,houston,Pearland,406255.11386311706,419449.09913943,3.247709339791468
Mockingbird Estates,dfw,dallas,Midlothian,308602.59437654074,306112.34202981804,-0.8069447218205251
Fossil Hill Estates,dfw,fort_worth,Fort Worth,270902.65734638815,261588.0138271993,-3.4383728865674223
Old Cutler Cove,south_florida,miami,Cutler Bay,582226.1222375039,590520.7762585989,1.4246447736179435
Springfield Estates,dfw,dallas,Garland,349455.2841512132,341822.7040864449,-2.1841364005431836
Fairmont Heights,houston,houston,Pasadena,268056.78496127366,269688.4391193621,0.6086972050806932
Hi-Ridge Estates,tampa,tampa,Largo,381527.6721474396,404562.5988277586,6.037550710454682
Regency Meadow,san_antonio,san_antonio,San Antonio,304352.95135187474,304448.58721253753,0.03142268219775614
Dillman Farms,south_florida,miami,Greenacres,532573.4248116472,530813.7414561389,-0.3304114087424837
Vizcaya,austin,austin,Round Rock,591923.8168425278,586697.8161585035,-0.8828840021847941
Oak Tree North,dfw,dallas,Carrollton,328789.3117079732,326953.6494297874,-0.558309596090577
Sugarfield,houston,houston,Sugar Land,292264.28043208667,301277.37949957297,3.0838866296494514
Falls at Green Meadows,houston,houston,Katy,544551.9762385216,558882.5024906052,2.631617710961464
Peters Park,south_florida,miami,Hialeah,575098.5423300233,564464.1593222963,-1.8491410123631276
Oakhurst Groves,tampa,tampa,Seminole,395948.89731941983,405192.51620732725,2.334548460795537
East Hialeah,south_florida,miami,Hialeah,575080.8516780165,569672.3661258573,-0.940473941425424
Spring Valley Estates,dfw,dallas,Bedford,337199.6222794357,341923.6366477173,1.4009548220569694
Trinity Estates,dfw,dallas,Benbrook,325096.38357348664,320399.46784713387,-1.444776369002904
Woodbay,tampa,tampa,Westchase,692033.3433439935,696822.7509039269,0.6920775719837927
Lakewood,dfw,dallas,Grand Prairie,339666.7822542085,331808.41678165534,-2.313551363604327
East Village,orlando,orlando,Kissimmee,758254.8010432053,785565.5592541051,3.601791663346634
Country Brook Estates,dfw,dallas,Allen,814017.9643782079,838469.3936257907,3.0037947953962116
Texas National,houston,houston,Willis,276601.2794886361,279295.0619844654,0.9738864913457308
Greenville Manor,south_florida,miami,West Little River,490450.2368581553,517775.6435350118,5.571494235970648
Grove Lake Manor,tampa,tampa,Largo,421237.72471258714,424812.97091359063,0.8487478664079541
High Meadows,dfw,dallas,Carrollton,407830.2205168402,411288.55160815,0.8479830373842978
Logan Crest,south_florida,miami,Hialeah,568119.8337731572,560467.8489740035,-1.3468962610112096
Arrowhead Country Homes,south_florida,miami,Davie,654544.953296141,643909.2616692516,-1.624898576229249
Jasmine Hills,tampa,tampa,New Port Richey,221853.2018212398,212420.6404175432,-4.251712991411758
Sierra Estates,dfw,fort_worth,Burleson,375656.29095093656,394746.75427466026,5.081896346098208
Lake Ricky Estates,south_florida,miami,Hialeah,673258.6055272287,633248.4439246525,-5.942762747346422
Plumwood,houston,houston,Baytown,192188.1039901871,193911.71682270427,0.8968363789078042
Sierra Pines,tampa,tampa,Lutz,490298.6310382806,532995.9582722236,8.708432887835116
Spring Lake,tampa,tampa,Brooksville,528560.04288581,542814.0082901813,2.696754246981679
Briarstone,dfw,dallas,Royse City,273765.2252086314,274890.0282137357,0.4108640913933137
Knights Bridge Estates,dfw,dallas,Richardson,545163.7786282623,542977.2218411311,-0.401082550391194
Hills of Firewheel,dfw,dallas,Garland,521255.3615398368,530165.3811274215,1.7093386936613344
Tri County Estates,dfw,dallas,Haltom City,256281.70919561965,255064.71503761734,-0.47486578805098584
Oakwood Estates,dfw,dallas,Weatherford,453086.17426378094,459352.95226306363,1.3831315884810604
Crystal Creek,dfw,dallas,Plano,738440.7871113446,765935.539122951,3.723352297367155
Bloomingdale Hills,tampa,tampa,Riverview,333799.4160577063,335287.5474292778,0.44581604999400115
Holiday Gardens,tampa,tampa,Holiday,201365.5399419316,201274.6149610648,-0.04515419117542673
Suburban Estates,tampa,tampa,Largo,410038.3536939398,418976.6090821446,2.179858373657529
Twin Lakes North,south_florida,fort_lauderdale,Fort Lauderdale,468244.15157802525,454670.8379600804,-2.898768425019626
Bethany Ridge,dfw,dallas,Allen,465804.02385294274,460382.5969090425,-1.1638858116888695
Dove Creek,dfw,dallas,Grapevine,431488.197957332,450805.7559427531,4.476960917325328
Morgan Crossing,dfw,dallas,Allen,522864.1983289709,523898.7854866177,0.19786919069106015
Travis Estates,dfw,dallas,Murphy,473247.6608839356,484380.43185788865,2.352419651300377
Meadowbrook Estates,dfw,dallas,Desoto,356916.6059872727,363676.8326817946,1.8940633697393627
University Estates North,dfw,dallas,Richardson,471256.90466516535,492183.94668874075,4.4406865589469415
East Meadow,houston,houston,Deer Park,353720.4851218075,363221.2519396571,2.685953236374733
Coppell Greens,dfw,dallas,Coppell,514991.6460857746,522381.2770556571,1.434903075816448
Panther Heights,dfw,dallas,Crowley,427449.03275034064,459512.55320423126,7.501133000017313
Fairways of Sherril Park,dfw,dallas,Richardson,618834.6282863483,632091.4001186226,2.1422155817272843
The Oaks,tampa,tampa,Spring Hill,392156.7881142387,392320.8521597474,0.041836339566533244
Fort George Island,jacksonville,jacksonville,Jacksonville,616334.6677004416,587048.2249952715,-4.751711081649583
Forrest Hill Estates,tampa,tampa,Clearwater,270471.95079440664,273643.31066360185,1.1725281900324838
Basswood Village,dfw,fort_worth,Fort Worth,314705.2385771097,315754.4207748545,0.3333856794022546
Sugarwood,houston,houston,Sugar Land,472612.6312691439,500355.48053267767,5.870103215192053
Hillview,dfw,dallas,North Richland Hills,272914.18336876587,280440.8093619257,2.7578727863292247
Royal Forest,houston,houston,Conroe,207264.6931257175,211879.786203334,2.2266663019239825
Bellevue,dfw,dallas,Bedford,265714.9610078033,280832.5030949902,5.689383100540954
Ridgewood Estates,dfw,fort_worth,Keller,574960.9511921733,597030.7530680106,3.8384870885711186
Crescent Lakes,houston,houston,Sugar Land,590093.5361644729,634710.7428151418,7.561039719342563
Orangewood Village,tampa,tampa,Holiday,193369.2022355495,195089.7585045308,0.8897778183339724
Sugar Grove,houston,houston,Sugar Land,307267.94724287605,318546.8007070247,3.67068988658079
Riverstone North,houston,houston,Sugar Land,689965.5258164853,703228.5947972724,1.9222799523341303
Glenville Park,dfw,dallas,Richardson,434767.6445582305,442834.5084956592,1.8554425653329205
Knollwood Groves,south_florida,miami,Boynton Beach,589451.0670682727,590224.0286585928,0.13113244398123672
Post Oak Crossing,dfw,dallas,Corinth,436314.42188330315,441780.94110908714,1.25288529363489
Heather Ridge,dfw,dallas,Richardson,644074.5322707806,643458.7890827772,-0.09560123202396051
Southgate,houston,houston,Pearland,409584.44575995114,428217.5823889221,4.5492783776001735
Mason Park,dfw,dallas,Hurst,273797.88446329435,275104.6649471852,0.47727924795782606
Ridgeview Estates,dfw,dallas,Lewisville,433440.3667405003,437983.53306834615,1.0481641020218617
Wylwood Estates,dfw,dallas,Wylie,314647.35396790825,313580.6229545901,-0.33902430764664027
Sydney Harbour,houston,houston,Cypress,495254.5793408126,523716.10258874006,5.746847063142754
Breezy Hill,dfw,dallas,Rockwall,677925.3122344397,671092.6100181673,-1.0078842157039092
Pelican Bay,dfw,dallas,Azle,194121.09565113368,188805.32441317014,-2.7383789588313627
Rolling Oaks,south_florida,miami,Miami Gardens,612612.5447292968,594653.1683535798,-2.931604409709393
Basswood Park,dfw,fort_worth,Fort Worth,315577.12735822407,311100.65262431116,-1.4185041772154439
Ridgeview,dfw,dallas,Carrollton,424246.9627060851,428759.44746309076,1.0636457426171033
Saxony,austin,austin,Pflugerville,376729.0208934783,370359.74833301036,-1.6906774384840613
Biarritz,south_florida,miami,Doral,831511.7731282149,821428.6542642794,-1.2126249068010129
Pine Grove Estates,tampa,tampa,Largo,318193.1549831482,337644.38706536323,6.113026561883513
North Golf Estates,south_florida,fort_lauderdale,Fort Lauderdale,192882.6265554397,200222.27476756804,3.805240701665131
Byers McCart,dfw,fort_worth,Fort Worth,377133.62811132515,469140.47154685407,15.0
Hunters Mill,san_antonio,san_antonio,San Antonio,274866.75386810367,268815.8778345226,-2.2013851978928822
South Bay Lakes,tampa,tampa,Gibsonton,323494.02996953076,318667.5842203692,-1.4919736693799832
Boyette Farms,tampa,tampa,Riverview,384434.3216276989,399489.710008613,3.9162446051043105
Pines of Delray North,south_florida,miami,Delray Beach,174219.898072775,168506.48623667174,-3.279425541689069
Drew Park Plaza,tampa,tampa,Clearwater,279663.14259567455,289235.6479676102,3.4228698437302483
Caya Costa,tampa,tampa,Saint Petersburg,532606.2768026585,519843.7079993178,-2.396248290567829
The Trails,dfw,dallas,Haltom City,254372.05849913703,256259.52575394892,0.7420104495550565
Ridgehaven Volunteer,san_antonio,san_antonio,San Antonio,317031.4069799146,317623.3233233809,0.18670590056202893
Elk Ridge,dfw,fort_worth,Burleson,298465.2090731389,293966.3287106329,-1.507338284578259
Greenhill,austin,austin,Round Rock,257108.71895269633,251632.3500488789,-2.1299817937426675
The Villas of Spring Creek HOA,san_antonio,san_antonio,San Antonio,289005.0053181489,289528.48391951434,0.18113132704715593
Willow Creek,dfw,dallas,Cleburne,313010.81393634406,308970.5656564941,-1.2907695517099904
Silk Stocking,houston,houston,Galveston,397528.3074257813,385014.1657208302,-3.1479875699889663
Holiday House,south_florida,miami,Cutler Bay,642721.8251550527,623741.6661360669,-2.9530907892239324
Water Crest,houston,houston,Conroe,326118.09303177433,327611.07378470915,0.45780371737588754
The Ridge on Nob Hill,south_florida,miami,Davie,878435.8917426249,872440.3405264992,-0.6825257565730672
Saginaw Springs,dfw,dallas,Saginaw,360680.11225272407,361257.310634365,0.16003055395427862
Panther Trails,tampa,tampa,Gibsonton,325836.2966868338,323709.1063797078,-0.6528401926843798
Town North Park II,dfw,dallas,Richardson,356745.7210017753,369164.8025310119,3.4812138725484054
Lost Creek,dfw,dallas,Aledo,439056.88585603033,447722.8467243159,1.973767215013498
Forest Ridge,dfw,dallas,Bedford,319060.8929081533,320733.04259560554,0.5240848140964729
Winding Wood,tampa,tampa,Clearwater,235803.732404461,214676.99644070293,-8.959457828903474
The Oaks,dfw,dallas,Sachse,398191.73365083337,385993.60633680393,-3.0633803475000656
Trail Lake Estates,dfw,dallas,Grapevine,610148.3529750817,646072.6020536259,5.887789240662155
Old Cobweb Park,dfw,dallas,Azle,242705.40418697477,242310.44569994332,-0.16273164100095205
Anderson Heights,south_florida,miami,West Little River,440311.4461949069,452596.81012094714,2.7901532045574036
Bent Tree,south_florida,miami,Palm Beach Gardens,763794.9763053028,780381.1992637212,2.1715543402302515
Aberdeen,tampa,tampa,Wesley Chapel,356698.22288048244,360772.44651429536,1.1422046347503252
Pleasant Valley,dfw,dallas,Wylie,610448.0591520446,563191.4760383933,-7.741294677764064
Eagle Ridge,dfw,dallas,Forney,325211.17090891994,318674.4698719523,-2.009986624597937
Linwood,dfw,fort_worth,Fort Worth,496001.02916173707,546268.2283606693,10.134494939231473
Ember Creek,dfw,fort_worth,Mansfield,332194.6482797542,332910.75906622066,0.21556963369963345
Woodlake,dfw,dallas,Rowlett,291576.9869024479,285392.5199102413,-2.1210408468469772
Colony Park,houston,houston,Sugar Land,722049.5209120689,747713.1846583373,3.5542802817528205
Anderson,dfw,dallas,Hurst,240794.9770276668,242401.3646408644,0.6671184063000677
Hunters Glen,dfw,dallas,Lewisville,309872.1859932546,313183.1382372675,1.068489652725715
Westridge Area,dfw,fort_worth,Fort Worth,630966.1906315543,648764.451282152,2.8207946661583843
Brookhollow,austin,austin,Pflugerville,333191.61746288865,326207.1689129167,-2.096225770370682
Maria Teresa,south_florida,miami,Hialeah Gardens,525562.8531705696,533417.2998527245,1.4944828453478551
Louetta Lakes,houston,houston,Spring,339452.3404716946,340487.0124473396,0.3048062576935688
Keystone Manor,tampa,tampa,Clearwater,319517.6779992195,315525.4381906346,-1.2494581938576383
Spring Lakes of Clearwater,tampa,tampa,Clearwater,415376.7984759899,411871.295800269,-0.8439331923647456
Braun Hollow,san_antonio,san_antonio,San Antonio,311959.70708785,319792.90789578255,2.5109655606025583
Hills of Welleby,south_florida,miami,Sunrise,557157.3386008879,535232.8454672832,-3.9350631526564297
Beechwood Creek,dfw,fort_worth,Fort Worth,363727.88781916286,361760.93856620527,-0.5407749361070484
Pebble Creek,orlando,orlando,Kissimmee,306080.03322213975,299614.5128257572,-2.112362681197878
Austin Oaks,dfw,dallas,Grapevine,595910.5355710858,632525.6151925575,6.144392058177315
Hunter's Creek,dfw,dallas,Carrollton,511362.7516050604,505300.01686035236,-1.1856035125120867
Albury Trails Estates,houston,houston,Tomball,425385.4703288523,436670.7218568791,2.6529471068446577
Gulf Harbors Woodlands,tampa,tampa,New Port Richey,399191.8794029071,367891.3929025111,-7.84096273381458
Yacht Club Estates,tampa,tampa,Seminole,519446.2143212748,534642.404202211,2.9254597419276616
Palm-Aire Village (EAST),south_florida,fort_lauderdale,Fort Lauderdale,430194.54350150144,413551.1475041775,-3.868806856976284
Settlers Grove,houston,houston,Sugar Land,319104.97148118546,318166.1005252406,-0.2942200967872518
Forest Ridge,dfw,fort_worth,Burleson,243944.48261591644,233773.00278424853,-4.169587982722532
Pelican Harbor,south_florida,miami,Delray Beach,426889.6165771975,407637.32730044425,-4.509898701945057
Coytown,orlando,orlando,Orlando,423447.5691671011,437078.91326412506,3.2191338643969725
Plumosa Park,south_florida,miami,Riviera Beach,289359.9408018039,288343.1252286387,-0.35140163850864814
East Bay Estates,tampa,tampa,Largo,288211.4739072006,288689.04774367996,0.1657025759609789
Encino Ranch,san_antonio,san_antonio,San Antonio,520826.99307577725,535622.434758161,2.840759384418284
Laguna Springs II,south_florida,miami,Weston,801740.2943571393,795643.6955759457,-0.7604206529350072
Estuary,tampa,tampa,Riverview,436084.1254105707,443337.7376853417,1.663351599405674
Greenbriar,houston,houston,Sugar Land,229041.1631756424,227978.1395601727,-0.46411902591260445
Wyndham Estates,dfw,dallas,Wylie,292950.50662864704,278029.1678266009,-5.093467484922593
Sterling Creek,dfw,fort_worth,Fort Worth,325064.13645215635,321819.53718243696,-0.9981412607160783
Hidden Creek,dfw,dallas,Grand Prairie,447979.2690248417,456449.7377773881,1.8908171288784885
Whisperwood Estates,dfw,dallas,Saginaw,290918.9368898973,295444.26957452117,1.5555304625413828
Forest Colony,houston,houston,Porter,245507.88295270337,246507.97694539363,0.40735718163596846
Willow,houston,houston,Spring,292063.95403057634,287314.6387671111,-1.6261216757231238
Broadway Village,dfw,dallas,Garland,211065.0040570336,205464.1924328964,-2.6535955826309077
Lake Weldona,orlando,orlando,Orlando,627628.5259171412,645544.5567758939,2.854559682827087
Harbor Isle,tampa,tampa,Saint Petersburg,867347.1813883899,877008.2217941092,1.1138608175626485
Lake Padgett Pines,tampa,tampa,Land O Lakes,387953.633453063,392914.33205595234,1.2786833722204307
Teaswood,houston,houston,Conroe,888466.6698408952,906278.9149384715,2.0048298605018093
Braun Willow Unit2,san_antonio,san_antonio,San Antonio,291424.1765194701,290144.758690301,-0.439022542484102
Bedford Heights,dfw,dallas,Bedford,426694.0964515391,447139.71933295735,4.7916348155382416
Glenann,dfw,dallas,North Richland Hills,329443.48295034724,339278.8425777214,2.9854467113123966
Fruitland Heights,tampa,tampa,Saint Petersburg,221784.62148278215,219270.0916970326,-1.133771029270743
Gray Gables,tampa,tampa,Tampa,851016.3239321824,884053.5424161496,3.8820898677144506
Western Oaks,dfw,dallas,Grapevine,687272.2033484601,683137.4742033466,-0.601614487675869
Stonegate,dfw,dallas,McKinney,540440.0250943904,537327.7048896267,-0.5758863260026109
Reata Meadows,dfw,fort_worth,Fort Worth,331316.7460793841,335238.19799261837,1.1835960480834453
Frontier Estates,dfw,dallas,Prosper,865731.8453588486,844630.658489821,-2.437381388030268
Artesian Oaks,houston,houston,Conroe,244776.6030990275,239814.71037645062,-2.0271107041098566
Sierra Circle,austin,austin,San Marcos,432837.8876424518,429003.8321192054,-0.8857948051011546
Clearview Terrace,houston,houston,Texas City,186340.85576045184,185083.1989956861,-0.6749227160266457
Barker Lake,houston,houston,Cypress,366887.3397210788,394866.4857500297,7.62608653932339
Lakewood Estates,dfw,dallas,Little Elm,337709.5060201019,332446.7408120817,-1.5583704675778076
Flora Ridge,orlando,orlando,Kissimmee,274380.6541375899,256467.87749289226,-6.5284400975715915
Vedado,south_florida,miami,West Palm Beach,489519.8047205426,495277.6854211556,1.1762303884518068
North New Berlin,jacksonville,jacksonville,Jacksonville,548001.0150127141,560404.5403038758,2.263412831611992
Lucerne Homes East,south_florida,miami,Greenacres,335948.0219485885,312621.3588386757,-6.943533399783656
Asbel Estates,tampa,tampa,Land O Lakes,364986.7532734155,369838.9672012314,1.3294219267681355
Fairway Village,tampa,tampa,Wesley Chapel,645569.4654424051,649325.5907835631,0.5818313198230278
Rosery Grove Villa,tampa,tampa,Largo,370646.74703965825,408049.575655768,10.09123347630722
Park Place East,dfw,dallas,Midlothian,287091.9616315694,277409.9647271428,-3.372437475923355
Quail Ridge,dfw,dallas,Royse City,242357.18253543237,238429.51958540978,-1.6206092631268982
Mountain Valley Lake,dfw,fort_worth,Burleson,381538.8865488851,385525.7681336312,1.044947638446101
Crystal Lake,dfw,dallas,Garland,292367.64484673046,285328.19055016205,-2.4077405351261563
River Park,dfw,fort_worth,Fort Worth,739489.2222935531,763531.2398282303,3.251165373324859
Brookside,dfw,dallas,Benbrook,452491.2592605946,451417.4683974177,-0.2373064321577351
Crescent Beach,jacksonville,jacksonville,Saint Augustine,515034.52101610834,508203.08082277223,-1.3264043310841385
Southgate,dfw,dallas,Grand Prairie,392306.3651854244,392651.91720760724,0.0880821859771565
Meadowview Estates,dfw,dallas,North Richland Hills,404971.0794017659,450717.11663302744,11.296124478527904
Ridgepointe,dfw,dallas,The Colony,459576.85769082577,452758.106899741,-1.4837019482108045
Lafayette Place,san_antonio,san_antonio,San Antonio,180136.94422428528,199933.7070775377,10.98984050079356
Hillandale,tampa,tampa,New Port Richey,215226.12903296825,214715.4744398345,-0.2372642185352523
Cooper Crosing,dfw,dallas,Denton,292990.6491707358,292004.1863509644,-0.33668747537281624
Mayfair,dfw,dallas,Bedford,382517.1745834074,406367.0464050344,6.234980650895331
Steeplechase,dfw,dallas,Plano,824737.2604750885,834102.895702064,1.1355901662040206
Maplewood,south_florida,miami,Jupiter,770655.3697320056,758547.515353876,-1.57111140124023
Parkland Villas,houston,houston,Pasadena,193654.95877698503,195000.68123532078,0.6949073067039264
Hanover,south_florida,miami,Delray Beach,565034.0643100846,568514.9392631596,0.6160469205206738
Mariner Pointe,dfw,dallas,Little Elm,308912.0501399241,295836.85078563506,-4.232660832870239
Sunswept Isle,south_florida,miami,Ojus,943918.1898756444,937904.3885352977,-0.6371104408040884
Colony Grant,houston,houston,Sugar Land,377142.6200092179,395539.639101554,4.878000553712671
Rosemeade Heights,dfw,dallas,Carrollton,498597.8378702891,503262.9272571272,0.9356417201415362
Bridges on Lake Houston,houston,houston,Atascocita,363254.431581307,371478.20680721547,2.2639160078815763
Sky Lake Homes,south_florida,miami,Ives Estates,613654.3475876427,581224.3371914467,-5.2847357023840456
Gatlinburg,austin,austin,Pflugerville,304161.3146520722,306517.74363372306,0.7747300094183096
Fountain Park,dfw,dallas,Euless,508863.14762694185,549111.0333285726,7.909373254739474
Doral Meadows,south_florida,miami,Doral,844075.251737689,839871.8853999,-0.4979847862066282
Castleridge,dfw,dallas,Grand Prairie,374162.7150434615,373987.04942521086,-0.046948990689841305
Orange Tree Lakes,south_florida,miami,Davie,649940.1448204209,627714.9348715672,-3.419577960520434
Timberlake Estates,dfw,dallas,Azle,361165.4180884987,367051.0553010157,1.6296236897949008
Lake Shore Village,orlando,orlando,Orlando,215803.12937152563,207732.92124606055,-3.7396158938786526
Pine Tree Park,south_florida,fort_lauderdale,Pompano Beach,345902.7542302346,323054.12387913023,-6.605506915361595
Orange Terrace,tampa,tampa,Seminole,432226.10240550473,440522.66761977517,1.9194965709143559
Campeche Cove,houston,houston,Galveston,235250.5073118765,211884.61982725852,-9.932343080408899
Castellina,south_florida,miami,Wellington,904777.8121397612,861351.7322549534,-4.799640232346876
Cutler Creek,south_florida,miami,Cutler Bay,428118.82261335413,414598.84430075885,-3.1579967052290865
Haggard,dfw,dallas,Plano,286459.06470343395,351951.60781245085,15.0
Villages of Stonegate,dfw,fort_worth,Fort Worth,948130.778497377,986117.4318018078,4.006478237594306
Pecan Lake Estates,houston,houston,Lake Jackson,340952.07108035305,347050.7487845987,1.7887199467424193
Murphy Farms,dfw,dallas,Murphy,586341.6175089851,597595.9634171197,1.919417890878628
Durham Farms,dfw,dallas,Watauga,406653.6483913767,423012.16486485855,4.022714793828155
Bowman Estates,dfw,fort_worth,Fort Worth,299287.268108281,292690.1036167557,-2.2042917272172424
Park View Hills,dfw,dallas,Haltom City,247698.84604587732,246788.50771684348,-0.36751819540783465
Blue Haze,dfw,fort_worth,Fort Worth,255312.92121428353,252178.17969269838,-1.227803711099357
Somerset Lakes,tampa,tampa,Largo,436503.1705769907,443531.0625297672,1.6100437354181694
Austin Meadows,houston,houston,Sugar Land,594985.0178746675,624070.2923803123,4.8884045197540695
College Park,tampa,tampa,Clearwater,446745.6067027013,465963.19024358894,4.301683833608794
The Trails of Marine Creek,dfw,fort_worth,Fort Worth,324812.4153532787,321038.75417560374,-1.1617970863492293
Sunset Bay,south_florida,miami,Sunrise,504763.7032664802,505050.7644137447,0.0568704020132263
Bennington,tampa,tampa,Westchase,634693.0434846602,632501.5508035854,-0.34528386651960163
Valley View,dfw,dallas,Lewisville,404668.0521915382,388190.4238706547,-4.07188762039566
Sanders Park,south_florida,fort_lauderdale,Pompano Beach,326256.52502833266,312077.02530123363,-4.346119890128683
Brookside,dfw,fort_worth,Fort Worth,220106.23591439755,229103.90640346316,4.087876225626308
Oak Ridge Estates,dfw,dallas,Bedford,365474.9284464563,399503.870124955,9.31088264334501
Bay Ridge Estates,tampa,tampa,Seminole,346203.6986411198,358707.9976168592,3.6118328674187703
Corinthian Palisades,dfw,dallas,Corinth,353938.3621084954,365555.09255315183,3.2821337521744787
Countrypark,tampa,tampa,Clearwater,803777.5966542019,837265.9761577122,4.166373838100087
Indian Rocks Village,tampa,tampa,Largo,299572.54578702344,294702.55983521126,-1.6256449465414042
The Seventh at Sonterra-The Vineyard,san_antonio,san_antonio,San Antonio,519071.5226906862,529992.3746418741,2.103920456775973
Westwood Gardens,south_florida,miami,Palm Beach Gardens,370839.7482706627,359329.41604685056,-3.1038561204639636
Rock Island - Samuels,dfw,fort_worth,Fort Worth,177516.09346227557,184203.76494740552,3.7673606683729566
Woods of Spring Creek II,dfw,dallas,Richardson,669037.5391618983,665569.5980417114,-0.5183477633454199
Gulf Breeze Acres,tampa,tampa,Largo,314006.01829115645,319273.1026332407,1.6773832459479912
Ryans Crossing,austin,austin,Round Rock,347326.9028112314,335289.33449761284,-3.465774812197843
Oak Hills,dfw,dallas,North Richland Hills,443878.9973785882,451982.2198284425,1.825547614937726
Harwood Terrace,dfw,dallas,Bedford,345697.96697904525,368524.764692432,6.60310441304112
Indian Springs,dfw,dallas,Carrollton,564409.5808672599,566560.4215112061,0.38107798252489994
Park Creek,tampa,tampa,Riverview,376023.2347887608,379928.61342158745,1.0386003500609753
Country Estates,tampa,tampa,Holiday,196979.2920389617,200991.25420489733,2.036743113657899
Belmona Park,south_florida,miami,Hialeah,566569.3211644525,573988.3084076057,1.309457989695816
Buena Vista,dfw,dallas,Hurst,217543.01538427357,219273.43330843738,0.7954371327928641
Berkshire West,south_florida,miami,Hialeah Gardens,570699.5402142545,558646.1754946728,-2.1120333678657857
Boynton Estates,south_florida,miami,Boynton Beach,538475.6055166625,524993.4135792364,-2.50377023569899
Summit Ridge Estates,dfw,dallas,Lewisville,401144.2430903108,402666.13551158813,0.3793878255744352
Sam Bass Trails,austin,austin,Round Rock,301787.6798733727,287164.50386315817,-4.845517887393646
Teakwood Estates,dfw,dallas,Bedford,385429.6138834185,408109.93903277523,5.884427229355784
Parkside Village,dfw,dallas,Allen,588744.173545217,590608.2280554868,0.3166153643687169
Canterbury,dfw,dallas,Bedford,356637.0560526553,366452.2468548894,2.752151139556557
North Lake Worth,dfw,fort_worth,Fort Worth,407292.5866392296,498546.00668293936,15.0
Paradise Heights,south_florida,miami,Delray Beach,440974.5901215454,474703.89612038346,7.648809422225726
Waterford Park,dfw,dallas,Flower Mound,702149.1359920427,754695.1000112194,7.483590212631432
Rollingwood,dfw,dallas,Bedford,400838.9731479413,412455.7769106235,2.8981223236480727
Fall Creek,san_antonio,san_antonio,San Antonio,377166.2747780148,383872.3415570574,1.7780133663831743
Briargate,south_florida,miami,Miramar,454693.8292036389,446638.9254678897,-1.771500561126315
Mill Pond,tampa,tampa,Largo,379080.9551196916,380556.66393877624,0.3892859293389412
Bayside Terrace,houston,houston,La Porte,202832.34983433163,203956.87755148116,0.5544124090994417
Spinnacker Cove,dfw,dallas,Rowlett,296337.9538778034,290638.2470437149,-1.9233806400778457
Vista Greens,dfw,fort_worth,Fort Worth,315418.13168164436,310443.61875147605,-1.5771169855222988
Lake Royall East,south_florida,miami,Hialeah,437021.7662888,438508.4610192372,0.34018779958312734
New Malibu,orlando,orlando,Orlando,239641.2129920124,249059.44083344855,3.9301369425759245
Bullfrog Creek,tampa,tampa,Riverview,348222.4159337303,348596.95459136204,0.10755730834484906
North Palm Trail,south_florida,miami,Delray Beach,927779.450989075,912081.9391307757,-1.6919443345683782
The Parks,dfw,dallas,Saginaw,285027.46581846825,288831.4857502065,1.3346152171036791
Benson Manor,south_florida,miami,Cutler Bay,543346.8878483826,565543.6380224888,4.085189530026364
Brentwood Village,dfw,dallas,Garland,219699.04395859645,215985.7091195337,-1.690191624030251
Quail Ridge,dfw,fort_worth,Fort Worth,389768.1129632511,402662.8885977607,3.3083197946788943
Pioneer Crossing,austin,austin,Round Rock,317364.4724619414,313081.0341397456,-1.3496905589233887
Greenbriar,dfw,dallas,Benbrook,257201.53256678252,250498.56187573355,-2.606116154968302
Kings Mill,dfw,fort_worth,Mansfield,688165.6434135173,711213.9799389965,3.3492425473541863
Centennial,south_florida,miami,Cutler Bay,599312.3400772373,587235.2488041522,-2.0151581179737836
Creekshire,houston,houston,Sugar Land,301305.1190398392,301310.0988127247,0.0016527342453966764
Hurstview,dfw,dallas,Hurst,242657.40059261743,244221.82852543733,0.6447064581584001
Idlewyld,south_florida,fort_lauderdale,Fort Lauderdale,641278.8051811472,614784.8398064378,-4.1314269488799615
Kapok,tampa,tampa,Clearwater,397026.2707454749,405621.23139809596,2.1648342404352134
Tejas Trails,dfw,fort_worth,Fort Worth,484129.5232210238,499550.3589629605,3.1852706770160117
Hibiscus,orlando,orlando,Orlando,314914.4063616549,315904.841039595,0.3145091675490568
Bayou Lakes,houston,houston,Dickinson,389617.58216183376,395431.03529060516,1.4920920910485713
Woodland Homesites,south_florida,miami,West Little River,397253.4342240536,410464.6423124439,3.3256372255649493
Villages of Sunset Pointe,dfw,fort_worth,Fort Worth,305796.9248883947,302142.5473422204,-1.1950341055614135
Rustic Oaks,dfw,dallas,Garland,338791.6838933018,330870.56459408236,-2.33805009857152
Heights of Park Vista,dfw,fort_worth,Fort Worth,332842.81829326367,334247.757882742,0.4221030204835105
Meadow Place,houston,houston,Cinco Ranch,476572.1340976008,513803.62568716786,7.8123517775678675
Katymead,austin,austin,Pflugerville,405033.41716294194,389509.2998378377,-3.832799138856983
Orange Manor,tampa,tampa,Largo,304219.11978572095,298460.05502343405,-1.8930646983474746
Villa Del Trio,south_florida,miami,Greenacres,218479.42128087892,177332.77184106206,-10.0
Lonesome Dove Estates,dfw,dallas,Hurst,580215.7945704018,676385.8825809574,15.0
London Estates,south_florida,miami,Hialeah Gardens,488331.81671573216,522840.8102441664,7.066710041652402
Bellevue Crest,dfw,dallas,Cleburne,250261.16836516265,245080.13474803176,-2.0702507108778083
Fountail Ridge,dfw,dallas,Plano,517408.1710047406,520033.182854228,0.5073386924659491
Chapman Place,dfw,dallas,Waxahachie,338512.491201125,332353.02527480735,-1.8195682837175025
Crystal Forest,dfw,dallas,Midlothian,615722.3295664556,638057.6540856324,3.6274995150660967
Brentwood Place,dfw,dallas,Garland,256546.6056589696,250164.6854446866,-2.4876260583882286
Big Bear Creek Meadows,dfw,fort_worth,Fort Worth,414755.97460402624,417677.9473338865,0.7045040719786936
Cantarra,austin,austin,Pflugerville,353768.49530236976,344644.36213335907,-2.5791254139835695
Gibsonton on the Bay,tampa,tampa,Gibsonton,182915.3388393768,181242.0004827234,-0.9148157651900419
Sunrise Meadows,dfw,dallas,Royse City,284277.139530737,285866.2481456968,0.5589997906912217
Saginaw West,dfw,dallas,Saginaw,257029.41847498875,250035.1290247285,-2.721201912123092
Historic Gardens,san_antonio,san_antonio,San Antonio,232223.71997435985,227759.46497065664,-1.9223940621552829
Quail Hollow Estates,dfw,dallas,Wylie,404377.0385549604,391325.8319676749,-3.2274845856540058
Honey Lake,south_florida,miami,Davie,501530.2870510544,497159.91798000457,-0.8714068090976442
Country Club Park,dfw,dallas,Grand Prairie,349523.1470986732,360886.9102811734,3.251219061406574
Highland Meadows,dfw,dallas,Rockwall,307455.26801375014,299287.8606769234,-2.6564538606186643
Whitlock Warriors,dfw,dallas,Carrollton,274444.3246931155,268437.6522749458,-2.1886670183055736
Primavera,south_florida,miami,Miami Lakes,904411.4770675204,902570.2994068429,-0.203577432105056
Erin Glen,houston,houston,Deer Park,304321.4427703745,311310.2304591145,2.296515035259408
Regency Oaks,tampa,tampa,Spring Hill,320296.21501561004,321260.57690260716,0.3010843843253426
Tuscany at Lake Mary,orlando,orlando,Lake Mary,621116.2361597111,632360.2433153105,1.8102903290887522
Lakeview,houston,houston,Channelview,174227.54284014055,176180.9533858018,1.1211835475712226
Mil-Lake Estates,south_florida,miami,Greenacres,284079.31245509954,292462.48612692225,2.9509975926697285
Briar Grove,houston,houston,Conroe,254367.2428893676,253621.67831614977,-0.2931055763112129
Los Palicios,south_florida,miami,Hialeah Gardens,412676.4173999669,425037.09771541966,2.995247558203149
Bay Colony,houston,houston,Dickinson,293430.74549727706,290482.96831344516,-1.004590428598852
Wakefield,dfw,fort_worth,Burleson,296703.7060148137,290286.3508012828,-2.162883403017043
Bedford Park Estates,dfw,dallas,Bedford,411357.8007784349,457901.8359636363,11.314732599484817
Oak Harbor,dfw,dallas,Azle,437260.36748962384,450103.4010015654,2.9371592915395697
Cobblestone,dfw,fort_worth,Fort Worth,269491.6965936132,279106.46938476345,3.567743612393779
Copper Creek Estates,dfw,dallas,Plano,447094.9354296872,446382.57741688215,-0.1593303695378321
Stonegate,dfw,dallas,Cleburne,448583.0971018717,452410.58225719584,0.8532388268867277
Clear Springs Place,dfw,dallas,Richardson,360381.07978825504,354266.3319060152,-1.6967449805723938
Donna Park,dfw,dallas,Hurst,321145.1628107236,322595.24283868383,0.4515341334332625
Ridgeview,dfw,fort_worth,Fort Worth,368654.80941729824,368849.5874509752,0.052834800659411985
Pine Grove,south_florida,miami,Delray Beach,408511.6276570103,422541.22818354215,3.434320978082718
Cambridge,dfw,dallas,McKinney,600057.1409663408,594554.0174320047,-0.9170999157636543
Eden Roc Maintenance Association,san_antonio,san_antonio,San Antonio,303026.0608279555,329566.5961287246,8.758499261830027
Trail Ridge,dfw,dallas,Benbrook,372951.42079396377,385627.3295054997,3.3988096048945455
Fall Creek Estates,dfw,fort_worth,Keller,652651.321989576,682373.6890074022,4.55409588801858
La Bandara,dfw,dallas,Benbrook,363001.8291783412,381067.4457907238,4.97672880967964
Quail Run Valley,dfw,dallas,Rockwall,420320.7416132211,416154.8126807548,-0.9911309435925473
Woodgate,dfw,dallas,Carrollton,477021.12944496545,479391.69211160106,0.49695129215635847
Manderley,orlando,orlando,Lake Mary,464605.7179169703,480351.30906046054,3.389022247527336
Marlborough Square,dfw,dallas,Richardson,413621.72358899465,434190.93521323224,4.9729524469262865
Remington Ranch,dfw,fort_worth,Mansfield,326185.1462538482,319467.2784227615,-2.059525980333473
Skyline,dfw,dallas,North Richland Hills,306568.0854087857,317842.2582444955,3.677542892527952
Villages of Caramel,dfw,dallas,Denton,308350.84888471797,302731.4276769437,-1.8224114602243786
Fosters Mill,south_florida,miami,Boynton Beach,515791.4628500487,513118.5710136933,-0.5182117248676618
Spring Creek,dfw,dallas,Saginaw,304658.38391640066,297546.7785923793,-2.3342884028337836
Creekview Estates,dfw,dallas,McKinney,488893.3820107428,483072.51735075295,-1.1906204653557633
Bellevue,dfw,dallas,Waxahachie,232182.37201394397,223234.79531439065,-3.853684765963181
Big Bayou,tampa,tampa,Saint Petersburg,367909.7791860768,354964.60177108424,-3.518573886138885
Pleasant Manor,dfw,fort_worth,Burleson,246076.5254460411,238980.77111049817,-2.883555968079886
Berkley Heights,dfw,dallas,Cleburne,432067.4381028384,438035.00115602923,1.3811647272920522
Hunters Ridge,dfw,dallas,Grapevine,414812.8960876383,431051.1337791862,3.9145932647468156
Pineapple Park,south_florida,miami,West Palm Beach,568735.5270241435,719589.6115516074,15.0
Borgata,south_florida,miami,Boynton Beach,555755.5067010692,539200.132268005,-2.978895257617118
Willow Creek,austin,austin,Pflugerville,367246.10910282686,356597.0558777085,-2.899704846739901
Barrett,houston,houston,Crosby,181178.24213588503,180400.39402395056,-0.4293275521191299
Beasley,tampa,tampa,Tampa,236610.40356476852,257939.494918391,9.014435135682422
Marsandra Estates,tampa,tampa,Largo,350002.9560720292,355597.58840810484,1.5984528813306074
Lewisville,dfw,dallas,McKinney,240988.47094574233,225854.76257721975,-6.279847458731699
Summer Hills,dfw,dallas,Watauga,317359.0029543939,322348.59326459846,1.5722227079600355
Pecan Valley,dfw,dallas,Benbrook,295329.39302252186,288187.17246383074,-2.4183913716121253
Sawgrass Estates North,south_florida,miami,Sunrise,580751.3109693875,567154.7978138687,-2.3411937086846275
Gulfair Estates,south_florida,miami,West Little River,431130.18516432325,430358.7882220722,-0.17892436410061535
The Park at Deerfield,san_antonio,san_antonio,San Antonio,743087.2578841605,771570.6003109777,3.833108712955137
Miramar Club,south_florida,miami,Miramar,194144.98780336697,171732.25100369973,-10.0
Providencia Park,south_florida,miami,West Palm Beach,803029.7146141204,796161.4416022158,-0.8552950017802372
Old Donation,dfw,dallas,Frisco,400962.3992270234,393749.7260487502,-1.7988402883107764
Twin Creeks,dfw,fort_worth,Mansfield,604166.0390111018,615380.0431258663,1.8561129541672976
Southwest,tampa,tampa,New Port Richey,263526.2960009956,247379.60584224504,-6.127164690498123
Willow Dell,houston,houston,Tomball,255475.5478641363,255475.4281164006,-4.687248414867413e-05
Country Lake,south_florida,miami,Delray Beach,330426.9077791892,312006.1545722833,-5.574834486305119
Woodlake,south_florida,miami,Delray Beach,440682.7206134165,454451.94698267314,3.124521503836204
Oak Timber,dfw,dallas,Hurst,297873.8967776689,306418.85190030135,2.868648517063695
Brookside,dfw,dallas,Grapevine,473253.5990012775,497075.15912138805,5.033571888387535
Oak Terrace,south_florida,miami,Greenacres,172137.63907843726,143288.6491108179,-10.0
Timber Creek,dfw,dallas,McKinney,425280.5634286722,405916.27888857125,-4.553296389560658
Waterview Preservation,dfw,dallas,Richardson,686099.8118297557,709124.4553500614,3.3558737552924636
Whispering Pines,houston,houston,Baytown,297056.7833381996,301187.1740820088,1.3904381167107416
Brooks-Moreland,dfw,dallas,Benbrook,339817.48552977596,355159.6845648852,4.514835077185843
Gardens Of Woodberry,south_florida,miami,Palm Beach Gardens,389227.98595307814,385320.7245064367,-1.0038490518799672
Corinth Farms,dfw,dallas,Corinth,382190.9377599221,398594.6322050292,4.292015541041231
Verano,south_florida,miami,Miramar,216828.4970167209,206245.53786550259,-4.880797172339488
Country Day Estates,dfw,dallas,Benbrook,513606.648322875,620140.7680692932,15.0
Nottingham,dfw,dallas,Carrollton,479944.6700481538,476484.119809217,-0.7210310802263075
University Place,dfw,fort_worth,Fort Worth,701425.3116588015,788937.255692995,12.476302548483236
Dove Meadows,dfw,dallas,Grapevine,433469.1976395173,454053.2331137585,4.748673166705453
Southplace Estates,dfw,dallas,Wylie,350799.62798388465,338554.64332341315,-3.490592259417681
Radcliffe,tampa,tampa,Westchase,843025.6623105324,878532.404754818,4.2118222530699745
Garden Acres,south_florida,miami,Oakland Park,260480.015901583,228905.3451011682,-10.0
Boston Heights,dfw,dallas,Benbrook,284866.161378512,286289.48179837666,0.49964531167092663
Historic Roser Park,tampa,tampa,Saint Petersburg,440900.6984683743,446682.92248854286,1.311457214800328
Bell-Hurst,dfw,dallas,Bedford,231311.3300884512,240508.47519840908,3.976089327937793
Laudergate Isles,south_florida,fort_lauderdale,Fort Lauderdale,395523.15278183547,371764.3744037481,-6.006924806040967
Retreat at Firewheel,dfw,dallas,Garland,829248.7597753126,851289.6614999851,2.6579360493278967
Westhampton,south_florida,miami,Wellington,358989.3955944218,352865.1602944767,-1.7059655173948585
Hyde Park Manor,south_florida,miami,Golden Glades,401559.40356166335,404988.5842147397,0.8539659693337859
Waterford Trails,dfw,dallas,Allen,681743.6965446585,686517.9012940548,0.7002932001562794
Alamo Farmsteads-Babcock Road-Owners Association of Westfie,san_antonio,san_antonio,San Antonio,278553.1594741144,277783.8930172112,-0.2761650445306604
Hanna Ranch,dfw,fort_worth,Fort Worth,254224.7174917997,248631.9677139956,-2.199923686800635
Republic Oaks,san_antonio,san_antonio,San Antonio,284877.18734955875,286575.52320528374,0.5961642178252218
Spring Meadow,dfw,dallas,Allen,512826.2671894776,512130.18590271863,-0.13573432784046788
Stone Creek,dfw,dallas,Carrollton,542595.2894276701,561846.7404958893,3.548031367637878
Charleston Commons,dfw,dallas,Garland,408183.1605679497,405891.0121259759,-0.5615489964810079
Indian Shores,houston,houston,Crosby,286302.3372092919,285335.08691756683,-0.3378422618387366
Holiday Hills,dfw,dallas,North Richland Hills,340338.2454501673,338383.15244292445,-0.5744558636531779
Stonewood,dfw,dallas,Grapevine,850052.8031244049,883099.2968552411,3.887581290170731
Sims Grant,tampa,tampa,New Port Richey,272890.3638363162,284047.3842761872,4.08846259099246
Barony Woods,tampa,tampa,Spring Hill,421177.9136997821,427275.3234611915,1.4477040611763081
Plantation Estates,tampa,tampa,Spring Hill,435096.0350293222,444798.9024833587,2.230051913339681
Oakmont,dfw,dallas,Denton,391082.91173031833,387447.58317946055,-0.929554435087315
Meadows at Cambridge Heights,austin,austin,Pflugerville,353529.8081807027,345540.0409119407,-2.2599981907828592
El Camino Real,austin,austin,San Marcos,244355.7503562929,221251.3479669844,-9.455231708531588
West Settlers,south_florida,miami,Delray Beach,632182.033069074,786252.7175241571,15.0
Hillsborough,dfw,fort_worth,Fort Worth,355937.2943129745,372452.1861902105,4.6398318302421355
River Road,san_antonio,san_antonio,San Antonio,417065.1428692614,451028.19494576624,8.143344668617235
Harmony Lakes,south_florida,miami,Davie,477962.7968225484,458672.8005650518,-4.03587818669877
Biltmore Estates,tampa,tampa,Largo,367113.4842379493,375620.71263657964,2.317329317469654
Creekwood,houston,houston,Baytown,212605.13794360904,212324.31913392633,-0.13208467697388898
Jade Oaks,san_antonio,san_antonio,San Antonio,353643.5601107574,382260.36235451174,8.091990204711163
Countryside San Pedro,san_antonio,san_antonio,San Antonio,400472.9088029314,406878.2389264095,1.5994415558906474
Steeple Ridge,dfw,dallas,North Richland Hills,566698.4743220733,597681.9374370947,5.467363072061591
Plantation,orlando,orlando,Kissimmee,276122.73952853127,272462.405927622,-1.3256183127688617
Creekbend Estates,dfw,dallas,Plano,626454.562506265,618773.0267682769,-1.2261920014208936
Florida Tropical Estates,south_florida,miami,Miami Lakes,663627.8944683992,630242.7967614197,-5.030695361852247
Lakewood,dfw,dallas,Prosper,811392.910245642,819150.2666572375,0.9560542511083965
Woodland Hills,dfw,dallas,Grapevine,575216.792360554,593370.0961334474,3.15590643631882
Chapel Hill,dfw,dallas,Highland Village,683838.1112430546,691439.8044217571,1.1116217499028285
Cypress Cove,tampa,tampa,Lutz,330318.66595870844,330882.97790293494,0.17083864836661802
Northeast Garland,dfw,dallas,Garland,345776.73395489535,350327.95856021973,1.3162321690267538
Shavano Heights,san_antonio,san_antonio,San Antonio,576559.4836067287,595317.9760094337,3.253522478783852
Gulfstream Estates,south_florida,miami,Boynton Beach,562322.4120362202,550528.9831354193,-2.0972717160775805
Bridgewater Crossing,dfw,dallas,Allen,573015.831312257,572298.6135933092,-0.12516542820558782
Otis,jacksonville,jacksonville,Jacksonville,301820.72570582066,302551.33072849375,0.24206588893606845
Independence Hill,dfw,dallas,Plano,540008.5811176227,550669.7885355212,1.9742662969973055
Sunrise,dfw,fort_worth,Keller,548045.9323074133,596261.1872117721,8.797666776096708
Southern Orchard,south_florida,miami,Davie,862122.599291196,863080.9789904715,0.11116512895769379
Cheyenne Ridge,dfw,fort_worth,Fort Worth,302132.2715829765,296143.28446931316,-1.9822401236004845
Robinson Oaks,dfw,dallas,Denton,445823.40968745126,445182.0647241514,-0.14385627792616099
Cresent Oaks Beach Estates,dfw,dallas,Little Elm,323210.363741719,317057.7819877909,-1.9035843042597158
University Park,tampa,tampa,Clearwater,411038.4738328936,416613.85835947486,1.3564142729976965
Highland Hills,dfw,dallas,Highland Village,504982.4158658557,558219.5656621396,10.542376946928359
Shady River,houston,houston,La Porte,318764.3471232092,334619.4708722581,4.973932590686051
Lake Catherine,south_florida,miami,Palm Beach Gardens,356840.3973471835,355753.2806941919,-0.30465066765797477
Coral Shores,south_florida,fort_lauderdale,Fort Lauderdale,759725.4896553293,777216.2523951358,2.3022477168354225
University Club,jacksonville,jacksonville,Jacksonville,353149.7163529272,355306.2736743901,0.6106637557957708
Alta Vista Acres,dfw,dallas,Haltom City,257615.7003455569,257812.53565728583,0.07640656662808554
Pecan Gap,dfw,dallas,Grapevine,555186.3431525336,597948.7258961177,7.702347738016213
Ridgelake Shore,houston,houston,Montgomery,726768.3055003512,703677.8110870996,-3.177146586951772
Carriage Glen,dfw,dallas,Grapevine,742745.4947688156,779656.4020427769,4.969522876130014
Kimberly Estates,dfw,dallas,Grapevine,420167.2674895823,462977.2173023184,10.188787448512397
Village Creek,dfw,fort_worth,Fort Worth,203656.47571206745,199263.20937758367,-2.1571945203918013
Highpoint,dfw,dallas,Lewisville,345637.6521898505,360392.65064515563,4.268921039655874
Ryan Ranch Estates,dfw,dallas,Denton,375616.5518789566,379130.72873954644,0.9355756137504498
Oyster Point,houston,houston,Sugar Land,689160.4269171295,654283.1040140348,-5.060842372960083
Sonoma,south_florida,miami,Sunrise,492041.0490743488,486393.793403087,-1.1477204354973427
Rolling Valley,dfw,dallas,Weatherford,276924.1139213112,277738.0279782147,0.2939123088192977
Woodland Hills,tampa,tampa,Largo,488760.0750169083,508019.3850101967,3.9404425561196175
Country Hill,dfw,fort_worth,Keller,548896.6245352683,618640.9979742756,12.706285723301262
Dodge City,tampa,tampa,Holiday,211842.1168979749,225484.2318979213,6.439755795358002
Scenic Shores,dfw,fort_worth,Fort Worth,479466.4310671872,503326.71358172735,4.976423993110919
Oxford,houston,houston,Sugar Land,511160.21464878885,527553.5087107063,3.207075510205936
Martinique,south_florida,miami,Miramar,379861.7404105084,377122.020377504,-0.7212413732542946
Magnolia Bay,south_florida,miami,Palm Beach Gardens,733765.7444551941,713911.4801936246,-2.7058041904519348
Parkwood Homes,south_florida,miami,Sunrise,495329.5501657185,493767.32815843535,-0.3153904318368379
Village of Oakpark,dfw,dallas,Bedford,451910.5879780695,455049.6776893696,0.6946262811289636
Castle Hill Estates,dfw,fort_worth,Burleson,421208.2468848599,419129.896030915,-0.4934259643100071
Garden Ridge,dfw,dallas,Lewisville,316622.50041091716,316362.0178908171,-0.08226911219576014
Willow Run,dfw,fort_worth,Burleson,238868.4650063009,227846.61124237717,-4.614193741996451
Stonebridge Meadows,dfw,dallas,Rockwall,391755.1554377304,387244.2350011143,-1.1514642178928838
Seminole Gardens,tampa,tampa,Largo,238961.7586216235,241681.51183261047,1.1381541660368646
Bently Village,dfw,fort_worth,Fort Worth,432170.64760406787,443818.1663843758,2.695120282897789
Beacon Hills,tampa,tampa,New Port Richey,190301.19676244212,194405.4490000813,2.1567138344183037
Tierra Del Oro,houston,houston,Baytown,340784.10050722084,357871.69328176894,5.0141989456418425
Quail Crest Estates,dfw,dallas,Bedford,486238.60610183346,514157.65760427056,5.741841793736547
Bay Colony Club,south_florida,fort_lauderdale,Fort Lauderdale,326371.8121532355,304263.37668061344,-6.774002732270847
Hampton,dfw,dallas,Sanger,232648.55533209452,223565.65394041874,-3.9041297199161122
South Decatur,dfw,dallas,Decatur,233311.3340314108,229749.68327367745,-1.5265656820829148
Shady Woods,south_florida,miami,Delray Beach,362665.2912324508,349596.3728079183,-3.6035757323564703
Towne Lake Garden,san_antonio,san_antonio,San Antonio,250007.43080999315,244431.8272615378,-2.230175131351527
East Gulfair,south_florida,miami,West Little River,420065.6767915157,420708.08081787376,0.15292942552811162
The Willows,orlando,orlando,Orlando,197177.39960470737,167760.55514041727,-10.0
Sharp's Farm,dfw,dallas,Richardson,716589.8893564445,763322.886320185,6.52158196171461
Highview Gardens,south_florida,miami,Golden Glades,439699.2767652256,479261.5917631342,8.997584733129463
City View Townhome,south_florida,fort_lauderdale,Fort Lauderdale,412885.99254209216,411894.12720145204,-0.240227413512705
Greens Estates,dfw,dallas,Garland,578787.4005606029,605332.6026957321,4.586347613893816
Trails of Prosper,dfw,dallas,Prosper,559700.1681947453,548295.471186018,-2.0376440202817903
Parkside Green,south_florida,miami,Greenacres,289486.7748962851,277381.9088257078,-4.181491909229402
Rhapsody,south_florida,miami,Sunrise,461719.7664209224,464885.1038844707,0.6855538128862867
Windsor Park,dfw,dallas,Garland,258166.3108616271,232823.8594965855,-9.816327808404383
Northpark Village,dfw,dallas,Watauga,286735.3262567969,287743.8426806499,0.35172381339220893
Gables At Northlake,south_florida,miami,Palm Beach Gardens,658052.6179789357,649092.7332426168,-1.361575729891825
Windsor Palms,south_florida,miami,Miramar,795904.0156679046,798146.8498678101,0.28179707047003355
Valley Ridge,dfw,fort_worth,Fort Worth,360603.88998464105,363070.62409441883,0.6840564337458608
Ridglea Estates,dfw,dallas,Benbrook,529345.4742817214,543323.4138406718,2.640608116640138
Willow Wood,dfw,fort_worth,Fort Worth,291299.2105517077,286964.98979752744,-1.4878930656802871
Flagstone,dfw,dallas,McKinney,711211.4171789922,764382.9249232716,7.476188719689474
Heatherwood,dfw,dallas,Hurst,489931.4429194185,543856.0577603445,11.006563391726464
Sylvan Beach,houston,houston,La Porte,248333.39700337104,248428.525610787,0.03830681195678291
Oakridge Estates,tampa,tampa,Spring Hill,371081.50545779587,359707.7488865381,-3.0650292197198565
Glenwood Estates,dfw,dallas,McKinney,394587.4366155549,395180.2126952932,0.1502268001289203
Mustang Lakes,dfw,dallas,Celina,783825.1721893247,824724.5661285121,5.217922999965683
Oakridge Park,dfw,dallas,Lewisville,376273.602375812,392100.13164577365,4.2061226644739556
Lindsey Place,san_antonio,san_antonio,San Antonio,255913.47823794404,255618.73864774284,-0.11517157760919604
Oak Bluff,san_antonio,san_antonio,San Antonio,276728.2161928841,277460.22781611996,0.2645236663274196
Bella Vida,orlando,orlando,Kissimmee,489110.0437314454,483003.07507568336,-1.2485878656614073
Chaucer Estates,dfw,dallas,Denton,418035.40139391733,411518.0843237947,-1.5590347249039145
Provincia Villas,san_antonio,san_antonio,San Antonio,264309.4617037862,264579.411744241,0.10213408128284748
Lake Shadows,houston,houston,Crosby,283577.6779152819,289274.2316313339,2.0088159822487173
Reid Farm,dfw,dallas,Allen,546352.2722552047,543466.9037638739,-0.5281150345400427
Saddlebrook,dfw,dallas,Richardson,719726.2445535721,764062.7743695063,6.160193566851929
Heather Oaks,orlando,orlando,Kissimmee,351934.00051387935,349518.0327484362,-0.6864831934156541
Quail Run,south_florida,miami,Boynton Beach,382463.85576589307,375702.1198157083,-1.7679411657460322
Mountain Creek,dfw,dallas,Grand Prairie,185232.22346395496,180315.29151185762,-2.6544690012070937
Lakeview,dfw,dallas,Garland,306409.93812107487,300534.2727134842,-1.9175831709704445
Creekside,dfw,dallas,Carrollton,740773.2703461229,764143.5190232167,3.1548450264915915
Silverstone,houston,houston,Conroe,684722.0401362524,702880.0248637821,2.6518767708888773
Preston Lakes,dfw,dallas,Prosper,656709.6433864065,616530.5876292709,-6.118237513606048
Glenmeadow,houston,houston,Baytown,185986.8613270038,186128.54215838583,0.07617787104483552
The Hill,houston,houston,Sugar Land,349828.2011265659,366979.84372439625,4.902875909545371
Glenfield,tampa,tampa,Westchase,529320.7878551041,541888.6984055354,2.374346679517087
Harmony Estates,south_florida,miami,Davie,681207.4776421569,677452.9248897795,-0.5511614119934313
Citrus Glen,south_florida,miami,Boynton Beach,517986.8832241699,519783.46736297704,0.3468396974889482
Mangrove Bayou,tampa,tampa,Saint Petersburg,533738.758901694,521582.1086827061,-2.277640515371857
Breckinridge Farms,dfw,dallas,Richardson,670151.4661303024,661798.4738447983,-1.2464334867067186
La Paloma Estates,dfw,dallas,Grapevine,395358.933993638,478788.88966093824,15.0
Lucky Star Estates,south_florida,miami,Ives Estates,544184.4929660483,549669.6617399082,1.007961241961019
Jackson Arms,dfw,dallas,Carrollton,288353.9294418682,283413.2947131399,-1.7133925444648237
Millwood Creek,dfw,dallas,Richardson,174247.77654717478,143255.30056921943,-10.0
Cumberland Park,tampa,tampa,Largo,338417.1695278445,340327.94720379973,0.564621966025276
Club Creek,dfw,dallas,Garland,460136.2010105408,473301.8261996122,2.8612452487235944
Sleepy River,south_florida,miami,Oakland Park,548856.3364588048,517399.0645988111,-5.7314218257831415
Westside Manor,houston,houston,Deer Park,271612.5938853501,282827.71576438175,4.129087579703923
High Country,dfw,dallas,Grapevine,638839.4934274204,670067.6942907094,4.8882702438679075
Arbor Creek,dfw,dallas,Carrollton,426533.5306485628,416602.47755062894,-2.328317092171694
Flanigan Hill,dfw,fort_worth,Keller,590931.1353852475,622284.2996648488,5.30572217339016
Iron Horse,dfw,dallas,Haltom City,274286.0064533772,275276.6036768461,0.36115485302282896
Silverlakes Estates,south_florida,miami,Boynton Beach,616106.0127483741,621541.0299069048,0.8821561624249861
Stone Lake Estates,dfw,dallas,Plano,805204.8120582127,827676.7201628594,2.790831322431553
Amelia View,jacksonville,jacksonville,Jacksonville,569695.7626788717,597083.4507481605,4.807423516809046
Valley Creek North,dfw,dallas,Garland,368466.25458067213,367615.4221964244,-0.23091188777002608
The Parks at Legacy,dfw,dallas,Prosper,686428.0957998349,653987.8741173313,-4.72594607956771
Lilyana,dfw,dallas,Celina,593426.4494390985,584270.7601883454,-1.5428515630550181
Marineland,jacksonville,jacksonville,Saint Augustine,669487.768360529,634517.6778739465,-5.223409917139902
Northwood Gardens,south_florida,miami,West Palm Beach,479067.9835774062,535958.1538216786,11.875176842219568
Highland Meadows,dfw,dallas,Highland Village,464273.67329224275,512213.15017354017,10.325693580975749
Stribling Square,dfw,dallas,Azle,290018.18844383553,287590.754850716,-0.8369935713841086
Spring Park,dfw,dallas,Richardson,619788.1607863555,628363.844564408,1.3836475622851625
Longs Ridge,san_antonio,san_antonio,San Antonio,292433.0388714403,293069.0686176389,0.21749585773659158
Cypress Cove,south_florida,fort_lauderdale,Pompano Beach,251925.94058852503,229162.01320941668,-9.03596006267932
Riverbrook,houston,houston,Conroe,287142.96342230984,304963.28180853365,6.206078732988113
Presidents Point,dfw,dallas,McKinney,368971.3188472932,356537.67438877275,-3.3698132682411535
Silver Lake,dfw,dallas,Grapevine,688305.0704627692,712467.9014666735,3.51048278456801
Overton West,dfw,fort_worth,Fort Worth,931169.8103876786,1026717.2294233586,10.261009105943874
Orange Grove Manors,south_florida,miami,Oakland Park,338843.95328949136,319707.81072621985,-5.647479430427536
Chase Run,houston,houston,Conroe,265728.96621423424,276170.1628433393,3.9292655136012704
Monterey on the Lake,south_florida,miami,Wellington,512193.8049420896,519517.1706244471,1.4298036430146825
South Sanger,dfw,dallas,Sanger,209863.97482916937,198462.89991519816,-5.4326022001878895
Hillcrest,tampa,tampa,Clearwater,403774.6065619951,442926.5309152409,9.696480094825978
Royal Lakes,south_florida,miami,Miami Lakes,895467.8180285268,876861.7965289567,-2.0777990146573173
Oak Park,houston,houston,Texas City,180425.13990128468,182796.6883469269,1.3144223953157324
Convair Oaks Estates,dfw,dallas,White Settlement,207041.439612795,202437.89424754627,-2.2234898355895245
Coral Trace,south_florida,miami,Delray Beach,407368.9543120045,407881.2005366403,0.1257450326574161
Parkwood,dfw,fort_worth,Keller,444526.82473424054,484580.99942695425,9.010519155207342
Fairway Vista,dfw,dallas,Carrollton,465948.9195489411,459524.6516237672,-1.3787493984089139
Tanglewood,tampa,tampa,Saint Petersburg,893963.4489837252,870115.4497914183,-2.6676704980967343
Cambridge Estates,dfw,dallas,Carrollton,501468.6522122989,499506.2459433883,-0.3913317931745353
Bonds Ranch,dfw,fort_worth,Fort Worth,554009.2801045367,569957.5580296044,2.8787023065856223
Jenkins Heights - Crest Ridge,dfw,fort_worth,Fort Worth,230714.63398903585,228750.50266188732,-0.8513249867114486
Wooded Creek,dfw,dallas,Wylie,470090.9762060173,463727.0074500998,-1.3537738603875047
Kensington Estates,dfw,dallas,Corinth,597112.8257937044,614149.9491907881,2.85325028388686
Silver Ridge,dfw,fort_worth,Fort Worth,342580.8686632386,338500.02458650916,-1.1912060625723264
Creekbend,austin,austin,Round Rock,370316.2588915984,371892.40180662903,0.42562077067537835
Emerald Lake,dfw,dallas,Garland,539113.7598548628,579570.184113735,7.504246278144268
Hillcrest Shores,dfw,dallas,Rockwall,513519.9501217189,523415.33294835844,1.9269714495598518
Crestview,dfw,dallas,Prosper,897078.198995431,866485.5666495345,-3.41025257108631
Heritage Meadows,houston,houston,Katy,294100.072074481,291842.9168651636,-0.7674786318127016
Waterview at Enchanted Bay,dfw,fort_worth,Fort Worth,323303.1650260562,316602.1290780188,-2.072678734059805
Madison Place,dfw,dallas,Hurst,627333.8427962724,651216.3743686342,3.806989188708207
Country Brook,dfw,dallas,Garland,316416.6348993389,314821.7298941929,-0.5040521986631257
Westview Highlands,dfw,dallas,White Settlement,170165.24068493815,153533.719921211,-9.773747386236469
North Ridge,dfw,fort_worth,Mansfield,262626.7074798932,256193.18468582936,-2.4496833759972287
Chapel Hill,dfw,dallas,Prosper,746670.6653032362,777950.1659313348,4.189196399646349
Northview Hills,tampa,tampa,Tampa,219774.20149956737,233891.5514729785,6.4235701356598565
Oakwood Park,dfw,dallas,Hurst,271451.5785954864,275445.58429487445,1.471351067491804
Danubina,houston,houston,Baytown,178193.52617977656,176662.67362960672,-0.859095491844849
Woodbridge Lakes,orlando,orlando,Lake Mary,517568.1566193109,562757.8610252752,8.73116010481357
The Landings at Bell Lake,tampa,tampa,Land O Lakes,481125.6244335808,504918.35668121517,4.945222419954263
Tarrant,dfw,fort_worth,Burleson,244825.8478029596,230325.53481769457,-5.922705104624059
Sleepy Hollow,dfw,dallas,Ennis,339407.68336406624,340650.14909217425,0.3660688278453854
Towngate,dfw,dallas,Garland,220035.7811847014,213000.28672126765,-3.1974319929030286
Casa Linda,dfw,dallas,Ennis,239368.9195600627,236784.36623008846,-1.079736389638388
Teas Lake,houston,houston,Conroe,259150.377114299,258088.22163209107,-0.409860673958986
Cedar Ridge,dfw,dallas,Prosper,601372.3751501116,587492.1121745657,-2.308097868991941
Sanctuary,south_florida,miami,Palm Beach Gardens,994934.6644411202,918915.5141436461,-7.640617320351984
Waterfall Crossing,dfw,dallas,Richardson,176475.17917683363,175360.95068067082,-0.6313797222703547
145 Association,san_antonio,san_antonio,San Antonio,212690.639460596,208234.12465738915,-2.095303683560777
Emerson Estates,houston,houston,Conroe,184351.9797247701,184811.26489333392,0.24913492616109928
Bayview Estates,dfw,dallas,Rowlett,413299.1208761944,410418.2072237744,-0.6970529350056315
Hurst Terrace,dfw,dallas,Hurst,240408.7395825371,238977.55457961332,-0.5953132175681218
Quail Hollow,orlando,orlando,Kissimmee,335505.18873270793,323352.8561573316,-3.622099741967897
Timberknoll Estates,dfw,fort_worth,Keller,682351.3615205934,654481.4775106045,-4.084389008601362
The Crossbow,south_florida,miami,Davie,751377.0763554727,762921.3302228977,1.536412838600295
Towne North,dfw,dallas,Cleburne,226599.8262331873,225469.93944973047,-0.49862650039903544
Wilcox,dfw,dallas,McKinney,250686.91415925088,241793.8666949156,-3.547471751431708
Lofland Farms,dfw,dallas,Rockwall,347064.0411714728,366169.38461128436,5.504846706482114
Foxwood,tampa,tampa,Lutz,300373.0574381842,298775.8751702603,-0.531732866304959
Woodberry Estates,dfw,dallas,McKinney,415974.1702825594,407323.6575586018,-2.07957929649371
Sterling Manor,tampa,tampa,Saint Petersburg,602460.1580811087,601082.3508944286,-0.2286968139218684
Countryside Meadows,south_florida,miami,Boynton Beach,877911.5896188595,849298.7486850386,-3.2591938951669293
Lonesome Dove Estates,dfw,dallas,Southlake,968433.7995820922,988427.0454127007,2.064492775782527
Virginia Woods,dfw,dallas,McKinney,571190.1879250287,575364.8853254464,0.7308769458353497
Spring Park Village,houston,houston,Spring,280030.2567419231,285005.2963715914,1.776607887858812
Bel Air of Josey Ranch,dfw,dallas,Carrollton,563675.9122411581,564614.3689868812,0.1664887083771011
Eastwood Acres,tampa,tampa,Holiday,190756.00638734756,198351.5584292246,3.9818154016359344
Vista Ridge,dfw,fort_worth,Fort Worth,607495.8646104153,632528.3175051886,4.120596427570177
Ridgecrest,dfw,dallas,Greenville,221199.2056830357,226865.39489746388,2.5615775594363908
Woller Creek,san_antonio,san_antonio,San Antonio,255188.65265986175,239318.51453192774,-6.218982686932852
Stirling Lake,south_florida,miami,Davie,473907.5267023104,487390.9824655964,2.845165987784731
Lakeview Park,south_florida,miami,Riviera Beach,341709.79975809815,334338.17357260553,-2.1572767859485165
Forest River Estates,houston,houston,Channelview,221075.57413374225,249547.53102286704,12.878834308443476
Richardson Crossing,dfw,dallas,Richardson,186256.9467082117,175505.01874441066,-5.77263192263369
Harbor Drive,south_florida,fort_lauderdale,Fort Lauderdale,961183.580730858,920869.6326174742,-4.194198581995148
Creek Hollow,dfw,dallas,Wylie,373129.43655980914,364991.37517400755,-2.1810290447285925
English Estates,dfw,dallas,Garland,247871.6118119521,229892.52236657657,-7.253387878485815
Timbercreek,houston,houston,Lake Jackson,512395.8544710109,521153.3273127007,1.7091225007530246
Highlands,dfw,fort_worth,Fort Worth,552285.9908108683,571713.1347413047,3.5175876726319526
Silver Ridge,tampa,tampa,Spring Hill,305568.2904461932,295025.7339959324,-3.4501474072674494
Lakes on the Green,south_florida,miami,Hialeah,695894.0649940382,698320.4949324498,0.34867806185879174
Oak Hollow,houston,houston,Sugar Land,376599.7175922566,376316.8433154068,-0.07511271613752446
Hidden Pines,south_florida,miami,Wellington,357153.1026413403,354862.478108462,-0.6413564703590353
Costa Verde,south_florida,miami,Doral,730602.0873049417,748327.7180677649,2.4261675501379676
Northwood Estates,houston,houston,Lake Jackson,502591.3795105692,520564.79825440067,3.576149428057089
Key Vista,tampa,tampa,Holiday,397743.33527196647,406491.51748371916,2.199454129324609
La Salle Crossing,houston,houston,Conroe,267723.3265870255,269927.47295137745,0.8232926104911119
Lake in the Woods,tampa,tampa,Spring Hill,473536.5280608569,465679.2322602738,-1.6592797672354647
Mariners Pass,tampa,tampa,Saint Petersburg,344876.05475060415,329981.2251305478,-4.318893531424633
The Shires,tampa,tampa,Westchase,568610.3461918627,570678.191426924,0.3636664807297596
Leedy Estates,houston,houston,Manvel,361951.0540520197,372670.19248954795,2.961488388423829
Tampa Downs Heights,tampa,tampa,Wesley Chapel,327137.4447522468,339420.88429490314,3.7548253004051726
Pointe West,houston,houston,Galveston,459716.1097650493,421033.1392198607,-8.414534475408876
Enclave,tampa,tampa,Westchase,448363.5707464551,446317.03104736155,-0.4564464717074108
Ivy Glen,dfw,dallas,Grand Prairie,418628.7957605186,436345.78057284193,4.232146711297557
The Preserve,south_florida,miami,Wellington,868443.0232797946,844940.417939871,-2.706292146969276
Encino Bluff,san_antonio,san_antonio,San Antonio,298621.9137404841,292942.7255251866,-1.9017988814554985
Skyline Ranch,dfw,fort_worth,Fort Worth,392436.37066888233,396266.0762676532,0.9758793743412184
Omega Bay,houston,houston,La Marque,403873.3221368667,408991.1610352964,1.2671891451882888
Brookville,dfw,dallas,Forney,275842.4102738702,262921.35672596423,-4.684215721243633
Brittany Place,dfw,fort_worth,Fort Worth,333179.24401756644,341374.13606320746,2.459604610066575
Innisbrook Place,dfw,fort_worth,Fort Worth,330581.2909764167,325580.6302848496,-1.5126871447555257
Canyon Creek Village,san_antonio,san_antonio,San Antonio,259213.7290486372,261325.94125847716,0.8148535255413243
Parkview Townhomes,dfw,dallas,Grand Prairie,267485.5736742392,250039.53881691492,-6.522233934967714
Lakeshore Village,dfw,dallas,Grand Prairie,357479.3543387179,350447.2575144674,-1.9671336928698384
Uni Ville,tampa,tampa,New Port Richey,190644.2068670379,194357.0607675802,1.9475304083757372
Spring Branch Acres,dfw,dallas,Springtown,259240.8919975531,270500.13544033206,4.343158733956695
Eastridge,dfw,dallas,Wylie,328674.470155304,319965.4081773003,-2.6497531049151877
Gold Vue Estates,south_florida,miami,Doral,888096.9584500304,874406.7370237411,-1.5415232870724427
Crosby Village,houston,houston,Crosby,251415.0233646561,249811.21340909813,-0.6379133331391231
South Cove,tampa,tampa,Riverview,339754.9636790766,341012.9915237456,0.37027504500487757
Southgate,dfw,dallas,Ennis,240089.29359149365,237037.9323147277,-1.2709276749165606
Hills of Hays,austin,austin,San Marcos,232341.07789692635,217104.16743273445,-6.557992500556212
Oakhill,dfw,dallas,Allen,297851.1724520347,291373.10200138757,-2.1749353535582827
Lakeview,dfw,fort_worth,Fort Worth,380877.3530582781,397669.53845058987,4.40881697414611
Vistas of Encino Park,san_antonio,san_antonio,San Antonio,356976.8317451496,359538.64526638633,0.717641396701514
Hill 'n Dale,tampa,tampa,Brooksville,205041.4005521699,205929.1490142739,0.43296059220885524
Solana Ridge Homeowners - People Active in Community Effort,san_antonio,san_antonio,San Antonio,240198.18210981417,246701.89478296094,2.7076444192959777
The Landing,dfw,fort_worth,Fort Worth,334991.0458444766,338871.73955301335,1.158446996323118
Rosemary Ridge,dfw,dallas,Crowley,296827.2923105786,283329.66669969994,-4.5472993759467695
Park Air Estates,dfw,dallas,Cleburne,218544.77508600964,213245.6051099436,-2.4247525359416717
Quail Hollow Village,tampa,tampa,Wesley Chapel,336698.5155786008,338184.3958887881,0.44130883904666895
Watergrass,tampa,tampa,Wesley Chapel,390226.439565221,384159.843768652,-1.5546347406209182
Parkwood Isle,south_florida,miami,Davie,640324.9109586807,605283.5835838396,-5.472429195730956
Seminole Pines,tampa,tampa,Seminole,339152.29703141656,341466.4179224806,0.6823249942045042
Mallard Cove,dfw,fort_worth,Fort Worth,310953.451241005,310212.02486704744,-0.23843645117895673
Woodland Creek,dfw,dallas,Royse City,296599.8884583361,291407.5296177885,-1.7506273746549295
Enclave at Breckinridge,dfw,dallas,Richardson,563848.0643995571,559914.5142862367,-0.6976258963501446
Grayhawk,dfw,dallas,Forney,472754.9424375149,473878.7231354166,0.23770892634301036
The Springs at Stone Oak-Stone Oak,san_antonio,san_antonio,San Antonio,433739.35160977347,452862.8807792219,4.408991044615539
Diamond Creek,dfw,dallas,Forney,306874.6734900286,292137.1984701093,-4.802440961423344
McCalls,dfw,dallas,Weatherford,332942.7474805217,330860.8669431342,-0.6252968575353174
Laguna Vista,dfw,dallas,Grapevine,484824.3974422572,521600.3024283397,7.585407248500226
Parks of Carrollton,dfw,dallas,Carrollton,522244.8001120367,570132.542178248,9.169596720912883
Enchanted Estates,dfw,dallas,Grand Prairie,322960.8303950967,319757.0475192781,-0.9920035416986125
Russ Lo Valley,dfw,dallas,Benbrook,313526.0851839362,308867.37058442854,-1.4859097279814861
Lakeshore Parks Estates,dfw,dallas,Rowlett,394582.4599160112,382356.3234432934,-3.098499734458595
Cheyenne,houston,houston,Dickinson,224635.5188398195,230889.38874170213,2.784007593359297
Ridgeview,dfw,dallas,Grand Prairie,333204.5678713799,325177.2577806645,-2.4091236629787236
Original Town,dfw,dallas,Midlothian,252921.60691395437,248397.27385589536,-1.7888282117384382
Clearview Estates,dfw,dallas,Allen,439809.2756701354,438659.40324749245,-0.2614479698935163
Amber Fields,dfw,dallas,Forney,268651.52655407705,250266.26748775624,-6.84353418800322
Isles at Grand Bay,south_florida,miami,Doral,850433.4761829288,838245.082549102,-1.4331977720976992
Windchase,dfw,dallas,Waxahachie,311729.0285782363,308016.8804069882,-1.1908253101030761
Owens Oak,dfw,dallas,Hurst,344577.85493930994,361787.88746925595,4.994526573095415
Parra Linda Estates,dfw,dallas,Grapevine,459971.3996684307,522872.782332486,13.675063864709339
Roseville Corner,orlando,orlando,Kissimmee,555847.8831037302,562125.110749446,1.1293067467784856
Eagle Mountain View,dfw,dallas,Azle,223158.39906930065,222286.3735485956,-0.3907652700242902
Highland Oaks,dfw,dallas,Greenville,265255.0077197922,253556.50169912924,-4.410286584681909
Rustic Meadows,dfw,dallas,Royse City,233487.7922129054,236348.89474351142,1.2253756410515637
Summerset Estates,houston,houston,Conroe,211937.47763731412,205469.01726417907,-3.0520606573436924
Sanctuary,tampa,tampa,Riverview,341271.99989980593,346581.57472520263,1.5558190613222127
